nohup: ignoring input
INFO:     Started server process [296715]
INFO:     Waiting for application startup.
INFO:     Application startup complete.
INFO:     Uvicorn running on http://0.0.0.0:3002 (Press CTRL+C to quit)
Backend URL: http://localhost:3000
Device: cpu
YOLO detector loaded.
segment-anything not available.
Falling back to default species list

[W1221 13:30:28.032960149 NNPACK.cpp:56] Could not initialize NNPACK! Reason: Unsupported hardware.
[W1221 13:30:28.039218924 NNPACK.cpp:56] Could not initialize NNPACK! Reason: Unsupported hardware.
[W1221 13:30:28.043718036 NNPACK.cpp:56] Could not initialize NNPACK! Reason: Unsupported hardware.
[W1221 13:30:28.050413349 NNPACK.cpp:56] Could not initialize NNPACK! Reason: Unsupported hardware.
[W1221 13:30:28.054520072 NNPACK.cpp:56] Could not initialize NNPACK! Reason: Unsupported hardware.
[W1221 13:30:28.060619588 NNPACK.cpp:56] Could not initialize NNPACK! Reason: Unsupported hardware.
[W1221 13:30:28.064528453 NNPACK.cpp:56] Could not initialize NNPACK! Reason: Unsupported hardware.
[W1221 13:30:28.067925320 NNPACK.cpp:56] Could not initialize NNPACK! Reason: Unsupported hardware.
[W1221 13:30:28.068788716 NNPACK.cpp:56] Could not initialize NNPACK! Reason: Unsupported hardware.
[W1221 13:30:28.074975162 NNPACK.cpp:56] Could not initialize NNPACK! Reason: Unsupported hardware.
[W1221 13:30:28.077327842 NNPACK.cpp:56] Could not initialize NNPACK! Reason: Unsupported hardware.
[W1221 13:30:28.081384336 NNPACK.cpp:56] Could not initialize NNPACK! Reason: Unsupported hardware.
[W1221 13:30:28.083795737 NNPACK.cpp:56] Could not initialize NNPACK! Reason: Unsupported hardware.
[W1221 13:30:28.088437798 NNPACK.cpp:56] Could not initialize NNPACK! Reason: Unsupported hardware.
[W1221 13:30:29.091134568 NNPACK.cpp:56] Could not initialize NNPACK! Reason: Unsupported hardware.
[W1221 13:30:29.094478754 NNPACK.cpp:56] Could not initialize NNPACK! Reason: Unsupported hardware.
[W1221 13:30:29.096927174 NNPACK.cpp:56] Could not initialize NNPACK! Reason: Unsupported hardware.
[W1221 13:30:29.100199151 NNPACK.cpp:56] Could not initialize NNPACK! Reason: Unsupported hardware.
[W1221 13:30:29.109812744 NNPACK.cpp:56] Could not initialize NNPACK! Reason: Unsupported hardware.
[W1221 13:30:29.123383860 NNPACK.cpp:56] Could not initialize NNPACK! Reason: Unsupported hardware.
[W1221 13:30:29.128699168 NNPACK.cpp:56] Could not initialize NNPACK! Reason: Unsupported hardware.
[W1221 13:30:29.134260247 NNPACK.cpp:56] Could not initialize NNPACK! Reason: Unsupported hardware.
[W1221 13:30:29.136199639 NNPACK.cpp:56] Could not initialize NNPACK! Reason: Unsupported hardware.
[W1221 13:30:29.137389035 NNPACK.cpp:56] Could not initialize NNPACK! Reason: Unsupported hardware.
[W1221 13:30:29.140302973 NNPACK.cpp:56] Could not initialize NNPACK! Reason: Unsupported hardware.
[W1221 13:30:29.145684702 NNPACK.cpp:56] Could not initialize NNPACK! Reason: Unsupported hardware.
0: 448x640 1 person, 1 dog, 132.7ms
Speed: 10.1ms preprocess, 132.7ms inference, 2.8ms postprocess per image at shape (1, 3, 448, 640)
INFO:     127.0.0.1:57402 - "POST /identify HTTP/1.1" 200 OK
Falling back to default species list

[W1228 10:04:52.138419542 NNPACK.cpp:56] Could not initialize NNPACK! Reason: Unsupported hardware.
[W1228 10:04:52.147605439 NNPACK.cpp:56] Could not initialize NNPACK! Reason: Unsupported hardware.
[W1228 10:04:52.154472964 NNPACK.cpp:56] Could not initialize NNPACK! Reason: Unsupported hardware.
[W1228 10:04:52.163895973 NNPACK.cpp:56] Could not initialize NNPACK! Reason: Unsupported hardware.
[W1228 10:04:52.170090512 NNPACK.cpp:56] Could not initialize NNPACK! Reason: Unsupported hardware.
[W1228 10:04:52.178551671 NNPACK.cpp:56] Could not initialize NNPACK! Reason: Unsupported hardware.
[W1228 10:04:52.184185395 NNPACK.cpp:56] Could not initialize NNPACK! Reason: Unsupported hardware.
[W1228 10:04:52.189628047 NNPACK.cpp:56] Could not initialize NNPACK! Reason: Unsupported hardware.
[W1228 10:04:52.191022110 NNPACK.cpp:56] Could not initialize NNPACK! Reason: Unsupported hardware.
[W1228 10:04:52.199353879 NNPACK.cpp:56] Could not initialize NNPACK! Reason: Unsupported hardware.
[W1228 10:04:52.202698960 NNPACK.cpp:56] Could not initialize NNPACK! Reason: Unsupported hardware.
[W1228 10:04:52.208485724 NNPACK.cpp:56] Could not initialize NNPACK! Reason: Unsupported hardware.
[W1228 10:04:52.210827356 NNPACK.cpp:56] Could not initialize NNPACK! Reason: Unsupported hardware.
[W1228 10:04:52.218104806 NNPACK.cpp:56] Could not initialize NNPACK! Reason: Unsupported hardware.
[W1228 10:04:52.222084333 NNPACK.cpp:56] Could not initialize NNPACK! Reason: Unsupported hardware.
[W1228 10:04:52.227260403 NNPACK.cpp:56] Could not initialize NNPACK! Reason: Unsupported hardware.
[W1228 10:04:52.231053049 NNPACK.cpp:56] Could not initialize NNPACK! Reason: Unsupported hardware.
[W1228 10:04:52.236530110 NNPACK.cpp:56] Could not initialize NNPACK! Reason: Unsupported hardware.
[W1228 10:04:52.250508062 NNPACK.cpp:56] Could not initialize NNPACK! Reason: Unsupported hardware.
[W1228 10:04:52.269712564 NNPACK.cpp:56] Could not initialize NNPACK! Reason: Unsupported hardware.
[W1228 10:04:52.276476497 NNPACK.cpp:56] Could not initialize NNPACK! Reason: Unsupported hardware.
[W1228 10:04:52.284345092 NNPACK.cpp:56] Could not initialize NNPACK! Reason: Unsupported hardware.
[W1228 10:04:52.288075017 NNPACK.cpp:56] Could not initialize NNPACK! Reason: Unsupported hardware.
[W1228 10:04:52.292157616 NNPACK.cpp:56] Could not initialize NNPACK! Reason: Unsupported hardware.
[W1228 10:04:52.294778300 NNPACK.cpp:56] Could not initialize NNPACK! Reason: Unsupported hardware.
0: 640x640 (no detections), 172.6ms
Speed: 7.5ms preprocess, 172.6ms inference, 0.9ms postprocess per image at shape (1, 3, 640, 640)
INFO:     127.0.0.1:48638 - "POST /identify HTTP/1.1" 200 OK
Falling back to default species list

[W1228 10:05:05.656642133 NNPACK.cpp:56] Could not initialize NNPACK! Reason: Unsupported hardware.
[W1228 10:05:05.663969722 NNPACK.cpp:56] Could not initialize NNPACK! Reason: Unsupported hardware.
[W1228 10:05:05.670271061 NNPACK.cpp:56] Could not initialize NNPACK! Reason: Unsupported hardware.
[W1228 10:05:05.679020454 NNPACK.cpp:56] Could not initialize NNPACK! Reason: Unsupported hardware.
[W1228 10:05:05.684455886 NNPACK.cpp:56] Could not initialize NNPACK! Reason: Unsupported hardware.
[W1228 10:05:05.692178448 NNPACK.cpp:56] Could not initialize NNPACK! Reason: Unsupported hardware.
[W1228 10:05:05.697046874 NNPACK.cpp:56] Could not initialize NNPACK! Reason: Unsupported hardware.
[W1228 10:05:05.701167793 NNPACK.cpp:56] Could not initialize NNPACK! Reason: Unsupported hardware.
[W1228 10:05:05.702285863 NNPACK.cpp:56] Could not initialize NNPACK! Reason: Unsupported hardware.
[W1228 10:05:05.710427040 NNPACK.cpp:56] Could not initialize NNPACK! Reason: Unsupported hardware.
[W1228 10:05:05.713341428 NNPACK.cpp:56] Could not initialize NNPACK! Reason: Unsupported hardware.
[W1228 10:05:05.718954781 NNPACK.cpp:56] Could not initialize NNPACK! Reason: Unsupported hardware.
[W1228 10:05:05.721231512 NNPACK.cpp:56] Could not initialize NNPACK! Reason: Unsupported hardware.
[W1228 10:05:05.727849074 NNPACK.cpp:56] Could not initialize NNPACK! Reason: Unsupported hardware.
[W1228 10:05:05.731423438 NNPACK.cpp:56] Could not initialize NNPACK! Reason: Unsupported hardware.
[W1228 10:05:05.736110732 NNPACK.cpp:56] Could not initialize NNPACK! Reason: Unsupported hardware.
[W1228 10:05:05.739130211 NNPACK.cpp:56] Could not initialize NNPACK! Reason: Unsupported hardware.
[W1228 10:05:05.743508402 NNPACK.cpp:56] Could not initialize NNPACK! Reason: Unsupported hardware.
[W1228 10:05:05.756829948 NNPACK.cpp:56] Could not initialize NNPACK! Reason: Unsupported hardware.
[W1228 10:05:05.775091290 NNPACK.cpp:56] Could not initialize NNPACK! Reason: Unsupported hardware.
[W1228 10:05:05.781322669 NNPACK.cpp:56] Could not initialize NNPACK! Reason: Unsupported hardware.
[W1228 10:05:05.788526667 NNPACK.cpp:56] Could not initialize NNPACK! Reason: Unsupported hardware.
[W1228 10:05:05.791108821 NNPACK.cpp:56] Could not initialize NNPACK! Reason: Unsupported hardware.
[W1228 10:05:05.794069879 NNPACK.cpp:56] Could not initialize NNPACK! Reason: Unsupported hardware.
[W1228 10:05:05.795821535 NNPACK.cpp:56] Could not initialize NNPACK! Reason: Unsupported hardware.
0: 640x640 (no detections), 150.8ms
Speed: 2.1ms preprocess, 150.8ms inference, 0.5ms postprocess per image at shape (1, 3, 640, 640)
INFO:     127.0.0.1:59332 - "POST /identify HTTP/1.1" 200 OK
Falling back to default species list

[W1228 10:05:19.119432703 NNPACK.cpp:56] Could not initialize NNPACK! Reason: Unsupported hardware.
[W1228 10:05:19.128661730 NNPACK.cpp:56] Could not initialize NNPACK! Reason: Unsupported hardware.
[W1228 10:05:19.137517063 NNPACK.cpp:56] Could not initialize NNPACK! Reason: Unsupported hardware.
[W1228 10:05:19.148309045 NNPACK.cpp:56] Could not initialize NNPACK! Reason: Unsupported hardware.
[W1228 10:05:19.153727475 NNPACK.cpp:56] Could not initialize NNPACK! Reason: Unsupported hardware.
[W1228 10:05:19.161520319 NNPACK.cpp:56] Could not initialize NNPACK! Reason: Unsupported hardware.
[W1228 10:05:19.166310854 NNPACK.cpp:56] Could not initialize NNPACK! Reason: Unsupported hardware.
[W1228 10:05:19.170413953 NNPACK.cpp:56] Could not initialize NNPACK! Reason: Unsupported hardware.
[W1228 10:05:19.171515453 NNPACK.cpp:56] Could not initialize NNPACK! Reason: Unsupported hardware.
[W1228 10:05:19.179533478 NNPACK.cpp:56] Could not initialize NNPACK! Reason: Unsupported hardware.
[W1228 10:05:19.182501747 NNPACK.cpp:56] Could not initialize NNPACK! Reason: Unsupported hardware.
[W1228 10:05:19.188098399 NNPACK.cpp:56] Could not initialize NNPACK! Reason: Unsupported hardware.
[W1228 10:05:19.190282380 NNPACK.cpp:56] Could not initialize NNPACK! Reason: Unsupported hardware.
[W1228 10:05:19.196734820 NNPACK.cpp:56] Could not initialize NNPACK! Reason: Unsupported hardware.
[W1228 10:05:19.200235064 NNPACK.cpp:56] Could not initialize NNPACK! Reason: Unsupported hardware.
[W1228 10:05:19.204811156 NNPACK.cpp:56] Could not initialize NNPACK! Reason: Unsupported hardware.
[W1228 10:05:19.207832554 NNPACK.cpp:56] Could not initialize NNPACK! Reason: Unsupported hardware.
[W1228 10:05:19.212247877 NNPACK.cpp:56] Could not initialize NNPACK! Reason: Unsupported hardware.
[W1228 10:05:19.225466530 NNPACK.cpp:56] Could not initialize NNPACK! Reason: Unsupported hardware.
[W1228 10:05:19.243650731 NNPACK.cpp:56] Could not initialize NNPACK! Reason: Unsupported hardware.
[W1228 10:05:19.249795049 NNPACK.cpp:56] Could not initialize NNPACK! Reason: Unsupported hardware.
[W1228 10:05:19.256506563 NNPACK.cpp:56] Could not initialize NNPACK! Reason: Unsupported hardware.
[W1228 10:05:19.259061797 NNPACK.cpp:56] Could not initialize NNPACK! Reason: Unsupported hardware.
[W1228 10:05:19.261969795 NNPACK.cpp:56] Could not initialize NNPACK! Reason: Unsupported hardware.
[W1228 10:05:19.263675760 NNPACK.cpp:56] Could not initialize NNPACK! Reason: Unsupported hardware.
0: 640x640 (no detections), 156.7ms
Speed: 3.2ms preprocess, 156.7ms inference, 0.5ms postprocess per image at shape (1, 3, 640, 640)
INFO:     127.0.0.1:57196 - "POST /identify HTTP/1.1" 200 OK
Falling back to default species list

[W1228 10:05:32.530581640 NNPACK.cpp:56] Could not initialize NNPACK! Reason: Unsupported hardware.
[W1228 10:05:32.537938880 NNPACK.cpp:56] Could not initialize NNPACK! Reason: Unsupported hardware.
[W1228 10:05:32.545195427 NNPACK.cpp:56] Could not initialize NNPACK! Reason: Unsupported hardware.
[W1228 10:05:32.555113010 NNPACK.cpp:56] Could not initialize NNPACK! Reason: Unsupported hardware.
[W1228 10:05:32.560781524 NNPACK.cpp:56] Could not initialize NNPACK! Reason: Unsupported hardware.
[W1228 10:05:32.568829369 NNPACK.cpp:56] Could not initialize NNPACK! Reason: Unsupported hardware.
[W1228 10:05:32.573808947 NNPACK.cpp:56] Could not initialize NNPACK! Reason: Unsupported hardware.
[W1228 10:05:32.578270628 NNPACK.cpp:56] Could not initialize NNPACK! Reason: Unsupported hardware.
[W1228 10:05:32.579430410 NNPACK.cpp:56] Could not initialize NNPACK! Reason: Unsupported hardware.
[W1228 10:05:32.587760728 NNPACK.cpp:56] Could not initialize NNPACK! Reason: Unsupported hardware.
[W1228 10:05:32.591049618 NNPACK.cpp:56] Could not initialize NNPACK! Reason: Unsupported hardware.
[W1228 10:05:32.596783742 NNPACK.cpp:56] Could not initialize NNPACK! Reason: Unsupported hardware.
[W1228 10:05:32.599149424 NNPACK.cpp:56] Could not initialize NNPACK! Reason: Unsupported hardware.
[W1228 10:05:32.606174410 NNPACK.cpp:56] Could not initialize NNPACK! Reason: Unsupported hardware.
[W1228 10:05:32.609890465 NNPACK.cpp:56] Could not initialize NNPACK! Reason: Unsupported hardware.
[W1228 10:05:32.614735120 NNPACK.cpp:56] Could not initialize NNPACK! Reason: Unsupported hardware.
[W1228 10:05:32.617904361 NNPACK.cpp:56] Could not initialize NNPACK! Reason: Unsupported hardware.
[W1228 10:05:32.622377062 NNPACK.cpp:56] Could not initialize NNPACK! Reason: Unsupported hardware.
[W1228 10:05:32.635661067 NNPACK.cpp:56] Could not initialize NNPACK! Reason: Unsupported hardware.
[W1228 10:05:32.653985229 NNPACK.cpp:56] Could not initialize NNPACK! Reason: Unsupported hardware.
[W1228 10:05:32.660140607 NNPACK.cpp:56] Could not initialize NNPACK! Reason: Unsupported hardware.
[W1228 10:05:32.667113042 NNPACK.cpp:56] Could not initialize NNPACK! Reason: Unsupported hardware.
[W1228 10:05:32.669708147 NNPACK.cpp:56] Could not initialize NNPACK! Reason: Unsupported hardware.
[W1228 10:05:32.672691705 NNPACK.cpp:56] Could not initialize NNPACK! Reason: Unsupported hardware.
[W1228 10:05:32.674468602 NNPACK.cpp:56] Could not initialize NNPACK! Reason: Unsupported hardware.
0: 640x640 (no detections), 154.1ms
Speed: 3.5ms preprocess, 154.1ms inference, 0.5ms postprocess per image at shape (1, 3, 640, 640)
INFO:     127.0.0.1:46030 - "POST /identify HTTP/1.1" 200 OK
Falling back to default species list

[W1228 10:05:45.468264661 NNPACK.cpp:56] Could not initialize NNPACK! Reason: Unsupported hardware.
[W1228 10:05:45.475755822 NNPACK.cpp:56] Could not initialize NNPACK! Reason: Unsupported hardware.
[W1228 10:05:45.482071351 NNPACK.cpp:56] Could not initialize NNPACK! Reason: Unsupported hardware.
[W1228 10:05:45.491055256 NNPACK.cpp:56] Could not initialize NNPACK! Reason: Unsupported hardware.
[W1228 10:05:45.496753739 NNPACK.cpp:56] Could not initialize NNPACK! Reason: Unsupported hardware.
[W1228 10:05:45.504683884 NNPACK.cpp:56] Could not initialize NNPACK! Reason: Unsupported hardware.
[W1228 10:05:45.509705950 NNPACK.cpp:56] Could not initialize NNPACK! Reason: Unsupported hardware.
[W1228 10:05:45.513968330 NNPACK.cpp:56] Could not initialize NNPACK! Reason: Unsupported hardware.
[W1228 10:05:45.515123561 NNPACK.cpp:56] Could not initialize NNPACK! Reason: Unsupported hardware.
[W1228 10:05:45.523339988 NNPACK.cpp:56] Could not initialize NNPACK! Reason: Unsupported hardware.
[W1228 10:05:45.526492978 NNPACK.cpp:56] Could not initialize NNPACK! Reason: Unsupported hardware.
[W1228 10:05:45.532217041 NNPACK.cpp:56] Could not initialize NNPACK! Reason: Unsupported hardware.
[W1228 10:05:45.534425352 NNPACK.cpp:56] Could not initialize NNPACK! Reason: Unsupported hardware.
[W1228 10:05:45.541334657 NNPACK.cpp:56] Could not initialize NNPACK! Reason: Unsupported hardware.
[W1228 10:05:45.544959311 NNPACK.cpp:56] Could not initialize NNPACK! Reason: Unsupported hardware.
[W1228 10:05:45.549673935 NNPACK.cpp:56] Could not initialize NNPACK! Reason: Unsupported hardware.
[W1228 10:05:45.552850255 NNPACK.cpp:56] Could not initialize NNPACK! Reason: Unsupported hardware.
[W1228 10:05:45.557401477 NNPACK.cpp:56] Could not initialize NNPACK! Reason: Unsupported hardware.
[W1228 10:05:45.571178126 NNPACK.cpp:56] Could not initialize NNPACK! Reason: Unsupported hardware.
[W1228 10:05:45.589992202 NNPACK.cpp:56] Could not initialize NNPACK! Reason: Unsupported hardware.
[W1228 10:05:45.596466524 NNPACK.cpp:56] Could not initialize NNPACK! Reason: Unsupported hardware.
[W1228 10:05:45.603524989 NNPACK.cpp:56] Could not initialize NNPACK! Reason: Unsupported hardware.
[W1228 10:05:45.606295045 NNPACK.cpp:56] Could not initialize NNPACK! Reason: Unsupported hardware.
[W1228 10:05:45.609278093 NNPACK.cpp:56] Could not initialize NNPACK! Reason: Unsupported hardware.
[W1228 10:05:45.611196421 NNPACK.cpp:56] Could not initialize NNPACK! Reason: Unsupported hardware.
0: 640x640 (no detections), 152.9ms
Speed: 2.2ms preprocess, 152.9ms inference, 0.6ms postprocess per image at shape (1, 3, 640, 640)
INFO:     127.0.0.1:58468 - "POST /identify HTTP/1.1" 200 OK
Falling back to default species list

[W1228 10:08:05.358520492 NNPACK.cpp:56] Could not initialize NNPACK! Reason: Unsupported hardware.
[W1228 10:08:05.366222342 NNPACK.cpp:56] Could not initialize NNPACK! Reason: Unsupported hardware.
[W1228 10:08:05.372566191 NNPACK.cpp:56] Could not initialize NNPACK! Reason: Unsupported hardware.
[W1228 10:08:05.381467533 NNPACK.cpp:56] Could not initialize NNPACK! Reason: Unsupported hardware.
[W1228 10:08:05.387053494 NNPACK.cpp:56] Could not initialize NNPACK! Reason: Unsupported hardware.
[W1228 10:08:05.394866116 NNPACK.cpp:56] Could not initialize NNPACK! Reason: Unsupported hardware.
[W1228 10:08:05.399766281 NNPACK.cpp:56] Could not initialize NNPACK! Reason: Unsupported hardware.
[W1228 10:08:05.403961469 NNPACK.cpp:56] Could not initialize NNPACK! Reason: Unsupported hardware.
[W1228 10:08:05.405116390 NNPACK.cpp:56] Could not initialize NNPACK! Reason: Unsupported hardware.
[W1228 10:08:05.413355896 NNPACK.cpp:56] Could not initialize NNPACK! Reason: Unsupported hardware.
[W1228 10:08:05.416400684 NNPACK.cpp:56] Could not initialize NNPACK! Reason: Unsupported hardware.
[W1228 10:08:05.422211757 NNPACK.cpp:56] Could not initialize NNPACK! Reason: Unsupported hardware.
[W1228 10:08:05.424443198 NNPACK.cpp:56] Could not initialize NNPACK! Reason: Unsupported hardware.
[W1228 10:08:05.431100809 NNPACK.cpp:56] Could not initialize NNPACK! Reason: Unsupported hardware.
[W1228 10:08:05.434780953 NNPACK.cpp:56] Could not initialize NNPACK! Reason: Unsupported hardware.
[W1228 10:08:05.439458386 NNPACK.cpp:56] Could not initialize NNPACK! Reason: Unsupported hardware.
[W1228 10:08:05.442505954 NNPACK.cpp:56] Could not initialize NNPACK! Reason: Unsupported hardware.
[W1228 10:08:05.446898275 NNPACK.cpp:56] Could not initialize NNPACK! Reason: Unsupported hardware.
[W1228 10:08:05.460158466 NNPACK.cpp:56] Could not initialize NNPACK! Reason: Unsupported hardware.
[W1228 10:08:05.478610886 NNPACK.cpp:56] Could not initialize NNPACK! Reason: Unsupported hardware.
[W1228 10:08:05.484981175 NNPACK.cpp:56] Could not initialize NNPACK! Reason: Unsupported hardware.
[W1228 10:08:05.491963518 NNPACK.cpp:56] Could not initialize NNPACK! Reason: Unsupported hardware.
[W1228 10:08:05.494651784 NNPACK.cpp:56] Could not initialize NNPACK! Reason: Unsupported hardware.
[W1228 10:08:05.497673881 NNPACK.cpp:56] Could not initialize NNPACK! Reason: Unsupported hardware.
[W1228 10:08:05.499630759 NNPACK.cpp:56] Could not initialize NNPACK! Reason: Unsupported hardware.
0: 640x640 (no detections), 150.9ms
Speed: 2.3ms preprocess, 150.9ms inference, 0.6ms postprocess per image at shape (1, 3, 640, 640)
INFO:     127.0.0.1:37876 - "POST /identify HTTP/1.1" 200 OK
Falling back to default species list

[W1228 10:08:19.191485353 NNPACK.cpp:56] Could not initialize NNPACK! Reason: Unsupported hardware.
[W1228 10:08:19.199029872 NNPACK.cpp:56] Could not initialize NNPACK! Reason: Unsupported hardware.
[W1228 10:08:19.205430681 NNPACK.cpp:56] Could not initialize NNPACK! Reason: Unsupported hardware.
[W1228 10:08:19.214415464 NNPACK.cpp:56] Could not initialize NNPACK! Reason: Unsupported hardware.
[W1228 10:08:19.219864423 NNPACK.cpp:56] Could not initialize NNPACK! Reason: Unsupported hardware.
[W1228 10:08:19.227807206 NNPACK.cpp:56] Could not initialize NNPACK! Reason: Unsupported hardware.
[W1228 10:08:19.232789622 NNPACK.cpp:56] Could not initialize NNPACK! Reason: Unsupported hardware.
[W1228 10:08:19.237138642 NNPACK.cpp:56] Could not initialize NNPACK! Reason: Unsupported hardware.
[W1228 10:08:19.238279763 NNPACK.cpp:56] Could not initialize NNPACK! Reason: Unsupported hardware.
[W1228 10:08:19.246563499 NNPACK.cpp:56] Could not initialize NNPACK! Reason: Unsupported hardware.
[W1228 10:08:19.249599966 NNPACK.cpp:56] Could not initialize NNPACK! Reason: Unsupported hardware.
[W1228 10:08:19.255275118 NNPACK.cpp:56] Could not initialize NNPACK! Reason: Unsupported hardware.
[W1228 10:08:19.257494028 NNPACK.cpp:56] Could not initialize NNPACK! Reason: Unsupported hardware.
[W1228 10:08:19.264460483 NNPACK.cpp:56] Could not initialize NNPACK! Reason: Unsupported hardware.
[W1228 10:08:19.268227508 NNPACK.cpp:56] Could not initialize NNPACK! Reason: Unsupported hardware.
[W1228 10:08:19.272944711 NNPACK.cpp:56] Could not initialize NNPACK! Reason: Unsupported hardware.
[W1228 10:08:19.276124010 NNPACK.cpp:56] Could not initialize NNPACK! Reason: Unsupported hardware.
[W1228 10:08:19.280649021 NNPACK.cpp:56] Could not initialize NNPACK! Reason: Unsupported hardware.
[W1228 10:08:19.294059845 NNPACK.cpp:56] Could not initialize NNPACK! Reason: Unsupported hardware.
[W1228 10:08:19.312784296 NNPACK.cpp:56] Could not initialize NNPACK! Reason: Unsupported hardware.
[W1228 10:08:19.319056054 NNPACK.cpp:56] Could not initialize NNPACK! Reason: Unsupported hardware.
[W1228 10:08:19.326224350 NNPACK.cpp:56] Could not initialize NNPACK! Reason: Unsupported hardware.
[W1228 10:08:19.328949434 NNPACK.cpp:56] Could not initialize NNPACK! Reason: Unsupported hardware.
[W1228 10:08:19.332067314 NNPACK.cpp:56] Could not initialize NNPACK! Reason: Unsupported hardware.
[W1228 10:08:19.333793078 NNPACK.cpp:56] Could not initialize NNPACK! Reason: Unsupported hardware.
0: 640x640 (no detections), 152.0ms
Speed: 2.2ms preprocess, 152.0ms inference, 0.5ms postprocess per image at shape (1, 3, 640, 640)
INFO:     127.0.0.1:53726 - "POST /identify HTTP/1.1" 200 OK
Falling back to default species list

[W1228 10:08:31.781869781 NNPACK.cpp:56] Could not initialize NNPACK! Reason: Unsupported hardware.
[W1228 10:08:31.789369150 NNPACK.cpp:56] Could not initialize NNPACK! Reason: Unsupported hardware.
[W1228 10:08:31.796368284 NNPACK.cpp:56] Could not initialize NNPACK! Reason: Unsupported hardware.
[W1228 10:08:31.805242466 NNPACK.cpp:56] Could not initialize NNPACK! Reason: Unsupported hardware.
[W1228 10:08:31.813413371 NNPACK.cpp:56] Could not initialize NNPACK! Reason: Unsupported hardware.
[W1228 10:08:31.821526875 NNPACK.cpp:56] Could not initialize NNPACK! Reason: Unsupported hardware.
[W1228 10:08:31.826519850 NNPACK.cpp:56] Could not initialize NNPACK! Reason: Unsupported hardware.
[W1228 10:08:31.830890861 NNPACK.cpp:56] Could not initialize NNPACK! Reason: Unsupported hardware.
[W1228 10:08:31.832098241 NNPACK.cpp:56] Could not initialize NNPACK! Reason: Unsupported hardware.
[W1228 10:08:31.840319967 NNPACK.cpp:56] Could not initialize NNPACK! Reason: Unsupported hardware.
[W1228 10:08:31.843293544 NNPACK.cpp:56] Could not initialize NNPACK! Reason: Unsupported hardware.
[W1228 10:08:31.849165748 NNPACK.cpp:56] Could not initialize NNPACK! Reason: Unsupported hardware.
[W1228 10:08:31.851793372 NNPACK.cpp:56] Could not initialize NNPACK! Reason: Unsupported hardware.
[W1228 10:08:31.858556464 NNPACK.cpp:56] Could not initialize NNPACK! Reason: Unsupported hardware.
[W1228 10:08:31.862198567 NNPACK.cpp:56] Could not initialize NNPACK! Reason: Unsupported hardware.
[W1228 10:08:31.866889491 NNPACK.cpp:56] Could not initialize NNPACK! Reason: Unsupported hardware.
[W1228 10:08:31.870157350 NNPACK.cpp:56] Could not initialize NNPACK! Reason: Unsupported hardware.
[W1228 10:08:31.874737372 NNPACK.cpp:56] Could not initialize NNPACK! Reason: Unsupported hardware.
[W1228 10:08:31.888180285 NNPACK.cpp:56] Could not initialize NNPACK! Reason: Unsupported hardware.
[W1228 10:08:31.906868387 NNPACK.cpp:56] Could not initialize NNPACK! Reason: Unsupported hardware.
[W1228 10:08:31.913059154 NNPACK.cpp:56] Could not initialize NNPACK! Reason: Unsupported hardware.
[W1228 10:08:31.919819045 NNPACK.cpp:56] Could not initialize NNPACK! Reason: Unsupported hardware.
[W1228 10:08:31.922422549 NNPACK.cpp:56] Could not initialize NNPACK! Reason: Unsupported hardware.
[W1228 10:08:31.925425217 NNPACK.cpp:56] Could not initialize NNPACK! Reason: Unsupported hardware.
[W1228 10:08:31.927173543 NNPACK.cpp:56] Could not initialize NNPACK! Reason: Unsupported hardware.
0: 640x640 (no detections), 155.0ms
Speed: 2.3ms preprocess, 155.0ms inference, 0.5ms postprocess per image at shape (1, 3, 640, 640)
INFO:     127.0.0.1:36858 - "POST /identify HTTP/1.1" 200 OK
Falling back to default species list

[W1228 10:08:45.349981561 NNPACK.cpp:56] Could not initialize NNPACK! Reason: Unsupported hardware.
[W1228 10:08:45.357289558 NNPACK.cpp:56] Could not initialize NNPACK! Reason: Unsupported hardware.
[W1228 10:08:45.363570925 NNPACK.cpp:56] Could not initialize NNPACK! Reason: Unsupported hardware.
[W1228 10:08:45.372329406 NNPACK.cpp:56] Could not initialize NNPACK! Reason: Unsupported hardware.
[W1228 10:08:45.378539143 NNPACK.cpp:56] Could not initialize NNPACK! Reason: Unsupported hardware.
[W1228 10:08:45.386257074 NNPACK.cpp:56] Could not initialize NNPACK! Reason: Unsupported hardware.
[W1228 10:08:45.391114228 NNPACK.cpp:56] Could not initialize NNPACK! Reason: Unsupported hardware.
[W1228 10:08:45.395208295 NNPACK.cpp:56] Could not initialize NNPACK! Reason: Unsupported hardware.
[W1228 10:08:45.396331356 NNPACK.cpp:56] Could not initialize NNPACK! Reason: Unsupported hardware.
[W1228 10:08:45.405374118 NNPACK.cpp:56] Could not initialize NNPACK! Reason: Unsupported hardware.
[W1228 10:08:45.408795300 NNPACK.cpp:56] Could not initialize NNPACK! Reason: Unsupported hardware.
[W1228 10:08:45.414470832 NNPACK.cpp:56] Could not initialize NNPACK! Reason: Unsupported hardware.
[W1228 10:08:45.416684732 NNPACK.cpp:56] Could not initialize NNPACK! Reason: Unsupported hardware.
[W1228 10:08:45.424159829 NNPACK.cpp:56] Could not initialize NNPACK! Reason: Unsupported hardware.
[W1228 10:08:45.427781243 NNPACK.cpp:56] Could not initialize NNPACK! Reason: Unsupported hardware.
[W1228 10:08:45.432484687 NNPACK.cpp:56] Could not initialize NNPACK! Reason: Unsupported hardware.
[W1228 10:08:45.435620135 NNPACK.cpp:56] Could not initialize NNPACK! Reason: Unsupported hardware.
[W1228 10:08:45.440168426 NNPACK.cpp:56] Could not initialize NNPACK! Reason: Unsupported hardware.
[W1228 10:08:45.453466118 NNPACK.cpp:56] Could not initialize NNPACK! Reason: Unsupported hardware.
[W1228 10:08:45.473150758 NNPACK.cpp:56] Could not initialize NNPACK! Reason: Unsupported hardware.
[W1228 10:08:45.479306884 NNPACK.cpp:56] Could not initialize NNPACK! Reason: Unsupported hardware.
[W1228 10:08:45.486048756 NNPACK.cpp:56] Could not initialize NNPACK! Reason: Unsupported hardware.
[W1228 10:08:45.488599310 NNPACK.cpp:56] Could not initialize NNPACK! Reason: Unsupported hardware.
[W1228 10:08:45.491548946 NNPACK.cpp:56] Could not initialize NNPACK! Reason: Unsupported hardware.
[W1228 10:08:45.493293042 NNPACK.cpp:56] Could not initialize NNPACK! Reason: Unsupported hardware.
0: 640x640 (no detections), 155.6ms
Speed: 2.1ms preprocess, 155.6ms inference, 0.5ms postprocess per image at shape (1, 3, 640, 640)
INFO:     127.0.0.1:53576 - "POST /identify HTTP/1.1" 200 OK
Falling back to default species list

[W1228 10:15:01.967853828 NNPACK.cpp:56] Could not initialize NNPACK! Reason: Unsupported hardware.
[W1228 10:15:01.978966856 NNPACK.cpp:56] Could not initialize NNPACK! Reason: Unsupported hardware.
[W1228 10:15:01.986060180 NNPACK.cpp:56] Could not initialize NNPACK! Reason: Unsupported hardware.
[W1228 10:15:01.995227780 NNPACK.cpp:56] Could not initialize NNPACK! Reason: Unsupported hardware.
[W1228 10:15:01.001315434 NNPACK.cpp:56] Could not initialize NNPACK! Reason: Unsupported hardware.
[W1228 10:15:01.009965732 NNPACK.cpp:56] Could not initialize NNPACK! Reason: Unsupported hardware.
[W1228 10:15:01.015035496 NNPACK.cpp:56] Could not initialize NNPACK! Reason: Unsupported hardware.
[W1228 10:15:01.019358004 NNPACK.cpp:56] Could not initialize NNPACK! Reason: Unsupported hardware.
[W1228 10:15:01.020542075 NNPACK.cpp:56] Could not initialize NNPACK! Reason: Unsupported hardware.
[W1228 10:15:01.028786218 NNPACK.cpp:56] Could not initialize NNPACK! Reason: Unsupported hardware.
[W1228 10:15:01.032180389 NNPACK.cpp:56] Could not initialize NNPACK! Reason: Unsupported hardware.
[W1228 10:15:01.037872780 NNPACK.cpp:56] Could not initialize NNPACK! Reason: Unsupported hardware.
[W1228 10:15:01.040380342 NNPACK.cpp:56] Could not initialize NNPACK! Reason: Unsupported hardware.
[W1228 10:15:01.047878728 NNPACK.cpp:56] Could not initialize NNPACK! Reason: Unsupported hardware.
[W1228 10:15:01.051596251 NNPACK.cpp:56] Could not initialize NNPACK! Reason: Unsupported hardware.
[W1228 10:15:01.056302033 NNPACK.cpp:56] Could not initialize NNPACK! Reason: Unsupported hardware.
[W1228 10:15:01.059360750 NNPACK.cpp:56] Could not initialize NNPACK! Reason: Unsupported hardware.
[W1228 10:15:01.063781809 NNPACK.cpp:56] Could not initialize NNPACK! Reason: Unsupported hardware.
[W1228 10:15:01.077130247 NNPACK.cpp:56] Could not initialize NNPACK! Reason: Unsupported hardware.
[W1228 10:15:02.095609181 NNPACK.cpp:56] Could not initialize NNPACK! Reason: Unsupported hardware.
[W1228 10:15:02.101886197 NNPACK.cpp:56] Could not initialize NNPACK! Reason: Unsupported hardware.
[W1228 10:15:02.108644377 NNPACK.cpp:56] Could not initialize NNPACK! Reason: Unsupported hardware.
[W1228 10:15:02.111185880 NNPACK.cpp:56] Could not initialize NNPACK! Reason: Unsupported hardware.
[W1228 10:15:02.114118006 NNPACK.cpp:56] Could not initialize NNPACK! Reason: Unsupported hardware.
[W1228 10:15:02.115887801 NNPACK.cpp:56] Could not initialize NNPACK! Reason: Unsupported hardware.
0: 640x640 4 persons, 1 cell phone, 158.5ms
Speed: 2.3ms preprocess, 158.5ms inference, 1.2ms postprocess per image at shape (1, 3, 640, 640)
INFO:     127.0.0.1:33032 - "POST /identify HTTP/1.1" 200 OK
Falling back to default species list

[W1228 10:15:14.569697275 NNPACK.cpp:56] Could not initialize NNPACK! Reason: Unsupported hardware.
[W1228 10:15:14.577222222 NNPACK.cpp:56] Could not initialize NNPACK! Reason: Unsupported hardware.
[W1228 10:15:14.583765110 NNPACK.cpp:56] Could not initialize NNPACK! Reason: Unsupported hardware.
[W1228 10:15:14.592597848 NNPACK.cpp:56] Could not initialize NNPACK! Reason: Unsupported hardware.
[W1228 10:15:14.597980066 NNPACK.cpp:56] Could not initialize NNPACK! Reason: Unsupported hardware.
[W1228 10:15:14.605754985 NNPACK.cpp:56] Could not initialize NNPACK! Reason: Unsupported hardware.
[W1228 10:15:14.610659769 NNPACK.cpp:56] Could not initialize NNPACK! Reason: Unsupported hardware.
[W1228 10:15:14.614832466 NNPACK.cpp:56] Could not initialize NNPACK! Reason: Unsupported hardware.
[W1228 10:15:14.616025696 NNPACK.cpp:56] Could not initialize NNPACK! Reason: Unsupported hardware.
[W1228 10:15:14.623723395 NNPACK.cpp:56] Could not initialize NNPACK! Reason: Unsupported hardware.
[W1228 10:15:14.626979834 NNPACK.cpp:56] Could not initialize NNPACK! Reason: Unsupported hardware.
[W1228 10:15:14.632699105 NNPACK.cpp:56] Could not initialize NNPACK! Reason: Unsupported hardware.
[W1228 10:15:14.634871514 NNPACK.cpp:56] Could not initialize NNPACK! Reason: Unsupported hardware.
[W1228 10:15:14.641719524 NNPACK.cpp:56] Could not initialize NNPACK! Reason: Unsupported hardware.
[W1228 10:15:14.645527848 NNPACK.cpp:56] Could not initialize NNPACK! Reason: Unsupported hardware.
[W1228 10:15:14.652304608 NNPACK.cpp:56] Could not initialize NNPACK! Reason: Unsupported hardware.
[W1228 10:15:14.656797078 NNPACK.cpp:56] Could not initialize NNPACK! Reason: Unsupported hardware.
[W1228 10:15:14.661321198 NNPACK.cpp:56] Could not initialize NNPACK! Reason: Unsupported hardware.
[W1228 10:15:14.674851689 NNPACK.cpp:56] Could not initialize NNPACK! Reason: Unsupported hardware.
[W1228 10:15:14.694047558 NNPACK.cpp:56] Could not initialize NNPACK! Reason: Unsupported hardware.
[W1228 10:15:14.700359674 NNPACK.cpp:56] Could not initialize NNPACK! Reason: Unsupported hardware.
[W1228 10:15:14.707207865 NNPACK.cpp:56] Could not initialize NNPACK! Reason: Unsupported hardware.
[W1228 10:15:14.709736988 NNPACK.cpp:56] Could not initialize NNPACK! Reason: Unsupported hardware.
[W1228 10:15:14.712833745 NNPACK.cpp:56] Could not initialize NNPACK! Reason: Unsupported hardware.
[W1228 10:15:14.714719251 NNPACK.cpp:56] Could not initialize NNPACK! Reason: Unsupported hardware.
0: 640x640 2 persons, 1 cell phone, 154.9ms
Speed: 2.3ms preprocess, 154.9ms inference, 0.8ms postprocess per image at shape (1, 3, 640, 640)
INFO:     127.0.0.1:50796 - "POST /identify HTTP/1.1" 200 OK
Falling back to default species list

[W1228 10:15:27.108218866 NNPACK.cpp:56] Could not initialize NNPACK! Reason: Unsupported hardware.
[W1228 10:15:27.116146583 NNPACK.cpp:56] Could not initialize NNPACK! Reason: Unsupported hardware.
[W1228 10:15:27.122690514 NNPACK.cpp:56] Could not initialize NNPACK! Reason: Unsupported hardware.
[W1228 10:15:27.131929088 NNPACK.cpp:56] Could not initialize NNPACK! Reason: Unsupported hardware.
[W1228 10:15:27.137350750 NNPACK.cpp:56] Could not initialize NNPACK! Reason: Unsupported hardware.
[W1228 10:15:27.145300137 NNPACK.cpp:56] Could not initialize NNPACK! Reason: Unsupported hardware.
[W1228 10:15:27.151503493 NNPACK.cpp:56] Could not initialize NNPACK! Reason: Unsupported hardware.
[W1228 10:15:27.156901095 NNPACK.cpp:56] Could not initialize NNPACK! Reason: Unsupported hardware.
[W1228 10:15:27.158263301 NNPACK.cpp:56] Could not initialize NNPACK! Reason: Unsupported hardware.
[W1228 10:15:27.168377125 NNPACK.cpp:56] Could not initialize NNPACK! Reason: Unsupported hardware.
[W1228 10:15:27.172105486 NNPACK.cpp:56] Could not initialize NNPACK! Reason: Unsupported hardware.
[W1228 10:15:27.179050113 NNPACK.cpp:56] Could not initialize NNPACK! Reason: Unsupported hardware.
[W1228 10:15:27.181988533 NNPACK.cpp:56] Could not initialize NNPACK! Reason: Unsupported hardware.
[W1228 10:15:27.189738101 NNPACK.cpp:56] Could not initialize NNPACK! Reason: Unsupported hardware.
[W1228 10:15:27.193709510 NNPACK.cpp:56] Could not initialize NNPACK! Reason: Unsupported hardware.
[W1228 10:15:27.198725457 NNPACK.cpp:56] Could not initialize NNPACK! Reason: Unsupported hardware.
[W1228 10:15:27.202027322 NNPACK.cpp:56] Could not initialize NNPACK! Reason: Unsupported hardware.
[W1228 10:15:27.207124618 NNPACK.cpp:56] Could not initialize NNPACK! Reason: Unsupported hardware.
[W1228 10:15:27.221554258 NNPACK.cpp:56] Could not initialize NNPACK! Reason: Unsupported hardware.
[W1228 10:15:27.240571407 NNPACK.cpp:56] Could not initialize NNPACK! Reason: Unsupported hardware.
[W1228 10:15:27.247125288 NNPACK.cpp:56] Could not initialize NNPACK! Reason: Unsupported hardware.
[W1228 10:15:27.254252104 NNPACK.cpp:56] Could not initialize NNPACK! Reason: Unsupported hardware.
[W1228 10:15:27.256976805 NNPACK.cpp:56] Could not initialize NNPACK! Reason: Unsupported hardware.
[W1228 10:15:27.260264381 NNPACK.cpp:56] Could not initialize NNPACK! Reason: Unsupported hardware.
[W1228 10:15:27.262132052 NNPACK.cpp:56] Could not initialize NNPACK! Reason: Unsupported hardware.
0: 640x640 1 person, 2 bottles, 1 cell phone, 164.0ms
Speed: 2.4ms preprocess, 164.0ms inference, 0.9ms postprocess per image at shape (1, 3, 640, 640)
INFO:     127.0.0.1:37656 - "POST /identify HTTP/1.1" 200 OK
Falling back to default species list

[W1228 10:15:39.391253675 NNPACK.cpp:56] Could not initialize NNPACK! Reason: Unsupported hardware.
[W1228 10:15:39.398958547 NNPACK.cpp:56] Could not initialize NNPACK! Reason: Unsupported hardware.
[W1228 10:15:39.405351442 NNPACK.cpp:56] Could not initialize NNPACK! Reason: Unsupported hardware.
[W1228 10:15:39.423199162 NNPACK.cpp:56] Could not initialize NNPACK! Reason: Unsupported hardware.
[W1228 10:15:39.428642177 NNPACK.cpp:56] Could not initialize NNPACK! Reason: Unsupported hardware.
[W1228 10:15:39.436517497 NNPACK.cpp:56] Could not initialize NNPACK! Reason: Unsupported hardware.
[W1228 10:15:39.441409897 NNPACK.cpp:56] Could not initialize NNPACK! Reason: Unsupported hardware.
[W1228 10:15:39.445584575 NNPACK.cpp:56] Could not initialize NNPACK! Reason: Unsupported hardware.
[W1228 10:15:39.446700384 NNPACK.cpp:56] Could not initialize NNPACK! Reason: Unsupported hardware.
[W1228 10:15:39.454468005 NNPACK.cpp:56] Could not initialize NNPACK! Reason: Unsupported hardware.
[W1228 10:15:39.457577883 NNPACK.cpp:56] Could not initialize NNPACK! Reason: Unsupported hardware.
[W1228 10:15:39.463312115 NNPACK.cpp:56] Could not initialize NNPACK! Reason: Unsupported hardware.
[W1228 10:15:39.465490903 NNPACK.cpp:56] Could not initialize NNPACK! Reason: Unsupported hardware.
[W1228 10:15:39.472054178 NNPACK.cpp:56] Could not initialize NNPACK! Reason: Unsupported hardware.
[W1228 10:15:39.475604441 NNPACK.cpp:56] Could not initialize NNPACK! Reason: Unsupported hardware.
[W1228 10:15:39.480327894 NNPACK.cpp:56] Could not initialize NNPACK! Reason: Unsupported hardware.
[W1228 10:15:39.483367972 NNPACK.cpp:56] Could not initialize NNPACK! Reason: Unsupported hardware.
[W1228 10:15:39.487727568 NNPACK.cpp:56] Could not initialize NNPACK! Reason: Unsupported hardware.
[W1228 10:15:39.501014504 NNPACK.cpp:56] Could not initialize NNPACK! Reason: Unsupported hardware.
[W1228 10:15:39.519449037 NNPACK.cpp:56] Could not initialize NNPACK! Reason: Unsupported hardware.
[W1228 10:15:39.525735293 NNPACK.cpp:56] Could not initialize NNPACK! Reason: Unsupported hardware.
[W1228 10:15:39.532578345 NNPACK.cpp:56] Could not initialize NNPACK! Reason: Unsupported hardware.
[W1228 10:15:39.535149269 NNPACK.cpp:56] Could not initialize NNPACK! Reason: Unsupported hardware.
[W1228 10:15:39.538106019 NNPACK.cpp:56] Could not initialize NNPACK! Reason: Unsupported hardware.
[W1228 10:15:39.539936521 NNPACK.cpp:56] Could not initialize NNPACK! Reason: Unsupported hardware.
0: 640x640 1 person, 1 cell phone, 158.5ms
Speed: 2.2ms preprocess, 158.5ms inference, 0.8ms postprocess per image at shape (1, 3, 640, 640)
INFO:     127.0.0.1:51704 - "POST /identify HTTP/1.1" 200 OK
Falling back to default species list

[W1228 10:15:50.329285175 NNPACK.cpp:56] Could not initialize NNPACK! Reason: Unsupported hardware.
[W1228 10:15:50.336670452 NNPACK.cpp:56] Could not initialize NNPACK! Reason: Unsupported hardware.
[W1228 10:15:50.343030860 NNPACK.cpp:56] Could not initialize NNPACK! Reason: Unsupported hardware.
[W1228 10:15:50.351828674 NNPACK.cpp:56] Could not initialize NNPACK! Reason: Unsupported hardware.
[W1228 10:15:50.357288341 NNPACK.cpp:56] Could not initialize NNPACK! Reason: Unsupported hardware.
[W1228 10:15:50.365077264 NNPACK.cpp:56] Could not initialize NNPACK! Reason: Unsupported hardware.
[W1228 10:15:50.369859908 NNPACK.cpp:56] Could not initialize NNPACK! Reason: Unsupported hardware.
[W1228 10:15:50.373986457 NNPACK.cpp:56] Could not initialize NNPACK! Reason: Unsupported hardware.
[W1228 10:15:50.375148085 NNPACK.cpp:56] Could not initialize NNPACK! Reason: Unsupported hardware.
[W1228 10:15:50.382824920 NNPACK.cpp:56] Could not initialize NNPACK! Reason: Unsupported hardware.
[W1228 10:15:50.385926100 NNPACK.cpp:56] Could not initialize NNPACK! Reason: Unsupported hardware.
[W1228 10:15:50.391643505 NNPACK.cpp:56] Could not initialize NNPACK! Reason: Unsupported hardware.
[W1228 10:15:50.393862173 NNPACK.cpp:56] Could not initialize NNPACK! Reason: Unsupported hardware.
[W1228 10:15:50.400659806 NNPACK.cpp:56] Could not initialize NNPACK! Reason: Unsupported hardware.
[W1228 10:15:50.404335690 NNPACK.cpp:56] Could not initialize NNPACK! Reason: Unsupported hardware.
[W1228 10:15:50.408952215 NNPACK.cpp:56] Could not initialize NNPACK! Reason: Unsupported hardware.
[W1228 10:15:50.412051085 NNPACK.cpp:56] Could not initialize NNPACK! Reason: Unsupported hardware.
[W1228 10:15:50.416480141 NNPACK.cpp:56] Could not initialize NNPACK! Reason: Unsupported hardware.
[W1228 10:15:50.429722902 NNPACK.cpp:56] Could not initialize NNPACK! Reason: Unsupported hardware.
[W1228 10:15:50.448077382 NNPACK.cpp:56] Could not initialize NNPACK! Reason: Unsupported hardware.
[W1228 10:15:50.454320851 NNPACK.cpp:56] Could not initialize NNPACK! Reason: Unsupported hardware.
[W1228 10:15:50.461144434 NNPACK.cpp:56] Could not initialize NNPACK! Reason: Unsupported hardware.
[W1228 10:15:50.463753669 NNPACK.cpp:56] Could not initialize NNPACK! Reason: Unsupported hardware.
[W1228 10:15:50.466717429 NNPACK.cpp:56] Could not initialize NNPACK! Reason: Unsupported hardware.
[W1228 10:15:50.468524222 NNPACK.cpp:56] Could not initialize NNPACK! Reason: Unsupported hardware.
0: 640x640 2 bottles, 1 tv, 1 cell phone, 148.7ms
Speed: 2.1ms preprocess, 148.7ms inference, 0.8ms postprocess per image at shape (1, 3, 640, 640)
INFO:     127.0.0.1:35766 - "POST /identify HTTP/1.1" 200 OK
Falling back to default species list

[W1228 10:16:17.671771881 NNPACK.cpp:56] Could not initialize NNPACK! Reason: Unsupported hardware.
[W1228 10:16:17.679491802 NNPACK.cpp:56] Could not initialize NNPACK! Reason: Unsupported hardware.
[W1228 10:16:17.686117123 NNPACK.cpp:56] Could not initialize NNPACK! Reason: Unsupported hardware.
[W1228 10:16:17.695229000 NNPACK.cpp:56] Could not initialize NNPACK! Reason: Unsupported hardware.
[W1228 10:16:17.700710961 NNPACK.cpp:56] Could not initialize NNPACK! Reason: Unsupported hardware.
[W1228 10:16:17.708641540 NNPACK.cpp:56] Could not initialize NNPACK! Reason: Unsupported hardware.
[W1228 10:16:17.713617425 NNPACK.cpp:56] Could not initialize NNPACK! Reason: Unsupported hardware.
[W1228 10:16:17.717906537 NNPACK.cpp:56] Could not initialize NNPACK! Reason: Unsupported hardware.
[W1228 10:16:17.719094396 NNPACK.cpp:56] Could not initialize NNPACK! Reason: Unsupported hardware.
[W1228 10:16:17.727419281 NNPACK.cpp:56] Could not initialize NNPACK! Reason: Unsupported hardware.
[W1228 10:16:17.730739721 NNPACK.cpp:56] Could not initialize NNPACK! Reason: Unsupported hardware.
[W1228 10:16:17.736674178 NNPACK.cpp:56] Could not initialize NNPACK! Reason: Unsupported hardware.
[W1228 10:16:17.738968057 NNPACK.cpp:56] Could not initialize NNPACK! Reason: Unsupported hardware.
[W1228 10:16:17.745781835 NNPACK.cpp:56] Could not initialize NNPACK! Reason: Unsupported hardware.
[W1228 10:16:17.749616441 NNPACK.cpp:56] Could not initialize NNPACK! Reason: Unsupported hardware.
[W1228 10:16:17.754418178 NNPACK.cpp:56] Could not initialize NNPACK! Reason: Unsupported hardware.
[W1228 10:16:17.757579499 NNPACK.cpp:56] Could not initialize NNPACK! Reason: Unsupported hardware.
[W1228 10:16:17.762109559 NNPACK.cpp:56] Could not initialize NNPACK! Reason: Unsupported hardware.
[W1228 10:16:17.775678406 NNPACK.cpp:56] Could not initialize NNPACK! Reason: Unsupported hardware.
[W1228 10:16:17.794425059 NNPACK.cpp:56] Could not initialize NNPACK! Reason: Unsupported hardware.
[W1228 10:16:17.800970219 NNPACK.cpp:56] Could not initialize NNPACK! Reason: Unsupported hardware.
[W1228 10:16:17.807898667 NNPACK.cpp:56] Could not initialize NNPACK! Reason: Unsupported hardware.
[W1228 10:16:17.810576803 NNPACK.cpp:56] Could not initialize NNPACK! Reason: Unsupported hardware.
[W1228 10:16:17.813575846 NNPACK.cpp:56] Could not initialize NNPACK! Reason: Unsupported hardware.
[W1228 10:16:17.815391489 NNPACK.cpp:56] Could not initialize NNPACK! Reason: Unsupported hardware.
0: 640x640 2 bottles, 153.4ms
Speed: 2.3ms preprocess, 153.4ms inference, 0.8ms postprocess per image at shape (1, 3, 640, 640)
INFO:     127.0.0.1:51118 - "POST /identify HTTP/1.1" 200 OK
Falling back to default species list

[W1228 10:16:30.895357234 NNPACK.cpp:56] Could not initialize NNPACK! Reason: Unsupported hardware.
[W1228 10:16:30.903820920 NNPACK.cpp:56] Could not initialize NNPACK! Reason: Unsupported hardware.
[W1228 10:16:30.911591593 NNPACK.cpp:56] Could not initialize NNPACK! Reason: Unsupported hardware.
[W1228 10:16:30.921707616 NNPACK.cpp:56] Could not initialize NNPACK! Reason: Unsupported hardware.
[W1228 10:16:30.926962641 NNPACK.cpp:56] Could not initialize NNPACK! Reason: Unsupported hardware.
[W1228 10:16:30.934597654 NNPACK.cpp:56] Could not initialize NNPACK! Reason: Unsupported hardware.
[W1228 10:16:30.939404083 NNPACK.cpp:56] Could not initialize NNPACK! Reason: Unsupported hardware.
[W1228 10:16:30.943483638 NNPACK.cpp:56] Could not initialize NNPACK! Reason: Unsupported hardware.
[W1228 10:16:30.944595678 NNPACK.cpp:56] Could not initialize NNPACK! Reason: Unsupported hardware.
[W1228 10:16:30.952838567 NNPACK.cpp:56] Could not initialize NNPACK! Reason: Unsupported hardware.
[W1228 10:16:30.955728542 NNPACK.cpp:56] Could not initialize NNPACK! Reason: Unsupported hardware.
[W1228 10:16:30.961258865 NNPACK.cpp:56] Could not initialize NNPACK! Reason: Unsupported hardware.
[W1228 10:16:30.963393156 NNPACK.cpp:56] Could not initialize NNPACK! Reason: Unsupported hardware.
[W1228 10:16:30.969883860 NNPACK.cpp:56] Could not initialize NNPACK! Reason: Unsupported hardware.
[W1228 10:16:30.973407370 NNPACK.cpp:56] Could not initialize NNPACK! Reason: Unsupported hardware.
[W1228 10:16:30.978067379 NNPACK.cpp:56] Could not initialize NNPACK! Reason: Unsupported hardware.
[W1228 10:16:30.981141653 NNPACK.cpp:56] Could not initialize NNPACK! Reason: Unsupported hardware.
[W1228 10:16:30.985509076 NNPACK.cpp:56] Could not initialize NNPACK! Reason: Unsupported hardware.
[W1228 10:16:30.998636312 NNPACK.cpp:56] Could not initialize NNPACK! Reason: Unsupported hardware.
[W1228 10:16:30.017060344 NNPACK.cpp:56] Could not initialize NNPACK! Reason: Unsupported hardware.
[W1228 10:16:30.023676366 NNPACK.cpp:56] Could not initialize NNPACK! Reason: Unsupported hardware.
[W1228 10:16:30.030438347 NNPACK.cpp:56] Could not initialize NNPACK! Reason: Unsupported hardware.
[W1228 10:16:30.032960316 NNPACK.cpp:56] Could not initialize NNPACK! Reason: Unsupported hardware.
[W1228 10:16:30.035893391 NNPACK.cpp:56] Could not initialize NNPACK! Reason: Unsupported hardware.
[W1228 10:16:30.037735975 NNPACK.cpp:56] Could not initialize NNPACK! Reason: Unsupported hardware.
0: 640x640 (no detections), 153.0ms
Speed: 3.3ms preprocess, 153.0ms inference, 0.5ms postprocess per image at shape (1, 3, 640, 640)
INFO:     127.0.0.1:54326 - "POST /identify HTTP/1.1" 200 OK
Falling back to default species list

[W1228 10:16:44.168217009 NNPACK.cpp:56] Could not initialize NNPACK! Reason: Unsupported hardware.
[W1228 10:16:44.175577028 NNPACK.cpp:56] Could not initialize NNPACK! Reason: Unsupported hardware.
[W1228 10:16:44.181775767 NNPACK.cpp:56] Could not initialize NNPACK! Reason: Unsupported hardware.
[W1228 10:16:44.190468956 NNPACK.cpp:56] Could not initialize NNPACK! Reason: Unsupported hardware.
[W1228 10:16:44.195777621 NNPACK.cpp:56] Could not initialize NNPACK! Reason: Unsupported hardware.
[W1228 10:16:44.203532077 NNPACK.cpp:56] Could not initialize NNPACK! Reason: Unsupported hardware.
[W1228 10:16:44.208338748 NNPACK.cpp:56] Could not initialize NNPACK! Reason: Unsupported hardware.
[W1228 10:16:44.212416255 NNPACK.cpp:56] Could not initialize NNPACK! Reason: Unsupported hardware.
[W1228 10:16:44.213532105 NNPACK.cpp:56] Could not initialize NNPACK! Reason: Unsupported hardware.
[W1228 10:16:44.221715417 NNPACK.cpp:56] Could not initialize NNPACK! Reason: Unsupported hardware.
[W1228 10:16:44.224844612 NNPACK.cpp:56] Could not initialize NNPACK! Reason: Unsupported hardware.
[W1228 10:16:44.230559505 NNPACK.cpp:56] Could not initialize NNPACK! Reason: Unsupported hardware.
[W1228 10:16:44.232793367 NNPACK.cpp:56] Could not initialize NNPACK! Reason: Unsupported hardware.
[W1228 10:16:44.239351752 NNPACK.cpp:56] Could not initialize NNPACK! Reason: Unsupported hardware.
[W1228 10:16:44.242883003 NNPACK.cpp:56] Could not initialize NNPACK! Reason: Unsupported hardware.
[W1228 10:16:44.247508775 NNPACK.cpp:56] Could not initialize NNPACK! Reason: Unsupported hardware.
[W1228 10:16:44.250525001 NNPACK.cpp:56] Could not initialize NNPACK! Reason: Unsupported hardware.
[W1228 10:16:44.254883314 NNPACK.cpp:56] Could not initialize NNPACK! Reason: Unsupported hardware.
[W1228 10:16:44.268021136 NNPACK.cpp:56] Could not initialize NNPACK! Reason: Unsupported hardware.
[W1228 10:16:44.286173817 NNPACK.cpp:56] Could not initialize NNPACK! Reason: Unsupported hardware.
[W1228 10:16:44.292390425 NNPACK.cpp:56] Could not initialize NNPACK! Reason: Unsupported hardware.
[W1228 10:16:44.299177419 NNPACK.cpp:56] Could not initialize NNPACK! Reason: Unsupported hardware.
[W1228 10:16:44.301725008 NNPACK.cpp:56] Could not initialize NNPACK! Reason: Unsupported hardware.
[W1228 10:16:44.304635644 NNPACK.cpp:56] Could not initialize NNPACK! Reason: Unsupported hardware.
[W1228 10:16:44.306463359 NNPACK.cpp:56] Could not initialize NNPACK! Reason: Unsupported hardware.
0: 640x640 (no detections), 147.7ms
Speed: 2.1ms preprocess, 147.7ms inference, 0.6ms postprocess per image at shape (1, 3, 640, 640)
INFO:     127.0.0.1:49170 - "POST /identify HTTP/1.1" 200 OK
Falling back to default species list

[W1228 10:16:57.521813961 NNPACK.cpp:56] Could not initialize NNPACK! Reason: Unsupported hardware.
[W1228 10:16:57.529524610 NNPACK.cpp:56] Could not initialize NNPACK! Reason: Unsupported hardware.
[W1228 10:16:57.535851960 NNPACK.cpp:56] Could not initialize NNPACK! Reason: Unsupported hardware.
[W1228 10:16:57.544986278 NNPACK.cpp:56] Could not initialize NNPACK! Reason: Unsupported hardware.
[W1228 10:16:57.550547224 NNPACK.cpp:56] Could not initialize NNPACK! Reason: Unsupported hardware.
[W1228 10:16:57.558637610 NNPACK.cpp:56] Could not initialize NNPACK! Reason: Unsupported hardware.
[W1228 10:16:57.563665961 NNPACK.cpp:56] Could not initialize NNPACK! Reason: Unsupported hardware.
[W1228 10:16:57.568078986 NNPACK.cpp:56] Could not initialize NNPACK! Reason: Unsupported hardware.
[W1228 10:16:57.569304066 NNPACK.cpp:56] Could not initialize NNPACK! Reason: Unsupported hardware.
[W1228 10:16:57.580554477 NNPACK.cpp:56] Could not initialize NNPACK! Reason: Unsupported hardware.
[W1228 10:16:57.583686493 NNPACK.cpp:56] Could not initialize NNPACK! Reason: Unsupported hardware.
[W1228 10:16:57.589528707 NNPACK.cpp:56] Could not initialize NNPACK! Reason: Unsupported hardware.
[W1228 10:16:57.591781599 NNPACK.cpp:56] Could not initialize NNPACK! Reason: Unsupported hardware.
[W1228 10:16:57.598423616 NNPACK.cpp:56] Could not initialize NNPACK! Reason: Unsupported hardware.
[W1228 10:16:57.602078207 NNPACK.cpp:56] Could not initialize NNPACK! Reason: Unsupported hardware.
[W1228 10:16:57.606963088 NNPACK.cpp:56] Could not initialize NNPACK! Reason: Unsupported hardware.
[W1228 10:16:57.610139584 NNPACK.cpp:56] Could not initialize NNPACK! Reason: Unsupported hardware.
[W1228 10:16:57.614693237 NNPACK.cpp:56] Could not initialize NNPACK! Reason: Unsupported hardware.
[W1228 10:16:57.628269240 NNPACK.cpp:56] Could not initialize NNPACK! Reason: Unsupported hardware.
[W1228 10:16:57.647371820 NNPACK.cpp:56] Could not initialize NNPACK! Reason: Unsupported hardware.
[W1228 10:16:57.654543503 NNPACK.cpp:56] Could not initialize NNPACK! Reason: Unsupported hardware.
[W1228 10:16:57.662557839 NNPACK.cpp:56] Could not initialize NNPACK! Reason: Unsupported hardware.
[W1228 10:16:57.665665685 NNPACK.cpp:56] Could not initialize NNPACK! Reason: Unsupported hardware.
[W1228 10:16:57.668775700 NNPACK.cpp:56] Could not initialize NNPACK! Reason: Unsupported hardware.
[W1228 10:16:57.670708405 NNPACK.cpp:56] Could not initialize NNPACK! Reason: Unsupported hardware.
0: 640x640 (no detections), 159.4ms
Speed: 2.3ms preprocess, 159.4ms inference, 0.6ms postprocess per image at shape (1, 3, 640, 640)
INFO:     127.0.0.1:50114 - "POST /identify HTTP/1.1" 200 OK
Falling back to default species list

[W1228 10:17:10.010680624 NNPACK.cpp:56] Could not initialize NNPACK! Reason: Unsupported hardware.
[W1228 10:17:10.018106437 NNPACK.cpp:56] Could not initialize NNPACK! Reason: Unsupported hardware.
[W1228 10:17:10.024361171 NNPACK.cpp:56] Could not initialize NNPACK! Reason: Unsupported hardware.
[W1228 10:17:10.033188004 NNPACK.cpp:56] Could not initialize NNPACK! Reason: Unsupported hardware.
[W1228 10:17:10.038541994 NNPACK.cpp:56] Could not initialize NNPACK! Reason: Unsupported hardware.
[W1228 10:17:10.046374084 NNPACK.cpp:56] Could not initialize NNPACK! Reason: Unsupported hardware.
[W1228 10:17:10.051330477 NNPACK.cpp:56] Could not initialize NNPACK! Reason: Unsupported hardware.
[W1228 10:17:10.055584624 NNPACK.cpp:56] Could not initialize NNPACK! Reason: Unsupported hardware.
[W1228 10:17:10.056764206 NNPACK.cpp:56] Could not initialize NNPACK! Reason: Unsupported hardware.
[W1228 10:17:10.065071023 NNPACK.cpp:56] Could not initialize NNPACK! Reason: Unsupported hardware.
[W1228 10:17:10.068246598 NNPACK.cpp:56] Could not initialize NNPACK! Reason: Unsupported hardware.
[W1228 10:17:10.073994555 NNPACK.cpp:56] Could not initialize NNPACK! Reason: Unsupported hardware.
[W1228 10:17:10.076286008 NNPACK.cpp:56] Could not initialize NNPACK! Reason: Unsupported hardware.
[W1228 10:17:10.083032227 NNPACK.cpp:56] Could not initialize NNPACK! Reason: Unsupported hardware.
[W1228 10:17:10.086769479 NNPACK.cpp:56] Could not initialize NNPACK! Reason: Unsupported hardware.
[W1228 10:17:11.091492943 NNPACK.cpp:56] Could not initialize NNPACK! Reason: Unsupported hardware.
[W1228 10:17:11.094522671 NNPACK.cpp:56] Could not initialize NNPACK! Reason: Unsupported hardware.
[W1228 10:17:11.099063716 NNPACK.cpp:56] Could not initialize NNPACK! Reason: Unsupported hardware.
[W1228 10:17:11.112293457 NNPACK.cpp:56] Could not initialize NNPACK! Reason: Unsupported hardware.
[W1228 10:17:11.131396962 NNPACK.cpp:56] Could not initialize NNPACK! Reason: Unsupported hardware.
[W1228 10:17:11.137835394 NNPACK.cpp:56] Could not initialize NNPACK! Reason: Unsupported hardware.
[W1228 10:17:11.144646303 NNPACK.cpp:56] Could not initialize NNPACK! Reason: Unsupported hardware.
[W1228 10:17:11.147238153 NNPACK.cpp:56] Could not initialize NNPACK! Reason: Unsupported hardware.
[W1228 10:17:11.150201150 NNPACK.cpp:56] Could not initialize NNPACK! Reason: Unsupported hardware.
[W1228 10:17:11.151961407 NNPACK.cpp:56] Could not initialize NNPACK! Reason: Unsupported hardware.
0: 640x640 1 bottle, 150.6ms
Speed: 2.2ms preprocess, 150.6ms inference, 0.8ms postprocess per image at shape (1, 3, 640, 640)
INFO:     127.0.0.1:43528 - "POST /identify HTTP/1.1" 200 OK
Falling back to default species list

[W1228 10:17:38.380024272 NNPACK.cpp:56] Could not initialize NNPACK! Reason: Unsupported hardware.
[W1228 10:17:38.387199734 NNPACK.cpp:56] Could not initialize NNPACK! Reason: Unsupported hardware.
[W1228 10:17:38.393164683 NNPACK.cpp:56] Could not initialize NNPACK! Reason: Unsupported hardware.
[W1228 10:17:38.401744694 NNPACK.cpp:56] Could not initialize NNPACK! Reason: Unsupported hardware.
[W1228 10:17:38.406974238 NNPACK.cpp:56] Could not initialize NNPACK! Reason: Unsupported hardware.
[W1228 10:17:38.414602935 NNPACK.cpp:56] Could not initialize NNPACK! Reason: Unsupported hardware.
[W1228 10:17:38.419395883 NNPACK.cpp:56] Could not initialize NNPACK! Reason: Unsupported hardware.
[W1228 10:17:38.423476715 NNPACK.cpp:56] Could not initialize NNPACK! Reason: Unsupported hardware.
[W1228 10:17:38.424575687 NNPACK.cpp:56] Could not initialize NNPACK! Reason: Unsupported hardware.
[W1228 10:17:38.432896849 NNPACK.cpp:56] Could not initialize NNPACK! Reason: Unsupported hardware.
[W1228 10:17:38.435779850 NNPACK.cpp:56] Could not initialize NNPACK! Reason: Unsupported hardware.
[W1228 10:17:38.442155256 NNPACK.cpp:56] Could not initialize NNPACK! Reason: Unsupported hardware.
[W1228 10:17:38.444636989 NNPACK.cpp:56] Could not initialize NNPACK! Reason: Unsupported hardware.
[W1228 10:17:38.451099355 NNPACK.cpp:56] Could not initialize NNPACK! Reason: Unsupported hardware.
[W1228 10:17:38.454606401 NNPACK.cpp:56] Could not initialize NNPACK! Reason: Unsupported hardware.
[W1228 10:17:38.459512127 NNPACK.cpp:56] Could not initialize NNPACK! Reason: Unsupported hardware.
[W1228 10:17:38.462637596 NNPACK.cpp:56] Could not initialize NNPACK! Reason: Unsupported hardware.
[W1228 10:17:38.467223085 NNPACK.cpp:56] Could not initialize NNPACK! Reason: Unsupported hardware.
[W1228 10:17:38.480756281 NNPACK.cpp:56] Could not initialize NNPACK! Reason: Unsupported hardware.
[W1228 10:17:38.498961596 NNPACK.cpp:56] Could not initialize NNPACK! Reason: Unsupported hardware.
[W1228 10:17:38.505123115 NNPACK.cpp:56] Could not initialize NNPACK! Reason: Unsupported hardware.
[W1228 10:17:38.511831989 NNPACK.cpp:56] Could not initialize NNPACK! Reason: Unsupported hardware.
[W1228 10:17:38.514392041 NNPACK.cpp:56] Could not initialize NNPACK! Reason: Unsupported hardware.
[W1228 10:17:38.517308601 NNPACK.cpp:56] Could not initialize NNPACK! Reason: Unsupported hardware.
[W1228 10:17:38.518890060 NNPACK.cpp:56] Could not initialize NNPACK! Reason: Unsupported hardware.
0: 640x640 (no detections), 148.1ms
Speed: 2.1ms preprocess, 148.1ms inference, 0.5ms postprocess per image at shape (1, 3, 640, 640)
INFO:     127.0.0.1:54090 - "POST /identify HTTP/1.1" 200 OK
Falling back to default species list

[W1228 10:17:51.270257108 NNPACK.cpp:56] Could not initialize NNPACK! Reason: Unsupported hardware.
[W1228 10:17:51.277601029 NNPACK.cpp:56] Could not initialize NNPACK! Reason: Unsupported hardware.
[W1228 10:17:51.284184937 NNPACK.cpp:56] Could not initialize NNPACK! Reason: Unsupported hardware.
[W1228 10:17:51.301872231 NNPACK.cpp:56] Could not initialize NNPACK! Reason: Unsupported hardware.
[W1228 10:17:51.307631613 NNPACK.cpp:56] Could not initialize NNPACK! Reason: Unsupported hardware.
[W1228 10:17:51.315869890 NNPACK.cpp:56] Could not initialize NNPACK! Reason: Unsupported hardware.
[W1228 10:17:51.321044265 NNPACK.cpp:56] Could not initialize NNPACK! Reason: Unsupported hardware.
[W1228 10:17:51.325496136 NNPACK.cpp:56] Could not initialize NNPACK! Reason: Unsupported hardware.
[W1228 10:17:51.326624939 NNPACK.cpp:56] Could not initialize NNPACK! Reason: Unsupported hardware.
[W1228 10:17:51.335027254 NNPACK.cpp:56] Could not initialize NNPACK! Reason: Unsupported hardware.
[W1228 10:17:51.338167014 NNPACK.cpp:56] Could not initialize NNPACK! Reason: Unsupported hardware.
[W1228 10:17:51.343846507 NNPACK.cpp:56] Could not initialize NNPACK! Reason: Unsupported hardware.
[W1228 10:17:51.346042212 NNPACK.cpp:56] Could not initialize NNPACK! Reason: Unsupported hardware.
[W1228 10:17:51.352508510 NNPACK.cpp:56] Could not initialize NNPACK! Reason: Unsupported hardware.
[W1228 10:17:51.355871118 NNPACK.cpp:56] Could not initialize NNPACK! Reason: Unsupported hardware.
[W1228 10:17:51.360528717 NNPACK.cpp:56] Could not initialize NNPACK! Reason: Unsupported hardware.
[W1228 10:17:51.363507817 NNPACK.cpp:56] Could not initialize NNPACK! Reason: Unsupported hardware.
[W1228 10:17:51.368112188 NNPACK.cpp:56] Could not initialize NNPACK! Reason: Unsupported hardware.
[W1228 10:17:51.381781177 NNPACK.cpp:56] Could not initialize NNPACK! Reason: Unsupported hardware.
[W1228 10:17:51.400639395 NNPACK.cpp:56] Could not initialize NNPACK! Reason: Unsupported hardware.
[W1228 10:17:51.407186451 NNPACK.cpp:56] Could not initialize NNPACK! Reason: Unsupported hardware.
[W1228 10:17:51.413897258 NNPACK.cpp:56] Could not initialize NNPACK! Reason: Unsupported hardware.
[W1228 10:17:51.416748429 NNPACK.cpp:56] Could not initialize NNPACK! Reason: Unsupported hardware.
[W1228 10:17:51.419836878 NNPACK.cpp:56] Could not initialize NNPACK! Reason: Unsupported hardware.
[W1228 10:17:51.421678086 NNPACK.cpp:56] Could not initialize NNPACK! Reason: Unsupported hardware.
0: 640x640 1 bottle, 161.1ms
Speed: 2.1ms preprocess, 161.1ms inference, 0.8ms postprocess per image at shape (1, 3, 640, 640)
INFO:     127.0.0.1:50862 - "POST /identify HTTP/1.1" 200 OK
Falling back to default species list

[W1228 10:18:04.520718343 NNPACK.cpp:56] Could not initialize NNPACK! Reason: Unsupported hardware.
[W1228 10:18:04.527964358 NNPACK.cpp:56] Could not initialize NNPACK! Reason: Unsupported hardware.
[W1228 10:18:04.534024560 NNPACK.cpp:56] Could not initialize NNPACK! Reason: Unsupported hardware.
[W1228 10:18:04.543152864 NNPACK.cpp:56] Could not initialize NNPACK! Reason: Unsupported hardware.
[W1228 10:18:04.548563939 NNPACK.cpp:56] Could not initialize NNPACK! Reason: Unsupported hardware.
[W1228 10:18:04.556355601 NNPACK.cpp:56] Could not initialize NNPACK! Reason: Unsupported hardware.
[W1228 10:18:04.561149401 NNPACK.cpp:56] Could not initialize NNPACK! Reason: Unsupported hardware.
[W1228 10:18:04.565260716 NNPACK.cpp:56] Could not initialize NNPACK! Reason: Unsupported hardware.
[W1228 10:18:04.566372828 NNPACK.cpp:56] Could not initialize NNPACK! Reason: Unsupported hardware.
[W1228 10:18:04.574586957 NNPACK.cpp:56] Could not initialize NNPACK! Reason: Unsupported hardware.
[W1228 10:18:04.577576919 NNPACK.cpp:56] Could not initialize NNPACK! Reason: Unsupported hardware.
[W1228 10:18:04.583227314 NNPACK.cpp:56] Could not initialize NNPACK! Reason: Unsupported hardware.
[W1228 10:18:04.585391840 NNPACK.cpp:56] Could not initialize NNPACK! Reason: Unsupported hardware.
[W1228 10:18:04.591893239 NNPACK.cpp:56] Could not initialize NNPACK! Reason: Unsupported hardware.
[W1228 10:18:04.595499177 NNPACK.cpp:56] Could not initialize NNPACK! Reason: Unsupported hardware.
[W1228 10:18:04.600276367 NNPACK.cpp:56] Could not initialize NNPACK! Reason: Unsupported hardware.
[W1228 10:18:04.603333308 NNPACK.cpp:56] Could not initialize NNPACK! Reason: Unsupported hardware.
[W1228 10:18:04.607745240 NNPACK.cpp:56] Could not initialize NNPACK! Reason: Unsupported hardware.
[W1228 10:18:04.621131717 NNPACK.cpp:56] Could not initialize NNPACK! Reason: Unsupported hardware.
[W1228 10:18:04.639581202 NNPACK.cpp:56] Could not initialize NNPACK! Reason: Unsupported hardware.
[W1228 10:18:04.645974702 NNPACK.cpp:56] Could not initialize NNPACK! Reason: Unsupported hardware.
[W1228 10:18:04.652825538 NNPACK.cpp:56] Could not initialize NNPACK! Reason: Unsupported hardware.
[W1228 10:18:04.655428883 NNPACK.cpp:56] Could not initialize NNPACK! Reason: Unsupported hardware.
[W1228 10:18:04.658424404 NNPACK.cpp:56] Could not initialize NNPACK! Reason: Unsupported hardware.
[W1228 10:18:04.660246602 NNPACK.cpp:56] Could not initialize NNPACK! Reason: Unsupported hardware.
0: 640x640 3 bottles, 148.8ms
Speed: 2.1ms preprocess, 148.8ms inference, 0.8ms postprocess per image at shape (1, 3, 640, 640)
INFO:     127.0.0.1:54372 - "POST /identify HTTP/1.1" 200 OK
Falling back to default species list

[W1228 10:18:17.549131290 NNPACK.cpp:56] Could not initialize NNPACK! Reason: Unsupported hardware.
[W1228 10:18:17.556337137 NNPACK.cpp:56] Could not initialize NNPACK! Reason: Unsupported hardware.
[W1228 10:18:17.562458381 NNPACK.cpp:56] Could not initialize NNPACK! Reason: Unsupported hardware.
[W1228 10:18:17.571111169 NNPACK.cpp:56] Could not initialize NNPACK! Reason: Unsupported hardware.
[W1228 10:18:17.576520567 NNPACK.cpp:56] Could not initialize NNPACK! Reason: Unsupported hardware.
[W1228 10:18:17.584281841 NNPACK.cpp:56] Could not initialize NNPACK! Reason: Unsupported hardware.
[W1228 10:18:17.589443710 NNPACK.cpp:56] Could not initialize NNPACK! Reason: Unsupported hardware.
[W1228 10:18:17.594819358 NNPACK.cpp:56] Could not initialize NNPACK! Reason: Unsupported hardware.
[W1228 10:18:17.596048021 NNPACK.cpp:56] Could not initialize NNPACK! Reason: Unsupported hardware.
[W1228 10:18:17.604756739 NNPACK.cpp:56] Could not initialize NNPACK! Reason: Unsupported hardware.
[W1228 10:18:17.607959161 NNPACK.cpp:56] Could not initialize NNPACK! Reason: Unsupported hardware.
[W1228 10:18:17.613750575 NNPACK.cpp:56] Could not initialize NNPACK! Reason: Unsupported hardware.
[W1228 10:18:17.615990753 NNPACK.cpp:56] Could not initialize NNPACK! Reason: Unsupported hardware.
[W1228 10:18:17.622548094 NNPACK.cpp:56] Could not initialize NNPACK! Reason: Unsupported hardware.
[W1228 10:18:17.626381891 NNPACK.cpp:56] Could not initialize NNPACK! Reason: Unsupported hardware.
[W1228 10:18:17.631021733 NNPACK.cpp:56] Could not initialize NNPACK! Reason: Unsupported hardware.
[W1228 10:18:17.634041146 NNPACK.cpp:56] Could not initialize NNPACK! Reason: Unsupported hardware.
[W1228 10:18:17.638461179 NNPACK.cpp:56] Could not initialize NNPACK! Reason: Unsupported hardware.
[W1228 10:18:17.651686020 NNPACK.cpp:56] Could not initialize NNPACK! Reason: Unsupported hardware.
[W1228 10:18:17.669707253 NNPACK.cpp:56] Could not initialize NNPACK! Reason: Unsupported hardware.
[W1228 10:18:17.675851497 NNPACK.cpp:56] Could not initialize NNPACK! Reason: Unsupported hardware.
[W1228 10:18:17.682568487 NNPACK.cpp:56] Could not initialize NNPACK! Reason: Unsupported hardware.
[W1228 10:18:17.685189001 NNPACK.cpp:56] Could not initialize NNPACK! Reason: Unsupported hardware.
[W1228 10:18:17.688148374 NNPACK.cpp:56] Could not initialize NNPACK! Reason: Unsupported hardware.
[W1228 10:18:17.689784493 NNPACK.cpp:56] Could not initialize NNPACK! Reason: Unsupported hardware.
0: 640x640 (no detections), 149.8ms
Speed: 2.2ms preprocess, 149.8ms inference, 0.6ms postprocess per image at shape (1, 3, 640, 640)
INFO:     127.0.0.1:47876 - "POST /identify HTTP/1.1" 200 OK
Falling back to default species list

[W1228 10:18:30.999700961 NNPACK.cpp:56] Could not initialize NNPACK! Reason: Unsupported hardware.
[W1228 10:18:30.007269149 NNPACK.cpp:56] Could not initialize NNPACK! Reason: Unsupported hardware.
[W1228 10:18:30.013888551 NNPACK.cpp:56] Could not initialize NNPACK! Reason: Unsupported hardware.
[W1228 10:18:30.022882640 NNPACK.cpp:56] Could not initialize NNPACK! Reason: Unsupported hardware.
[W1228 10:18:30.028449648 NNPACK.cpp:56] Could not initialize NNPACK! Reason: Unsupported hardware.
[W1228 10:18:30.036316264 NNPACK.cpp:56] Could not initialize NNPACK! Reason: Unsupported hardware.
[W1228 10:18:30.041233257 NNPACK.cpp:56] Could not initialize NNPACK! Reason: Unsupported hardware.
[W1228 10:18:30.045425353 NNPACK.cpp:56] Could not initialize NNPACK! Reason: Unsupported hardware.
[W1228 10:18:30.046562416 NNPACK.cpp:56] Could not initialize NNPACK! Reason: Unsupported hardware.
[W1228 10:18:30.054745000 NNPACK.cpp:56] Could not initialize NNPACK! Reason: Unsupported hardware.
[W1228 10:18:30.058081461 NNPACK.cpp:56] Could not initialize NNPACK! Reason: Unsupported hardware.
[W1228 10:18:30.064026017 NNPACK.cpp:56] Could not initialize NNPACK! Reason: Unsupported hardware.
[W1228 10:18:30.066355304 NNPACK.cpp:56] Could not initialize NNPACK! Reason: Unsupported hardware.
[W1228 10:18:30.073327845 NNPACK.cpp:56] Could not initialize NNPACK! Reason: Unsupported hardware.
[W1228 10:18:30.077292063 NNPACK.cpp:56] Could not initialize NNPACK! Reason: Unsupported hardware.
[W1228 10:18:30.082173155 NNPACK.cpp:56] Could not initialize NNPACK! Reason: Unsupported hardware.
[W1228 10:18:30.085329337 NNPACK.cpp:56] Could not initialize NNPACK! Reason: Unsupported hardware.
[W1228 10:18:31.089830692 NNPACK.cpp:56] Could not initialize NNPACK! Reason: Unsupported hardware.
[W1228 10:18:31.103287836 NNPACK.cpp:56] Could not initialize NNPACK! Reason: Unsupported hardware.
[W1228 10:18:31.121906951 NNPACK.cpp:56] Could not initialize NNPACK! Reason: Unsupported hardware.
[W1228 10:18:31.128333555 NNPACK.cpp:56] Could not initialize NNPACK! Reason: Unsupported hardware.
[W1228 10:18:31.135228326 NNPACK.cpp:56] Could not initialize NNPACK! Reason: Unsupported hardware.
[W1228 10:18:31.137847991 NNPACK.cpp:56] Could not initialize NNPACK! Reason: Unsupported hardware.
[W1228 10:18:31.140874634 NNPACK.cpp:56] Could not initialize NNPACK! Reason: Unsupported hardware.
[W1228 10:18:31.142965812 NNPACK.cpp:56] Could not initialize NNPACK! Reason: Unsupported hardware.
0: 640x640 1 bottle, 152.9ms
Speed: 2.2ms preprocess, 152.9ms inference, 0.8ms postprocess per image at shape (1, 3, 640, 640)
INFO:     127.0.0.1:45396 - "POST /identify HTTP/1.1" 200 OK
Falling back to default species list

[W1228 10:19:01.343310415 NNPACK.cpp:56] Could not initialize NNPACK! Reason: Unsupported hardware.
[W1228 10:19:01.350816568 NNPACK.cpp:56] Could not initialize NNPACK! Reason: Unsupported hardware.
[W1228 10:19:01.358476900 NNPACK.cpp:56] Could not initialize NNPACK! Reason: Unsupported hardware.
[W1228 10:19:01.367213626 NNPACK.cpp:56] Could not initialize NNPACK! Reason: Unsupported hardware.
[W1228 10:19:01.372457340 NNPACK.cpp:56] Could not initialize NNPACK! Reason: Unsupported hardware.
[W1228 10:19:01.380092672 NNPACK.cpp:56] Could not initialize NNPACK! Reason: Unsupported hardware.
[W1228 10:19:01.384849698 NNPACK.cpp:56] Could not initialize NNPACK! Reason: Unsupported hardware.
[W1228 10:19:01.389175706 NNPACK.cpp:56] Could not initialize NNPACK! Reason: Unsupported hardware.
[W1228 10:19:01.390293931 NNPACK.cpp:56] Could not initialize NNPACK! Reason: Unsupported hardware.
[W1228 10:19:01.398500460 NNPACK.cpp:56] Could not initialize NNPACK! Reason: Unsupported hardware.
[W1228 10:19:01.401499244 NNPACK.cpp:56] Could not initialize NNPACK! Reason: Unsupported hardware.
[W1228 10:19:01.407092327 NNPACK.cpp:56] Could not initialize NNPACK! Reason: Unsupported hardware.
[W1228 10:19:01.409207746 NNPACK.cpp:56] Could not initialize NNPACK! Reason: Unsupported hardware.
[W1228 10:19:01.415631014 NNPACK.cpp:56] Could not initialize NNPACK! Reason: Unsupported hardware.
[W1228 10:19:01.419181836 NNPACK.cpp:56] Could not initialize NNPACK! Reason: Unsupported hardware.
[W1228 10:19:01.423766303 NNPACK.cpp:56] Could not initialize NNPACK! Reason: Unsupported hardware.
[W1228 10:19:01.426733329 NNPACK.cpp:56] Could not initialize NNPACK! Reason: Unsupported hardware.
[W1228 10:19:01.431079937 NNPACK.cpp:56] Could not initialize NNPACK! Reason: Unsupported hardware.
[W1228 10:19:01.445318806 NNPACK.cpp:56] Could not initialize NNPACK! Reason: Unsupported hardware.
[W1228 10:19:01.463611054 NNPACK.cpp:56] Could not initialize NNPACK! Reason: Unsupported hardware.
[W1228 10:19:01.469728734 NNPACK.cpp:56] Could not initialize NNPACK! Reason: Unsupported hardware.
[W1228 10:19:01.476688849 NNPACK.cpp:56] Could not initialize NNPACK! Reason: Unsupported hardware.
[W1228 10:19:01.479249806 NNPACK.cpp:56] Could not initialize NNPACK! Reason: Unsupported hardware.
[W1228 10:19:01.482174322 NNPACK.cpp:56] Could not initialize NNPACK! Reason: Unsupported hardware.
[W1228 10:19:01.483870254 NNPACK.cpp:56] Could not initialize NNPACK! Reason: Unsupported hardware.
0: 640x640 (no detections), 149.9ms
Speed: 2.3ms preprocess, 149.9ms inference, 0.6ms postprocess per image at shape (1, 3, 640, 640)
INFO:     127.0.0.1:58716 - "POST /identify HTTP/1.1" 200 OK
Falling back to default species list

[W1228 10:38:50.225124543 NNPACK.cpp:56] Could not initialize NNPACK! Reason: Unsupported hardware.
[W1228 10:38:50.232301666 NNPACK.cpp:56] Could not initialize NNPACK! Reason: Unsupported hardware.
[W1228 10:38:50.238275203 NNPACK.cpp:56] Could not initialize NNPACK! Reason: Unsupported hardware.
[W1228 10:38:50.246886742 NNPACK.cpp:56] Could not initialize NNPACK! Reason: Unsupported hardware.
[W1228 10:38:50.252207546 NNPACK.cpp:56] Could not initialize NNPACK! Reason: Unsupported hardware.
[W1228 10:38:50.259890492 NNPACK.cpp:56] Could not initialize NNPACK! Reason: Unsupported hardware.
[W1228 10:38:50.264643953 NNPACK.cpp:56] Could not initialize NNPACK! Reason: Unsupported hardware.
[W1228 10:38:50.268729281 NNPACK.cpp:56] Could not initialize NNPACK! Reason: Unsupported hardware.
[W1228 10:38:50.269830127 NNPACK.cpp:56] Could not initialize NNPACK! Reason: Unsupported hardware.
[W1228 10:38:50.277809953 NNPACK.cpp:56] Could not initialize NNPACK! Reason: Unsupported hardware.
[W1228 10:38:50.280881777 NNPACK.cpp:56] Could not initialize NNPACK! Reason: Unsupported hardware.
[W1228 10:38:50.286384852 NNPACK.cpp:56] Could not initialize NNPACK! Reason: Unsupported hardware.
[W1228 10:38:50.288530002 NNPACK.cpp:56] Could not initialize NNPACK! Reason: Unsupported hardware.
[W1228 10:38:50.295251993 NNPACK.cpp:56] Could not initialize NNPACK! Reason: Unsupported hardware.
[W1228 10:38:50.298727608 NNPACK.cpp:56] Could not initialize NNPACK! Reason: Unsupported hardware.
[W1228 10:38:50.303385900 NNPACK.cpp:56] Could not initialize NNPACK! Reason: Unsupported hardware.
[W1228 10:38:50.306405674 NNPACK.cpp:56] Could not initialize NNPACK! Reason: Unsupported hardware.
[W1228 10:38:50.310809223 NNPACK.cpp:56] Could not initialize NNPACK! Reason: Unsupported hardware.
[W1228 10:38:50.324050084 NNPACK.cpp:56] Could not initialize NNPACK! Reason: Unsupported hardware.
[W1228 10:38:50.342265337 NNPACK.cpp:56] Could not initialize NNPACK! Reason: Unsupported hardware.
[W1228 10:38:50.348348595 NNPACK.cpp:56] Could not initialize NNPACK! Reason: Unsupported hardware.
[W1228 10:38:50.355085766 NNPACK.cpp:56] Could not initialize NNPACK! Reason: Unsupported hardware.
[W1228 10:38:50.357686668 NNPACK.cpp:56] Could not initialize NNPACK! Reason: Unsupported hardware.
[W1228 10:38:50.360589541 NNPACK.cpp:56] Could not initialize NNPACK! Reason: Unsupported hardware.
[W1228 10:38:50.362241568 NNPACK.cpp:56] Could not initialize NNPACK! Reason: Unsupported hardware.
0: 640x640 2 persons, 146.3ms
Speed: 2.1ms preprocess, 146.3ms inference, 0.8ms postprocess per image at shape (1, 3, 640, 640)
INFO:     127.0.0.1:59766 - "POST /identify HTTP/1.1" 200 OK
Falling back to default species list

[W1228 10:38:55.181575270 NNPACK.cpp:56] Could not initialize NNPACK! Reason: Unsupported hardware.
[W1228 10:38:55.189821297 NNPACK.cpp:56] Could not initialize NNPACK! Reason: Unsupported hardware.
[W1228 10:38:55.196818590 NNPACK.cpp:56] Could not initialize NNPACK! Reason: Unsupported hardware.
[W1228 10:38:55.206126041 NNPACK.cpp:56] Could not initialize NNPACK! Reason: Unsupported hardware.
[W1228 10:38:55.211871388 NNPACK.cpp:56] Could not initialize NNPACK! Reason: Unsupported hardware.
[W1228 10:38:55.220051855 NNPACK.cpp:56] Could not initialize NNPACK! Reason: Unsupported hardware.
[W1228 10:38:55.225295079 NNPACK.cpp:56] Could not initialize NNPACK! Reason: Unsupported hardware.
[W1228 10:38:55.229651899 NNPACK.cpp:56] Could not initialize NNPACK! Reason: Unsupported hardware.
[W1228 10:38:55.230831255 NNPACK.cpp:56] Could not initialize NNPACK! Reason: Unsupported hardware.
[W1228 10:38:55.238891012 NNPACK.cpp:56] Could not initialize NNPACK! Reason: Unsupported hardware.
[W1228 10:38:55.242061166 NNPACK.cpp:56] Could not initialize NNPACK! Reason: Unsupported hardware.
[W1228 10:38:55.248179854 NNPACK.cpp:56] Could not initialize NNPACK! Reason: Unsupported hardware.
[W1228 10:38:55.250550765 NNPACK.cpp:56] Could not initialize NNPACK! Reason: Unsupported hardware.
[W1228 10:38:55.257703417 NNPACK.cpp:56] Could not initialize NNPACK! Reason: Unsupported hardware.
[W1228 10:38:55.261543905 NNPACK.cpp:56] Could not initialize NNPACK! Reason: Unsupported hardware.
[W1228 10:38:55.266619719 NNPACK.cpp:56] Could not initialize NNPACK! Reason: Unsupported hardware.
[W1228 10:38:55.269961293 NNPACK.cpp:56] Could not initialize NNPACK! Reason: Unsupported hardware.
[W1228 10:38:55.274622555 NNPACK.cpp:56] Could not initialize NNPACK! Reason: Unsupported hardware.
[W1228 10:38:55.288385967 NNPACK.cpp:56] Could not initialize NNPACK! Reason: Unsupported hardware.
[W1228 10:38:55.308435440 NNPACK.cpp:56] Could not initialize NNPACK! Reason: Unsupported hardware.
[W1228 10:38:55.314846659 NNPACK.cpp:56] Could not initialize NNPACK! Reason: Unsupported hardware.
[W1228 10:38:55.321735580 NNPACK.cpp:56] Could not initialize NNPACK! Reason: Unsupported hardware.
[W1228 10:38:55.324434603 NNPACK.cpp:56] Could not initialize NNPACK! Reason: Unsupported hardware.
[W1228 10:38:55.327593057 NNPACK.cpp:56] Could not initialize NNPACK! Reason: Unsupported hardware.
[W1228 10:38:55.329501726 NNPACK.cpp:56] Could not initialize NNPACK! Reason: Unsupported hardware.
0: 640x640 2 persons, 158.3ms
Speed: 2.3ms preprocess, 158.3ms inference, 1.0ms postprocess per image at shape (1, 3, 640, 640)
INFO:     127.0.0.1:59766 - "POST /identify HTTP/1.1" 200 OK
Falling back to default species list

[W1228 10:39:00.133049852 NNPACK.cpp:56] Could not initialize NNPACK! Reason: Unsupported hardware.
[W1228 10:39:00.140509166 NNPACK.cpp:56] Could not initialize NNPACK! Reason: Unsupported hardware.
[W1228 10:39:00.146760595 NNPACK.cpp:56] Could not initialize NNPACK! Reason: Unsupported hardware.
[W1228 10:39:00.155713245 NNPACK.cpp:56] Could not initialize NNPACK! Reason: Unsupported hardware.
[W1228 10:39:00.161313241 NNPACK.cpp:56] Could not initialize NNPACK! Reason: Unsupported hardware.
[W1228 10:39:00.169243548 NNPACK.cpp:56] Could not initialize NNPACK! Reason: Unsupported hardware.
[W1228 10:39:00.174286901 NNPACK.cpp:56] Could not initialize NNPACK! Reason: Unsupported hardware.
[W1228 10:39:00.178539441 NNPACK.cpp:56] Could not initialize NNPACK! Reason: Unsupported hardware.
[W1228 10:39:00.179679225 NNPACK.cpp:56] Could not initialize NNPACK! Reason: Unsupported hardware.
[W1228 10:39:00.187768682 NNPACK.cpp:56] Could not initialize NNPACK! Reason: Unsupported hardware.
[W1228 10:39:00.190911047 NNPACK.cpp:56] Could not initialize NNPACK! Reason: Unsupported hardware.
[W1228 10:39:00.196737404 NNPACK.cpp:56] Could not initialize NNPACK! Reason: Unsupported hardware.
[W1228 10:39:00.198987644 NNPACK.cpp:56] Could not initialize NNPACK! Reason: Unsupported hardware.
[W1228 10:39:00.205798885 NNPACK.cpp:56] Could not initialize NNPACK! Reason: Unsupported hardware.
[W1228 10:39:00.209689593 NNPACK.cpp:56] Could not initialize NNPACK! Reason: Unsupported hardware.
[W1228 10:39:00.214444845 NNPACK.cpp:56] Could not initialize NNPACK! Reason: Unsupported hardware.
[W1228 10:39:00.217583089 NNPACK.cpp:56] Could not initialize NNPACK! Reason: Unsupported hardware.
[W1228 10:39:00.222120960 NNPACK.cpp:56] Could not initialize NNPACK! Reason: Unsupported hardware.
[W1228 10:39:00.235866063 NNPACK.cpp:56] Could not initialize NNPACK! Reason: Unsupported hardware.
[W1228 10:39:00.254450338 NNPACK.cpp:56] Could not initialize NNPACK! Reason: Unsupported hardware.
[W1228 10:39:00.260945698 NNPACK.cpp:56] Could not initialize NNPACK! Reason: Unsupported hardware.
[W1228 10:39:00.267864599 NNPACK.cpp:56] Could not initialize NNPACK! Reason: Unsupported hardware.
[W1228 10:39:00.270627512 NNPACK.cpp:56] Could not initialize NNPACK! Reason: Unsupported hardware.
[W1228 10:39:00.274266659 NNPACK.cpp:56] Could not initialize NNPACK! Reason: Unsupported hardware.
[W1228 10:39:00.276072818 NNPACK.cpp:56] Could not initialize NNPACK! Reason: Unsupported hardware.
0: 640x640 3 persons, 1 bottle, 152.7ms
Speed: 2.3ms preprocess, 152.7ms inference, 0.8ms postprocess per image at shape (1, 3, 640, 640)
INFO:     127.0.0.1:59766 - "POST /identify HTTP/1.1" 200 OK
Falling back to default species list

[W1228 10:39:04.595863432 NNPACK.cpp:56] Could not initialize NNPACK! Reason: Unsupported hardware.
[W1228 10:39:04.604567821 NNPACK.cpp:56] Could not initialize NNPACK! Reason: Unsupported hardware.
[W1228 10:39:04.612719229 NNPACK.cpp:56] Could not initialize NNPACK! Reason: Unsupported hardware.
[W1228 10:39:04.623411798 NNPACK.cpp:56] Could not initialize NNPACK! Reason: Unsupported hardware.
[W1228 10:39:04.630404160 NNPACK.cpp:56] Could not initialize NNPACK! Reason: Unsupported hardware.
[W1228 10:39:04.639937334 NNPACK.cpp:56] Could not initialize NNPACK! Reason: Unsupported hardware.
[W1228 10:39:04.646025792 NNPACK.cpp:56] Could not initialize NNPACK! Reason: Unsupported hardware.
[W1228 10:39:04.651635688 NNPACK.cpp:56] Could not initialize NNPACK! Reason: Unsupported hardware.
[W1228 10:39:04.652789393 NNPACK.cpp:56] Could not initialize NNPACK! Reason: Unsupported hardware.
[W1228 10:39:04.662746368 NNPACK.cpp:56] Could not initialize NNPACK! Reason: Unsupported hardware.
[W1228 10:39:04.666673946 NNPACK.cpp:56] Could not initialize NNPACK! Reason: Unsupported hardware.
[W1228 10:39:04.673684729 NNPACK.cpp:56] Could not initialize NNPACK! Reason: Unsupported hardware.
[W1228 10:39:04.676762693 NNPACK.cpp:56] Could not initialize NNPACK! Reason: Unsupported hardware.
[W1228 10:39:04.684799889 NNPACK.cpp:56] Could not initialize NNPACK! Reason: Unsupported hardware.
[W1228 10:39:04.689310081 NNPACK.cpp:56] Could not initialize NNPACK! Reason: Unsupported hardware.
[W1228 10:39:04.695097858 NNPACK.cpp:56] Could not initialize NNPACK! Reason: Unsupported hardware.
[W1228 10:39:04.698811034 NNPACK.cpp:56] Could not initialize NNPACK! Reason: Unsupported hardware.
[W1228 10:39:04.704340969 NNPACK.cpp:56] Could not initialize NNPACK! Reason: Unsupported hardware.
[W1228 10:39:04.720116852 NNPACK.cpp:56] Could not initialize NNPACK! Reason: Unsupported hardware.
[W1228 10:39:04.741959952 NNPACK.cpp:56] Could not initialize NNPACK! Reason: Unsupported hardware.
[W1228 10:39:04.750259140 NNPACK.cpp:56] Could not initialize NNPACK! Reason: Unsupported hardware.
[W1228 10:39:04.757877515 NNPACK.cpp:56] Could not initialize NNPACK! Reason: Unsupported hardware.
[W1228 10:39:04.760709398 NNPACK.cpp:56] Could not initialize NNPACK! Reason: Unsupported hardware.
[W1228 10:39:04.763679082 NNPACK.cpp:56] Could not initialize NNPACK! Reason: Unsupported hardware.
[W1228 10:39:04.765512840 NNPACK.cpp:56] Could not initialize NNPACK! Reason: Unsupported hardware.
0: 640x640 2 persons, 1 bottle, 180.6ms
Speed: 3.2ms preprocess, 180.6ms inference, 1.0ms postprocess per image at shape (1, 3, 640, 640)
INFO:     127.0.0.1:59766 - "POST /identify HTTP/1.1" 200 OK
Falling back to default species list

[W1228 10:39:09.155640785 NNPACK.cpp:56] Could not initialize NNPACK! Reason: Unsupported hardware.
[W1228 10:39:09.163054450 NNPACK.cpp:56] Could not initialize NNPACK! Reason: Unsupported hardware.
[W1228 10:39:09.169535489 NNPACK.cpp:56] Could not initialize NNPACK! Reason: Unsupported hardware.
[W1228 10:39:09.178245520 NNPACK.cpp:56] Could not initialize NNPACK! Reason: Unsupported hardware.
[W1228 10:39:09.183668374 NNPACK.cpp:56] Could not initialize NNPACK! Reason: Unsupported hardware.
[W1228 10:39:09.191444460 NNPACK.cpp:56] Could not initialize NNPACK! Reason: Unsupported hardware.
[W1228 10:39:09.196252143 NNPACK.cpp:56] Could not initialize NNPACK! Reason: Unsupported hardware.
[W1228 10:39:09.200636663 NNPACK.cpp:56] Could not initialize NNPACK! Reason: Unsupported hardware.
[W1228 10:39:09.201922488 NNPACK.cpp:56] Could not initialize NNPACK! Reason: Unsupported hardware.
[W1228 10:39:09.210450918 NNPACK.cpp:56] Could not initialize NNPACK! Reason: Unsupported hardware.
[W1228 10:39:09.213526552 NNPACK.cpp:56] Could not initialize NNPACK! Reason: Unsupported hardware.
[W1228 10:39:09.219429079 NNPACK.cpp:56] Could not initialize NNPACK! Reason: Unsupported hardware.
[W1228 10:39:09.221600899 NNPACK.cpp:56] Could not initialize NNPACK! Reason: Unsupported hardware.
[W1228 10:39:09.228141419 NNPACK.cpp:56] Could not initialize NNPACK! Reason: Unsupported hardware.
[W1228 10:39:09.231880916 NNPACK.cpp:56] Could not initialize NNPACK! Reason: Unsupported hardware.
[W1228 10:39:09.236549028 NNPACK.cpp:56] Could not initialize NNPACK! Reason: Unsupported hardware.
[W1228 10:39:09.239567761 NNPACK.cpp:56] Could not initialize NNPACK! Reason: Unsupported hardware.
[W1228 10:39:09.243937461 NNPACK.cpp:56] Could not initialize NNPACK! Reason: Unsupported hardware.
[W1228 10:39:09.257137522 NNPACK.cpp:56] Could not initialize NNPACK! Reason: Unsupported hardware.
[W1228 10:39:09.275490256 NNPACK.cpp:56] Could not initialize NNPACK! Reason: Unsupported hardware.
[W1228 10:39:09.281496944 NNPACK.cpp:56] Could not initialize NNPACK! Reason: Unsupported hardware.
[W1228 10:39:09.288227966 NNPACK.cpp:56] Could not initialize NNPACK! Reason: Unsupported hardware.
[W1228 10:39:09.290756847 NNPACK.cpp:56] Could not initialize NNPACK! Reason: Unsupported hardware.
[W1228 10:39:09.293776820 NNPACK.cpp:56] Could not initialize NNPACK! Reason: Unsupported hardware.
[W1228 10:39:09.295555189 NNPACK.cpp:56] Could not initialize NNPACK! Reason: Unsupported hardware.
0: 640x640 1 person, 149.4ms
Speed: 2.2ms preprocess, 149.4ms inference, 0.9ms postprocess per image at shape (1, 3, 640, 640)
INFO:     127.0.0.1:59766 - "POST /identify HTTP/1.1" 200 OK
Falling back to default species list

[W1228 11:11:32.270176503 NNPACK.cpp:56] Could not initialize NNPACK! Reason: Unsupported hardware.
[W1228 11:11:32.277672874 NNPACK.cpp:56] Could not initialize NNPACK! Reason: Unsupported hardware.
[W1228 11:11:32.284043226 NNPACK.cpp:56] Could not initialize NNPACK! Reason: Unsupported hardware.
[W1228 11:11:32.292790616 NNPACK.cpp:56] Could not initialize NNPACK! Reason: Unsupported hardware.
[W1228 11:11:32.298275181 NNPACK.cpp:56] Could not initialize NNPACK! Reason: Unsupported hardware.
[W1228 11:11:32.306052674 NNPACK.cpp:56] Could not initialize NNPACK! Reason: Unsupported hardware.
[W1228 11:11:32.311145036 NNPACK.cpp:56] Could not initialize NNPACK! Reason: Unsupported hardware.
[W1228 11:11:32.315288130 NNPACK.cpp:56] Could not initialize NNPACK! Reason: Unsupported hardware.
[W1228 11:11:32.316398668 NNPACK.cpp:56] Could not initialize NNPACK! Reason: Unsupported hardware.
[W1228 11:11:32.324482434 NNPACK.cpp:56] Could not initialize NNPACK! Reason: Unsupported hardware.
[W1228 11:11:32.327713601 NNPACK.cpp:56] Could not initialize NNPACK! Reason: Unsupported hardware.
[W1228 11:11:32.333562858 NNPACK.cpp:56] Could not initialize NNPACK! Reason: Unsupported hardware.
[W1228 11:11:32.335912447 NNPACK.cpp:56] Could not initialize NNPACK! Reason: Unsupported hardware.
[W1228 11:11:32.342923024 NNPACK.cpp:56] Could not initialize NNPACK! Reason: Unsupported hardware.
[W1228 11:11:32.347228169 NNPACK.cpp:56] Could not initialize NNPACK! Reason: Unsupported hardware.
[W1228 11:11:32.353613351 NNPACK.cpp:56] Could not initialize NNPACK! Reason: Unsupported hardware.
[W1228 11:11:32.356903647 NNPACK.cpp:56] Could not initialize NNPACK! Reason: Unsupported hardware.
[W1228 11:11:32.361405655 NNPACK.cpp:56] Could not initialize NNPACK! Reason: Unsupported hardware.
[W1228 11:11:32.375098895 NNPACK.cpp:56] Could not initialize NNPACK! Reason: Unsupported hardware.
[W1228 11:11:32.393712567 NNPACK.cpp:56] Could not initialize NNPACK! Reason: Unsupported hardware.
[W1228 11:11:32.399995768 NNPACK.cpp:56] Could not initialize NNPACK! Reason: Unsupported hardware.
[W1228 11:11:32.406892974 NNPACK.cpp:56] Could not initialize NNPACK! Reason: Unsupported hardware.
[W1228 11:11:32.409563396 NNPACK.cpp:56] Could not initialize NNPACK! Reason: Unsupported hardware.
[W1228 11:11:32.412622200 NNPACK.cpp:56] Could not initialize NNPACK! Reason: Unsupported hardware.
[W1228 11:11:32.414472045 NNPACK.cpp:56] Could not initialize NNPACK! Reason: Unsupported hardware.
0: 640x640 (no detections), 154.0ms
Speed: 2.2ms preprocess, 154.0ms inference, 0.6ms postprocess per image at shape (1, 3, 640, 640)
INFO:     127.0.0.1:34646 - "POST /identify HTTP/1.1" 200 OK
Falling back to default species list

[W1228 11:11:38.704947289 NNPACK.cpp:56] Could not initialize NNPACK! Reason: Unsupported hardware.
[W1228 11:11:38.712880444 NNPACK.cpp:56] Could not initialize NNPACK! Reason: Unsupported hardware.
[W1228 11:11:38.719448417 NNPACK.cpp:56] Could not initialize NNPACK! Reason: Unsupported hardware.
[W1228 11:11:38.728457660 NNPACK.cpp:56] Could not initialize NNPACK! Reason: Unsupported hardware.
[W1228 11:11:38.734246207 NNPACK.cpp:56] Could not initialize NNPACK! Reason: Unsupported hardware.
[W1228 11:11:38.742476814 NNPACK.cpp:56] Could not initialize NNPACK! Reason: Unsupported hardware.
[W1228 11:11:38.747663207 NNPACK.cpp:56] Could not initialize NNPACK! Reason: Unsupported hardware.
[W1228 11:11:38.751991802 NNPACK.cpp:56] Could not initialize NNPACK! Reason: Unsupported hardware.
[W1228 11:11:38.753134700 NNPACK.cpp:56] Could not initialize NNPACK! Reason: Unsupported hardware.
[W1228 11:11:38.762619698 NNPACK.cpp:56] Could not initialize NNPACK! Reason: Unsupported hardware.
[W1228 11:11:38.765745193 NNPACK.cpp:56] Could not initialize NNPACK! Reason: Unsupported hardware.
[W1228 11:11:38.773250264 NNPACK.cpp:56] Could not initialize NNPACK! Reason: Unsupported hardware.
[W1228 11:11:38.775712434 NNPACK.cpp:56] Could not initialize NNPACK! Reason: Unsupported hardware.
[W1228 11:11:38.782913032 NNPACK.cpp:56] Could not initialize NNPACK! Reason: Unsupported hardware.
[W1228 11:11:38.786478931 NNPACK.cpp:56] Could not initialize NNPACK! Reason: Unsupported hardware.
[W1228 11:11:38.791183949 NNPACK.cpp:56] Could not initialize NNPACK! Reason: Unsupported hardware.
[W1228 11:11:38.794236804 NNPACK.cpp:56] Could not initialize NNPACK! Reason: Unsupported hardware.
[W1228 11:11:38.798745721 NNPACK.cpp:56] Could not initialize NNPACK! Reason: Unsupported hardware.
[W1228 11:11:38.812073189 NNPACK.cpp:56] Could not initialize NNPACK! Reason: Unsupported hardware.
[W1228 11:11:38.830389248 NNPACK.cpp:56] Could not initialize NNPACK! Reason: Unsupported hardware.
[W1228 11:11:38.836629618 NNPACK.cpp:56] Could not initialize NNPACK! Reason: Unsupported hardware.
[W1228 11:11:38.843397143 NNPACK.cpp:56] Could not initialize NNPACK! Reason: Unsupported hardware.
[W1228 11:11:38.846108045 NNPACK.cpp:56] Could not initialize NNPACK! Reason: Unsupported hardware.
[W1228 11:11:38.849035669 NNPACK.cpp:56] Could not initialize NNPACK! Reason: Unsupported hardware.
[W1228 11:11:38.850802803 NNPACK.cpp:56] Could not initialize NNPACK! Reason: Unsupported hardware.
0: 640x640 (no detections), 155.8ms
Speed: 2.4ms preprocess, 155.8ms inference, 0.5ms postprocess per image at shape (1, 3, 640, 640)
INFO:     127.0.0.1:34660 - "POST /identify HTTP/1.1" 200 OK
Falling back to default species list

[W1228 11:11:46.255977934 NNPACK.cpp:56] Could not initialize NNPACK! Reason: Unsupported hardware.
[W1228 11:11:46.263205233 NNPACK.cpp:56] Could not initialize NNPACK! Reason: Unsupported hardware.
[W1228 11:11:46.271801312 NNPACK.cpp:56] Could not initialize NNPACK! Reason: Unsupported hardware.
[W1228 11:11:46.281651242 NNPACK.cpp:56] Could not initialize NNPACK! Reason: Unsupported hardware.
[W1228 11:11:46.286951845 NNPACK.cpp:56] Could not initialize NNPACK! Reason: Unsupported hardware.
[W1228 11:11:46.294797778 NNPACK.cpp:56] Could not initialize NNPACK! Reason: Unsupported hardware.
[W1228 11:11:46.299642298 NNPACK.cpp:56] Could not initialize NNPACK! Reason: Unsupported hardware.
[W1228 11:11:46.303939653 NNPACK.cpp:56] Could not initialize NNPACK! Reason: Unsupported hardware.
[W1228 11:11:46.305106752 NNPACK.cpp:56] Could not initialize NNPACK! Reason: Unsupported hardware.
[W1228 11:11:46.313358039 NNPACK.cpp:56] Could not initialize NNPACK! Reason: Unsupported hardware.
[W1228 11:11:46.316387893 NNPACK.cpp:56] Could not initialize NNPACK! Reason: Unsupported hardware.
[W1228 11:11:46.322056099 NNPACK.cpp:56] Could not initialize NNPACK! Reason: Unsupported hardware.
[W1228 11:11:46.324537849 NNPACK.cpp:56] Could not initialize NNPACK! Reason: Unsupported hardware.
[W1228 11:11:46.330977252 NNPACK.cpp:56] Could not initialize NNPACK! Reason: Unsupported hardware.
[W1228 11:11:46.334511050 NNPACK.cpp:56] Could not initialize NNPACK! Reason: Unsupported hardware.
[W1228 11:11:46.339220929 NNPACK.cpp:56] Could not initialize NNPACK! Reason: Unsupported hardware.
[W1228 11:11:46.342252873 NNPACK.cpp:56] Could not initialize NNPACK! Reason: Unsupported hardware.
[W1228 11:11:46.346680498 NNPACK.cpp:56] Could not initialize NNPACK! Reason: Unsupported hardware.
[W1228 11:11:46.359956786 NNPACK.cpp:56] Could not initialize NNPACK! Reason: Unsupported hardware.
[W1228 11:11:46.378486006 NNPACK.cpp:56] Could not initialize NNPACK! Reason: Unsupported hardware.
[W1228 11:11:46.384991890 NNPACK.cpp:56] Could not initialize NNPACK! Reason: Unsupported hardware.
[W1228 11:11:46.391783514 NNPACK.cpp:56] Could not initialize NNPACK! Reason: Unsupported hardware.
[W1228 11:11:46.394382245 NNPACK.cpp:56] Could not initialize NNPACK! Reason: Unsupported hardware.
[W1228 11:11:46.397417820 NNPACK.cpp:56] Could not initialize NNPACK! Reason: Unsupported hardware.
[W1228 11:11:46.399323986 NNPACK.cpp:56] Could not initialize NNPACK! Reason: Unsupported hardware.
0: 640x640 (no detections), 152.8ms
Speed: 2.1ms preprocess, 152.8ms inference, 0.6ms postprocess per image at shape (1, 3, 640, 640)
INFO:     127.0.0.1:37576 - "POST /identify HTTP/1.1" 200 OK
Falling back to default species list

[W1228 11:11:53.412101552 NNPACK.cpp:56] Could not initialize NNPACK! Reason: Unsupported hardware.
[W1228 11:11:53.420330039 NNPACK.cpp:56] Could not initialize NNPACK! Reason: Unsupported hardware.
[W1228 11:11:53.426695780 NNPACK.cpp:56] Could not initialize NNPACK! Reason: Unsupported hardware.
[W1228 11:11:53.435378810 NNPACK.cpp:56] Could not initialize NNPACK! Reason: Unsupported hardware.
[W1228 11:11:53.440816354 NNPACK.cpp:56] Could not initialize NNPACK! Reason: Unsupported hardware.
[W1228 11:11:53.449155212 NNPACK.cpp:56] Could not initialize NNPACK! Reason: Unsupported hardware.
[W1228 11:11:53.454045352 NNPACK.cpp:56] Could not initialize NNPACK! Reason: Unsupported hardware.
[W1228 11:11:53.458179085 NNPACK.cpp:56] Could not initialize NNPACK! Reason: Unsupported hardware.
[W1228 11:11:53.459337574 NNPACK.cpp:56] Could not initialize NNPACK! Reason: Unsupported hardware.
[W1228 11:11:53.467533950 NNPACK.cpp:56] Could not initialize NNPACK! Reason: Unsupported hardware.
[W1228 11:11:53.470579375 NNPACK.cpp:56] Could not initialize NNPACK! Reason: Unsupported hardware.
[W1228 11:11:53.476429853 NNPACK.cpp:56] Could not initialize NNPACK! Reason: Unsupported hardware.
[W1228 11:11:53.478629080 NNPACK.cpp:56] Could not initialize NNPACK! Reason: Unsupported hardware.
[W1228 11:11:53.485227103 NNPACK.cpp:56] Could not initialize NNPACK! Reason: Unsupported hardware.
[W1228 11:11:53.488751552 NNPACK.cpp:56] Could not initialize NNPACK! Reason: Unsupported hardware.
[W1228 11:11:53.493647871 NNPACK.cpp:56] Could not initialize NNPACK! Reason: Unsupported hardware.
[W1228 11:11:53.496737727 NNPACK.cpp:56] Could not initialize NNPACK! Reason: Unsupported hardware.
[W1228 11:11:53.501116942 NNPACK.cpp:56] Could not initialize NNPACK! Reason: Unsupported hardware.
[W1228 11:11:53.514581441 NNPACK.cpp:56] Could not initialize NNPACK! Reason: Unsupported hardware.
[W1228 11:11:53.532872229 NNPACK.cpp:56] Could not initialize NNPACK! Reason: Unsupported hardware.
[W1228 11:11:53.539244050 NNPACK.cpp:56] Could not initialize NNPACK! Reason: Unsupported hardware.
[W1228 11:11:53.546042566 NNPACK.cpp:56] Could not initialize NNPACK! Reason: Unsupported hardware.
[W1228 11:11:53.548564686 NNPACK.cpp:56] Could not initialize NNPACK! Reason: Unsupported hardware.
[W1228 11:11:53.551466049 NNPACK.cpp:56] Could not initialize NNPACK! Reason: Unsupported hardware.
[W1228 11:11:53.553261154 NNPACK.cpp:56] Could not initialize NNPACK! Reason: Unsupported hardware.
0: 640x640 (no detections), 151.0ms
Speed: 2.3ms preprocess, 151.0ms inference, 0.5ms postprocess per image at shape (1, 3, 640, 640)
INFO:     127.0.0.1:58278 - "POST /identify HTTP/1.1" 200 OK
Falling back to default species list

[W1228 11:11:59.644350246 NNPACK.cpp:56] Could not initialize NNPACK! Reason: Unsupported hardware.
[W1228 11:11:59.651483263 NNPACK.cpp:56] Could not initialize NNPACK! Reason: Unsupported hardware.
[W1228 11:11:59.657623442 NNPACK.cpp:56] Could not initialize NNPACK! Reason: Unsupported hardware.
[W1228 11:11:59.666309083 NNPACK.cpp:56] Could not initialize NNPACK! Reason: Unsupported hardware.
[W1228 11:11:59.671629095 NNPACK.cpp:56] Could not initialize NNPACK! Reason: Unsupported hardware.
[W1228 11:11:59.679507119 NNPACK.cpp:56] Could not initialize NNPACK! Reason: Unsupported hardware.
[W1228 11:11:59.684300348 NNPACK.cpp:56] Could not initialize NNPACK! Reason: Unsupported hardware.
[W1228 11:11:59.688388151 NNPACK.cpp:56] Could not initialize NNPACK! Reason: Unsupported hardware.
[W1228 11:11:59.689496450 NNPACK.cpp:56] Could not initialize NNPACK! Reason: Unsupported hardware.
[W1228 11:11:59.697592825 NNPACK.cpp:56] Could not initialize NNPACK! Reason: Unsupported hardware.
[W1228 11:11:59.700519389 NNPACK.cpp:56] Could not initialize NNPACK! Reason: Unsupported hardware.
[W1228 11:11:59.706132584 NNPACK.cpp:56] Could not initialize NNPACK! Reason: Unsupported hardware.
[W1228 11:11:59.708228332 NNPACK.cpp:56] Could not initialize NNPACK! Reason: Unsupported hardware.
[W1228 11:11:59.714695674 NNPACK.cpp:56] Could not initialize NNPACK! Reason: Unsupported hardware.
[W1228 11:11:59.718166341 NNPACK.cpp:56] Could not initialize NNPACK! Reason: Unsupported hardware.
[W1228 11:11:59.722963510 NNPACK.cpp:56] Could not initialize NNPACK! Reason: Unsupported hardware.
[W1228 11:11:59.726101635 NNPACK.cpp:56] Could not initialize NNPACK! Reason: Unsupported hardware.
[W1228 11:11:59.730728643 NNPACK.cpp:56] Could not initialize NNPACK! Reason: Unsupported hardware.
[W1228 11:11:59.744459504 NNPACK.cpp:56] Could not initialize NNPACK! Reason: Unsupported hardware.
[W1228 11:11:59.762937783 NNPACK.cpp:56] Could not initialize NNPACK! Reason: Unsupported hardware.
[W1228 11:11:59.769051773 NNPACK.cpp:56] Could not initialize NNPACK! Reason: Unsupported hardware.
[W1228 11:11:59.775782217 NNPACK.cpp:56] Could not initialize NNPACK! Reason: Unsupported hardware.
[W1228 11:11:59.778404598 NNPACK.cpp:56] Could not initialize NNPACK! Reason: Unsupported hardware.
[W1228 11:11:59.781340182 NNPACK.cpp:56] Could not initialize NNPACK! Reason: Unsupported hardware.
[W1228 11:11:59.783014715 NNPACK.cpp:56] Could not initialize NNPACK! Reason: Unsupported hardware.
0: 640x640 (no detections), 147.9ms
Speed: 2.1ms preprocess, 147.9ms inference, 0.5ms postprocess per image at shape (1, 3, 640, 640)
INFO:     127.0.0.1:58292 - "POST /identify HTTP/1.1" 200 OK
Falling back to default species list

[W1228 16:08:05.475816760 NNPACK.cpp:56] Could not initialize NNPACK! Reason: Unsupported hardware.
[W1228 16:08:05.483286187 NNPACK.cpp:56] Could not initialize NNPACK! Reason: Unsupported hardware.
[W1228 16:08:05.489457235 NNPACK.cpp:56] Could not initialize NNPACK! Reason: Unsupported hardware.
[W1228 16:08:05.498375795 NNPACK.cpp:56] Could not initialize NNPACK! Reason: Unsupported hardware.
[W1228 16:08:05.503764877 NNPACK.cpp:56] Could not initialize NNPACK! Reason: Unsupported hardware.
[W1228 16:08:05.511731039 NNPACK.cpp:56] Could not initialize NNPACK! Reason: Unsupported hardware.
[W1228 16:08:05.516662947 NNPACK.cpp:56] Could not initialize NNPACK! Reason: Unsupported hardware.
[W1228 16:08:05.520875120 NNPACK.cpp:56] Could not initialize NNPACK! Reason: Unsupported hardware.
[W1228 16:08:05.522022369 NNPACK.cpp:56] Could not initialize NNPACK! Reason: Unsupported hardware.
[W1228 16:08:05.530015931 NNPACK.cpp:56] Could not initialize NNPACK! Reason: Unsupported hardware.
[W1228 16:08:05.533095465 NNPACK.cpp:56] Could not initialize NNPACK! Reason: Unsupported hardware.
[W1228 16:08:05.538912710 NNPACK.cpp:56] Could not initialize NNPACK! Reason: Unsupported hardware.
[W1228 16:08:05.541172557 NNPACK.cpp:56] Could not initialize NNPACK! Reason: Unsupported hardware.
[W1228 16:08:05.547995141 NNPACK.cpp:56] Could not initialize NNPACK! Reason: Unsupported hardware.
[W1228 16:08:05.551702280 NNPACK.cpp:56] Could not initialize NNPACK! Reason: Unsupported hardware.
[W1228 16:08:05.556393956 NNPACK.cpp:56] Could not initialize NNPACK! Reason: Unsupported hardware.
[W1228 16:08:05.559481810 NNPACK.cpp:56] Could not initialize NNPACK! Reason: Unsupported hardware.
[W1228 16:08:05.564041866 NNPACK.cpp:56] Could not initialize NNPACK! Reason: Unsupported hardware.
[W1228 16:08:05.578651759 NNPACK.cpp:56] Could not initialize NNPACK! Reason: Unsupported hardware.
[W1228 16:08:05.596938231 NNPACK.cpp:56] Could not initialize NNPACK! Reason: Unsupported hardware.
[W1228 16:08:05.603181760 NNPACK.cpp:56] Could not initialize NNPACK! Reason: Unsupported hardware.
[W1228 16:08:05.610136015 NNPACK.cpp:56] Could not initialize NNPACK! Reason: Unsupported hardware.
[W1228 16:08:05.612732334 NNPACK.cpp:56] Could not initialize NNPACK! Reason: Unsupported hardware.
[W1228 16:08:05.615801399 NNPACK.cpp:56] Could not initialize NNPACK! Reason: Unsupported hardware.
[W1228 16:08:05.617578152 NNPACK.cpp:56] Could not initialize NNPACK! Reason: Unsupported hardware.
0: 640x640 1 person, 151.3ms
Speed: 2.2ms preprocess, 151.3ms inference, 0.8ms postprocess per image at shape (1, 3, 640, 640)
INFO:     127.0.0.1:54038 - "POST /identify HTTP/1.1" 200 OK
Falling back to default species list

[W1228 16:08:09.487225408 NNPACK.cpp:56] Could not initialize NNPACK! Reason: Unsupported hardware.
[W1228 16:08:09.494515624 NNPACK.cpp:56] Could not initialize NNPACK! Reason: Unsupported hardware.
[W1228 16:08:09.500707992 NNPACK.cpp:56] Could not initialize NNPACK! Reason: Unsupported hardware.
[W1228 16:08:09.509491210 NNPACK.cpp:56] Could not initialize NNPACK! Reason: Unsupported hardware.
[W1228 16:08:09.514858262 NNPACK.cpp:56] Could not initialize NNPACK! Reason: Unsupported hardware.
[W1228 16:08:09.522501391 NNPACK.cpp:56] Could not initialize NNPACK! Reason: Unsupported hardware.
[W1228 16:08:09.527322198 NNPACK.cpp:56] Could not initialize NNPACK! Reason: Unsupported hardware.
[W1228 16:08:09.531576461 NNPACK.cpp:56] Could not initialize NNPACK! Reason: Unsupported hardware.
[W1228 16:08:09.532724091 NNPACK.cpp:56] Could not initialize NNPACK! Reason: Unsupported hardware.
[W1228 16:08:09.540540571 NNPACK.cpp:56] Could not initialize NNPACK! Reason: Unsupported hardware.
[W1228 16:08:09.543614355 NNPACK.cpp:56] Could not initialize NNPACK! Reason: Unsupported hardware.
[W1228 16:08:09.549320639 NNPACK.cpp:56] Could not initialize NNPACK! Reason: Unsupported hardware.
[W1228 16:08:09.551522706 NNPACK.cpp:56] Could not initialize NNPACK! Reason: Unsupported hardware.
[W1228 16:08:09.557956946 NNPACK.cpp:56] Could not initialize NNPACK! Reason: Unsupported hardware.
[W1228 16:08:09.561332742 NNPACK.cpp:56] Could not initialize NNPACK! Reason: Unsupported hardware.
[W1228 16:08:09.565989018 NNPACK.cpp:56] Could not initialize NNPACK! Reason: Unsupported hardware.
[W1228 16:08:09.569077152 NNPACK.cpp:56] Could not initialize NNPACK! Reason: Unsupported hardware.
[W1228 16:08:09.573421256 NNPACK.cpp:56] Could not initialize NNPACK! Reason: Unsupported hardware.
[W1228 16:08:09.586722999 NNPACK.cpp:56] Could not initialize NNPACK! Reason: Unsupported hardware.
[W1228 16:08:09.605145232 NNPACK.cpp:56] Could not initialize NNPACK! Reason: Unsupported hardware.
[W1228 16:08:09.611443241 NNPACK.cpp:56] Could not initialize NNPACK! Reason: Unsupported hardware.
[W1228 16:08:09.618198103 NNPACK.cpp:56] Could not initialize NNPACK! Reason: Unsupported hardware.
[W1228 16:08:09.620762933 NNPACK.cpp:56] Could not initialize NNPACK! Reason: Unsupported hardware.
[W1228 16:08:09.623739806 NNPACK.cpp:56] Could not initialize NNPACK! Reason: Unsupported hardware.
[W1228 16:08:09.625419699 NNPACK.cpp:56] Could not initialize NNPACK! Reason: Unsupported hardware.
0: 640x640 1 person, 1 bed, 147.5ms
Speed: 2.2ms preprocess, 147.5ms inference, 0.8ms postprocess per image at shape (1, 3, 640, 640)
INFO:     127.0.0.1:54038 - "POST /identify HTTP/1.1" 200 OK
Falling back to default species list

[W1228 16:08:13.585873252 NNPACK.cpp:56] Could not initialize NNPACK! Reason: Unsupported hardware.
[W1228 16:08:13.593220119 NNPACK.cpp:56] Could not initialize NNPACK! Reason: Unsupported hardware.
[W1228 16:08:13.599293296 NNPACK.cpp:56] Could not initialize NNPACK! Reason: Unsupported hardware.
[W1228 16:08:13.608066043 NNPACK.cpp:56] Could not initialize NNPACK! Reason: Unsupported hardware.
[W1228 16:08:13.613380875 NNPACK.cpp:56] Could not initialize NNPACK! Reason: Unsupported hardware.
[W1228 16:08:13.621173474 NNPACK.cpp:56] Could not initialize NNPACK! Reason: Unsupported hardware.
[W1228 16:08:13.625932342 NNPACK.cpp:56] Could not initialize NNPACK! Reason: Unsupported hardware.
[W1228 16:08:13.630043833 NNPACK.cpp:56] Could not initialize NNPACK! Reason: Unsupported hardware.
[W1228 16:08:13.631163991 NNPACK.cpp:56] Could not initialize NNPACK! Reason: Unsupported hardware.
[W1228 16:08:13.638894781 NNPACK.cpp:56] Could not initialize NNPACK! Reason: Unsupported hardware.
[W1228 16:08:13.641915815 NNPACK.cpp:56] Could not initialize NNPACK! Reason: Unsupported hardware.
[W1228 16:08:13.647482738 NNPACK.cpp:56] Could not initialize NNPACK! Reason: Unsupported hardware.
[W1228 16:08:13.649630545 NNPACK.cpp:56] Could not initialize NNPACK! Reason: Unsupported hardware.
[W1228 16:08:13.656092125 NNPACK.cpp:56] Could not initialize NNPACK! Reason: Unsupported hardware.
[W1228 16:08:13.659566792 NNPACK.cpp:56] Could not initialize NNPACK! Reason: Unsupported hardware.
[W1228 16:08:13.664189327 NNPACK.cpp:56] Could not initialize NNPACK! Reason: Unsupported hardware.
[W1228 16:08:13.667313782 NNPACK.cpp:56] Could not initialize NNPACK! Reason: Unsupported hardware.
[W1228 16:08:13.671748996 NNPACK.cpp:56] Could not initialize NNPACK! Reason: Unsupported hardware.
[W1228 16:08:13.685079998 NNPACK.cpp:56] Could not initialize NNPACK! Reason: Unsupported hardware.
[W1228 16:08:13.703631442 NNPACK.cpp:56] Could not initialize NNPACK! Reason: Unsupported hardware.
[W1228 16:08:13.710101232 NNPACK.cpp:56] Could not initialize NNPACK! Reason: Unsupported hardware.
[W1228 16:08:13.716838604 NNPACK.cpp:56] Could not initialize NNPACK! Reason: Unsupported hardware.
[W1228 16:08:13.719414874 NNPACK.cpp:56] Could not initialize NNPACK! Reason: Unsupported hardware.
[W1228 16:08:13.722327736 NNPACK.cpp:56] Could not initialize NNPACK! Reason: Unsupported hardware.
[W1228 16:08:13.724036420 NNPACK.cpp:56] Could not initialize NNPACK! Reason: Unsupported hardware.
0: 640x640 1 person, 147.6ms
Speed: 2.2ms preprocess, 147.6ms inference, 0.8ms postprocess per image at shape (1, 3, 640, 640)
INFO:     127.0.0.1:54038 - "POST /identify HTTP/1.1" 200 OK
Falling back to default species list

[W1228 16:08:17.206930127 NNPACK.cpp:56] Could not initialize NNPACK! Reason: Unsupported hardware.
[W1228 16:08:17.214265014 NNPACK.cpp:56] Could not initialize NNPACK! Reason: Unsupported hardware.
[W1228 16:08:17.220613633 NNPACK.cpp:56] Could not initialize NNPACK! Reason: Unsupported hardware.
[W1228 16:08:17.229634202 NNPACK.cpp:56] Could not initialize NNPACK! Reason: Unsupported hardware.
[W1228 16:08:17.235188155 NNPACK.cpp:56] Could not initialize NNPACK! Reason: Unsupported hardware.
[W1228 16:08:17.243040425 NNPACK.cpp:56] Could not initialize NNPACK! Reason: Unsupported hardware.
[W1228 16:08:17.247803363 NNPACK.cpp:56] Could not initialize NNPACK! Reason: Unsupported hardware.
[W1228 16:08:17.252041145 NNPACK.cpp:56] Could not initialize NNPACK! Reason: Unsupported hardware.
[W1228 16:08:17.253167523 NNPACK.cpp:56] Could not initialize NNPACK! Reason: Unsupported hardware.
[W1228 16:08:17.260941943 NNPACK.cpp:56] Could not initialize NNPACK! Reason: Unsupported hardware.
[W1228 16:08:17.264061358 NNPACK.cpp:56] Could not initialize NNPACK! Reason: Unsupported hardware.
[W1228 16:08:17.269703070 NNPACK.cpp:56] Could not initialize NNPACK! Reason: Unsupported hardware.
[W1228 16:08:17.271886438 NNPACK.cpp:56] Could not initialize NNPACK! Reason: Unsupported hardware.
[W1228 16:08:17.278368928 NNPACK.cpp:56] Could not initialize NNPACK! Reason: Unsupported hardware.
[W1228 16:08:17.281905395 NNPACK.cpp:56] Could not initialize NNPACK! Reason: Unsupported hardware.
[W1228 16:08:17.286558851 NNPACK.cpp:56] Could not initialize NNPACK! Reason: Unsupported hardware.
[W1228 16:08:17.289601324 NNPACK.cpp:56] Could not initialize NNPACK! Reason: Unsupported hardware.
[W1228 16:08:17.294040969 NNPACK.cpp:56] Could not initialize NNPACK! Reason: Unsupported hardware.
[W1228 16:08:17.307247390 NNPACK.cpp:56] Could not initialize NNPACK! Reason: Unsupported hardware.
[W1228 16:08:17.325399069 NNPACK.cpp:56] Could not initialize NNPACK! Reason: Unsupported hardware.
[W1228 16:08:17.331512386 NNPACK.cpp:56] Could not initialize NNPACK! Reason: Unsupported hardware.
[W1228 16:08:17.338269839 NNPACK.cpp:56] Could not initialize NNPACK! Reason: Unsupported hardware.
[W1228 16:08:17.340828298 NNPACK.cpp:56] Could not initialize NNPACK! Reason: Unsupported hardware.
[W1228 16:08:17.343796271 NNPACK.cpp:56] Could not initialize NNPACK! Reason: Unsupported hardware.
[W1228 16:08:17.345483794 NNPACK.cpp:56] Could not initialize NNPACK! Reason: Unsupported hardware.
0: 640x640 1 person, 147.9ms
Speed: 2.2ms preprocess, 147.9ms inference, 0.8ms postprocess per image at shape (1, 3, 640, 640)
INFO:     127.0.0.1:54038 - "POST /identify HTTP/1.1" 200 OK
Falling back to default species list

[W1228 16:08:21.364467003 NNPACK.cpp:56] Could not initialize NNPACK! Reason: Unsupported hardware.
[W1228 16:08:21.373494883 NNPACK.cpp:56] Could not initialize NNPACK! Reason: Unsupported hardware.
[W1228 16:08:21.381259203 NNPACK.cpp:56] Could not initialize NNPACK! Reason: Unsupported hardware.
[W1228 16:08:21.392206266 NNPACK.cpp:56] Could not initialize NNPACK! Reason: Unsupported hardware.
[W1228 16:08:21.398762777 NNPACK.cpp:56] Could not initialize NNPACK! Reason: Unsupported hardware.
[W1228 16:08:21.408628482 NNPACK.cpp:56] Could not initialize NNPACK! Reason: Unsupported hardware.
[W1228 16:08:21.414694160 NNPACK.cpp:56] Could not initialize NNPACK! Reason: Unsupported hardware.
[W1228 16:08:21.419045313 NNPACK.cpp:56] Could not initialize NNPACK! Reason: Unsupported hardware.
[W1228 16:08:21.420243061 NNPACK.cpp:56] Could not initialize NNPACK! Reason: Unsupported hardware.
[W1228 16:08:21.428291603 NNPACK.cpp:56] Could not initialize NNPACK! Reason: Unsupported hardware.
[W1228 16:08:21.431448908 NNPACK.cpp:56] Could not initialize NNPACK! Reason: Unsupported hardware.
[W1228 16:08:21.437195352 NNPACK.cpp:56] Could not initialize NNPACK! Reason: Unsupported hardware.
[W1228 16:08:21.439434979 NNPACK.cpp:56] Could not initialize NNPACK! Reason: Unsupported hardware.
[W1228 16:08:21.445982419 NNPACK.cpp:56] Could not initialize NNPACK! Reason: Unsupported hardware.
[W1228 16:08:21.449509676 NNPACK.cpp:56] Could not initialize NNPACK! Reason: Unsupported hardware.
[W1228 16:08:21.454173382 NNPACK.cpp:56] Could not initialize NNPACK! Reason: Unsupported hardware.
[W1228 16:08:21.457235226 NNPACK.cpp:56] Could not initialize NNPACK! Reason: Unsupported hardware.
[W1228 16:08:21.461703160 NNPACK.cpp:56] Could not initialize NNPACK! Reason: Unsupported hardware.
[W1228 16:08:21.475055893 NNPACK.cpp:56] Could not initialize NNPACK! Reason: Unsupported hardware.
[W1228 16:08:21.493327743 NNPACK.cpp:56] Could not initialize NNPACK! Reason: Unsupported hardware.
[W1228 16:08:21.499494270 NNPACK.cpp:56] Could not initialize NNPACK! Reason: Unsupported hardware.
[W1228 16:08:21.506287782 NNPACK.cpp:56] Could not initialize NNPACK! Reason: Unsupported hardware.
[W1228 16:08:21.508922403 NNPACK.cpp:56] Could not initialize NNPACK! Reason: Unsupported hardware.
[W1228 16:08:21.511916585 NNPACK.cpp:56] Could not initialize NNPACK! Reason: Unsupported hardware.
[W1228 16:08:21.513625718 NNPACK.cpp:56] Could not initialize NNPACK! Reason: Unsupported hardware.
0: 640x640 1 person, 158.7ms
Speed: 3.1ms preprocess, 158.7ms inference, 0.8ms postprocess per image at shape (1, 3, 640, 640)
INFO:     127.0.0.1:54038 - "POST /identify HTTP/1.1" 200 OK
Falling back to default species list

[W1228 16:16:09.485517034 NNPACK.cpp:56] Could not initialize NNPACK! Reason: Unsupported hardware.
[W1228 16:16:09.492918665 NNPACK.cpp:56] Could not initialize NNPACK! Reason: Unsupported hardware.
[W1228 16:16:09.499106890 NNPACK.cpp:56] Could not initialize NNPACK! Reason: Unsupported hardware.
[W1228 16:16:09.509099347 NNPACK.cpp:56] Could not initialize NNPACK! Reason: Unsupported hardware.
[W1228 16:16:09.515665095 NNPACK.cpp:56] Could not initialize NNPACK! Reason: Unsupported hardware.
[W1228 16:16:09.525344750 NNPACK.cpp:56] Could not initialize NNPACK! Reason: Unsupported hardware.
[W1228 16:16:09.531671866 NNPACK.cpp:56] Could not initialize NNPACK! Reason: Unsupported hardware.
[W1228 16:16:09.536976365 NNPACK.cpp:56] Could not initialize NNPACK! Reason: Unsupported hardware.
[W1228 16:16:09.538134382 NNPACK.cpp:56] Could not initialize NNPACK! Reason: Unsupported hardware.
[W1228 16:16:09.546048037 NNPACK.cpp:56] Could not initialize NNPACK! Reason: Unsupported hardware.
[W1228 16:16:09.549240705 NNPACK.cpp:56] Could not initialize NNPACK! Reason: Unsupported hardware.
[W1228 16:16:09.554902267 NNPACK.cpp:56] Could not initialize NNPACK! Reason: Unsupported hardware.
[W1228 16:16:09.557029918 NNPACK.cpp:56] Could not initialize NNPACK! Reason: Unsupported hardware.
[W1228 16:16:09.563420366 NNPACK.cpp:56] Could not initialize NNPACK! Reason: Unsupported hardware.
[W1228 16:16:09.566860264 NNPACK.cpp:56] Could not initialize NNPACK! Reason: Unsupported hardware.
[W1228 16:16:09.571458061 NNPACK.cpp:56] Could not initialize NNPACK! Reason: Unsupported hardware.
[W1228 16:16:09.574489118 NNPACK.cpp:56] Could not initialize NNPACK! Reason: Unsupported hardware.
[W1228 16:16:09.578849682 NNPACK.cpp:56] Could not initialize NNPACK! Reason: Unsupported hardware.
[W1228 16:16:09.592108728 NNPACK.cpp:56] Could not initialize NNPACK! Reason: Unsupported hardware.
[W1228 16:16:09.610407251 NNPACK.cpp:56] Could not initialize NNPACK! Reason: Unsupported hardware.
[W1228 16:16:09.616738497 NNPACK.cpp:56] Could not initialize NNPACK! Reason: Unsupported hardware.
[W1228 16:16:09.623619247 NNPACK.cpp:56] Could not initialize NNPACK! Reason: Unsupported hardware.
[W1228 16:16:09.626179851 NNPACK.cpp:56] Could not initialize NNPACK! Reason: Unsupported hardware.
[W1228 16:16:09.629122357 NNPACK.cpp:56] Could not initialize NNPACK! Reason: Unsupported hardware.
[W1228 16:16:09.630930617 NNPACK.cpp:56] Could not initialize NNPACK! Reason: Unsupported hardware.
0: 640x640 1 person, 1 bed, 155.1ms
Speed: 2.2ms preprocess, 155.1ms inference, 0.8ms postprocess per image at shape (1, 3, 640, 640)
INFO:     127.0.0.1:53200 - "POST /identify HTTP/1.1" 200 OK
Falling back to default species list

[W1228 16:16:12.956895408 NNPACK.cpp:56] Could not initialize NNPACK! Reason: Unsupported hardware.
[W1228 16:16:12.964460131 NNPACK.cpp:56] Could not initialize NNPACK! Reason: Unsupported hardware.
[W1228 16:16:12.970566416 NNPACK.cpp:56] Could not initialize NNPACK! Reason: Unsupported hardware.
[W1228 16:16:12.979442306 NNPACK.cpp:56] Could not initialize NNPACK! Reason: Unsupported hardware.
[W1228 16:16:12.984888647 NNPACK.cpp:56] Could not initialize NNPACK! Reason: Unsupported hardware.
[W1228 16:16:12.992822432 NNPACK.cpp:56] Could not initialize NNPACK! Reason: Unsupported hardware.
[W1228 16:16:12.997644679 NNPACK.cpp:56] Could not initialize NNPACK! Reason: Unsupported hardware.
[W1228 16:16:12.001893013 NNPACK.cpp:56] Could not initialize NNPACK! Reason: Unsupported hardware.
[W1228 16:16:12.003075859 NNPACK.cpp:56] Could not initialize NNPACK! Reason: Unsupported hardware.
[W1228 16:16:12.011151815 NNPACK.cpp:56] Could not initialize NNPACK! Reason: Unsupported hardware.
[W1228 16:16:12.014224533 NNPACK.cpp:56] Could not initialize NNPACK! Reason: Unsupported hardware.
[W1228 16:16:12.019994396 NNPACK.cpp:56] Could not initialize NNPACK! Reason: Unsupported hardware.
[W1228 16:16:12.022178488 NNPACK.cpp:56] Could not initialize NNPACK! Reason: Unsupported hardware.
[W1228 16:16:12.028737095 NNPACK.cpp:56] Could not initialize NNPACK! Reason: Unsupported hardware.
[W1228 16:16:12.032310815 NNPACK.cpp:56] Could not initialize NNPACK! Reason: Unsupported hardware.
[W1228 16:16:12.036977651 NNPACK.cpp:56] Could not initialize NNPACK! Reason: Unsupported hardware.
[W1228 16:16:12.040165580 NNPACK.cpp:56] Could not initialize NNPACK! Reason: Unsupported hardware.
[W1228 16:16:12.044642395 NNPACK.cpp:56] Could not initialize NNPACK! Reason: Unsupported hardware.
[W1228 16:16:12.058074061 NNPACK.cpp:56] Could not initialize NNPACK! Reason: Unsupported hardware.
[W1228 16:16:12.076619796 NNPACK.cpp:56] Could not initialize NNPACK! Reason: Unsupported hardware.
[W1228 16:16:12.082902101 NNPACK.cpp:56] Could not initialize NNPACK! Reason: Unsupported hardware.
[W1228 16:16:13.089786961 NNPACK.cpp:56] Could not initialize NNPACK! Reason: Unsupported hardware.
[W1228 16:16:13.092483316 NNPACK.cpp:56] Could not initialize NNPACK! Reason: Unsupported hardware.
[W1228 16:16:13.095478132 NNPACK.cpp:56] Could not initialize NNPACK! Reason: Unsupported hardware.
[W1228 16:16:13.097333123 NNPACK.cpp:56] Could not initialize NNPACK! Reason: Unsupported hardware.
0: 640x640 1 person, 1 bed, 150.2ms
Speed: 2.3ms preprocess, 150.2ms inference, 0.8ms postprocess per image at shape (1, 3, 640, 640)
INFO:     127.0.0.1:53200 - "POST /identify HTTP/1.1" 200 OK
Falling back to default species list

[W1228 16:16:16.623592014 NNPACK.cpp:56] Could not initialize NNPACK! Reason: Unsupported hardware.
[W1228 16:16:16.631627720 NNPACK.cpp:56] Could not initialize NNPACK! Reason: Unsupported hardware.
[W1228 16:16:16.638382158 NNPACK.cpp:56] Could not initialize NNPACK! Reason: Unsupported hardware.
[W1228 16:16:16.648121003 NNPACK.cpp:56] Could not initialize NNPACK! Reason: Unsupported hardware.
[W1228 16:16:16.654047236 NNPACK.cpp:56] Could not initialize NNPACK! Reason: Unsupported hardware.
[W1228 16:16:16.662754876 NNPACK.cpp:56] Could not initialize NNPACK! Reason: Unsupported hardware.
[W1228 16:16:16.668231897 NNPACK.cpp:56] Could not initialize NNPACK! Reason: Unsupported hardware.
[W1228 16:16:16.673104234 NNPACK.cpp:56] Could not initialize NNPACK! Reason: Unsupported hardware.
[W1228 16:16:16.674441482 NNPACK.cpp:56] Could not initialize NNPACK! Reason: Unsupported hardware.
[W1228 16:16:16.683527133 NNPACK.cpp:56] Could not initialize NNPACK! Reason: Unsupported hardware.
[W1228 16:16:16.687112683 NNPACK.cpp:56] Could not initialize NNPACK! Reason: Unsupported hardware.
[W1228 16:16:16.693477559 NNPACK.cpp:56] Could not initialize NNPACK! Reason: Unsupported hardware.
[W1228 16:16:16.696155025 NNPACK.cpp:56] Could not initialize NNPACK! Reason: Unsupported hardware.
[W1228 16:16:16.703451285 NNPACK.cpp:56] Could not initialize NNPACK! Reason: Unsupported hardware.
[W1228 16:16:16.707406218 NNPACK.cpp:56] Could not initialize NNPACK! Reason: Unsupported hardware.
[W1228 16:16:16.712558897 NNPACK.cpp:56] Could not initialize NNPACK! Reason: Unsupported hardware.
[W1228 16:16:16.716019116 NNPACK.cpp:56] Could not initialize NNPACK! Reason: Unsupported hardware.
[W1228 16:16:16.721024805 NNPACK.cpp:56] Could not initialize NNPACK! Reason: Unsupported hardware.
[W1228 16:16:16.734480331 NNPACK.cpp:56] Could not initialize NNPACK! Reason: Unsupported hardware.
[W1228 16:16:16.752732524 NNPACK.cpp:56] Could not initialize NNPACK! Reason: Unsupported hardware.
[W1228 16:16:16.758897789 NNPACK.cpp:56] Could not initialize NNPACK! Reason: Unsupported hardware.
[W1228 16:16:16.765642976 NNPACK.cpp:56] Could not initialize NNPACK! Reason: Unsupported hardware.
[W1228 16:16:16.768226232 NNPACK.cpp:56] Could not initialize NNPACK! Reason: Unsupported hardware.
[W1228 16:16:16.771188758 NNPACK.cpp:56] Could not initialize NNPACK! Reason: Unsupported hardware.
[W1228 16:16:16.773060919 NNPACK.cpp:56] Could not initialize NNPACK! Reason: Unsupported hardware.
0: 640x640 1 person, 1 bed, 160.1ms
Speed: 2.7ms preprocess, 160.1ms inference, 0.9ms postprocess per image at shape (1, 3, 640, 640)
INFO:     127.0.0.1:53200 - "POST /identify HTTP/1.1" 200 OK
Falling back to default species list

[W1228 16:16:19.049698940 NNPACK.cpp:56] Could not initialize NNPACK! Reason: Unsupported hardware.
[W1228 16:16:19.057597614 NNPACK.cpp:56] Could not initialize NNPACK! Reason: Unsupported hardware.
[W1228 16:16:19.063798369 NNPACK.cpp:56] Could not initialize NNPACK! Reason: Unsupported hardware.
[W1228 16:16:19.072630410 NNPACK.cpp:56] Could not initialize NNPACK! Reason: Unsupported hardware.
[W1228 16:16:19.077956899 NNPACK.cpp:56] Could not initialize NNPACK! Reason: Unsupported hardware.
[W1228 16:16:19.085731743 NNPACK.cpp:56] Could not initialize NNPACK! Reason: Unsupported hardware.
[W1228 16:16:20.091467765 NNPACK.cpp:56] Could not initialize NNPACK! Reason: Unsupported hardware.
[W1228 16:16:20.095654619 NNPACK.cpp:56] Could not initialize NNPACK! Reason: Unsupported hardware.
[W1228 16:16:20.096774346 NNPACK.cpp:56] Could not initialize NNPACK! Reason: Unsupported hardware.
[W1228 16:16:20.104795291 NNPACK.cpp:56] Could not initialize NNPACK! Reason: Unsupported hardware.
[W1228 16:16:20.107794727 NNPACK.cpp:56] Could not initialize NNPACK! Reason: Unsupported hardware.
[W1228 16:16:20.113458279 NNPACK.cpp:56] Could not initialize NNPACK! Reason: Unsupported hardware.
[W1228 16:16:20.115635782 NNPACK.cpp:56] Could not initialize NNPACK! Reason: Unsupported hardware.
[W1228 16:16:20.122212398 NNPACK.cpp:56] Could not initialize NNPACK! Reason: Unsupported hardware.
[W1228 16:16:20.125702658 NNPACK.cpp:56] Could not initialize NNPACK! Reason: Unsupported hardware.
[W1228 16:16:20.130367064 NNPACK.cpp:56] Could not initialize NNPACK! Reason: Unsupported hardware.
[W1228 16:16:20.133405472 NNPACK.cpp:56] Could not initialize NNPACK! Reason: Unsupported hardware.
[W1228 16:16:20.137809717 NNPACK.cpp:56] Could not initialize NNPACK! Reason: Unsupported hardware.
[W1228 16:16:20.151026201 NNPACK.cpp:56] Could not initialize NNPACK! Reason: Unsupported hardware.
[W1228 16:16:20.169242864 NNPACK.cpp:56] Could not initialize NNPACK! Reason: Unsupported hardware.
[W1228 16:16:20.175376009 NNPACK.cpp:56] Could not initialize NNPACK! Reason: Unsupported hardware.
[W1228 16:16:20.182144056 NNPACK.cpp:56] Could not initialize NNPACK! Reason: Unsupported hardware.
[W1228 16:16:20.184726272 NNPACK.cpp:56] Could not initialize NNPACK! Reason: Unsupported hardware.
[W1228 16:16:20.187684598 NNPACK.cpp:56] Could not initialize NNPACK! Reason: Unsupported hardware.
[W1228 16:16:20.189442008 NNPACK.cpp:56] Could not initialize NNPACK! Reason: Unsupported hardware.
0: 640x640 1 person, 1 bed, 149.2ms
Speed: 2.1ms preprocess, 149.2ms inference, 0.8ms postprocess per image at shape (1, 3, 640, 640)
INFO:     127.0.0.1:53200 - "POST /identify HTTP/1.1" 200 OK
Falling back to default species list

[W1228 16:16:23.506778938 NNPACK.cpp:56] Could not initialize NNPACK! Reason: Unsupported hardware.
[W1228 16:16:23.514098910 NNPACK.cpp:56] Could not initialize NNPACK! Reason: Unsupported hardware.
[W1228 16:16:23.520184344 NNPACK.cpp:56] Could not initialize NNPACK! Reason: Unsupported hardware.
[W1228 16:16:23.528854833 NNPACK.cpp:56] Could not initialize NNPACK! Reason: Unsupported hardware.
[W1228 16:16:23.534117933 NNPACK.cpp:56] Could not initialize NNPACK! Reason: Unsupported hardware.
[W1228 16:16:23.542181218 NNPACK.cpp:56] Could not initialize NNPACK! Reason: Unsupported hardware.
[W1228 16:16:23.546862444 NNPACK.cpp:56] Could not initialize NNPACK! Reason: Unsupported hardware.
[W1228 16:16:23.550967118 NNPACK.cpp:56] Could not initialize NNPACK! Reason: Unsupported hardware.
[W1228 16:16:23.552096364 NNPACK.cpp:56] Could not initialize NNPACK! Reason: Unsupported hardware.
[W1228 16:16:23.560042629 NNPACK.cpp:56] Could not initialize NNPACK! Reason: Unsupported hardware.
[W1228 16:16:23.563074486 NNPACK.cpp:56] Could not initialize NNPACK! Reason: Unsupported hardware.
[W1228 16:16:23.568653897 NNPACK.cpp:56] Could not initialize NNPACK! Reason: Unsupported hardware.
[W1228 16:16:23.570811709 NNPACK.cpp:56] Could not initialize NNPACK! Reason: Unsupported hardware.
[W1228 16:16:23.577392756 NNPACK.cpp:56] Could not initialize NNPACK! Reason: Unsupported hardware.
[W1228 16:16:23.580857255 NNPACK.cpp:56] Could not initialize NNPACK! Reason: Unsupported hardware.
[W1228 16:16:23.585531852 NNPACK.cpp:56] Could not initialize NNPACK! Reason: Unsupported hardware.
[W1228 16:16:23.588574639 NNPACK.cpp:56] Could not initialize NNPACK! Reason: Unsupported hardware.
[W1228 16:16:23.592966024 NNPACK.cpp:56] Could not initialize NNPACK! Reason: Unsupported hardware.
[W1228 16:16:23.606400729 NNPACK.cpp:56] Could not initialize NNPACK! Reason: Unsupported hardware.
[W1228 16:16:23.624587772 NNPACK.cpp:56] Could not initialize NNPACK! Reason: Unsupported hardware.
[W1228 16:16:23.630854827 NNPACK.cpp:56] Could not initialize NNPACK! Reason: Unsupported hardware.
[W1228 16:16:23.637631025 NNPACK.cpp:56] Could not initialize NNPACK! Reason: Unsupported hardware.
[W1228 16:16:23.640215880 NNPACK.cpp:56] Could not initialize NNPACK! Reason: Unsupported hardware.
[W1228 16:16:23.643127547 NNPACK.cpp:56] Could not initialize NNPACK! Reason: Unsupported hardware.
[W1228 16:16:23.644817065 NNPACK.cpp:56] Could not initialize NNPACK! Reason: Unsupported hardware.
0: 640x640 1 person, 1 bed, 147.4ms
Speed: 2.1ms preprocess, 147.4ms inference, 0.8ms postprocess per image at shape (1, 3, 640, 640)
INFO:     127.0.0.1:53200 - "POST /identify HTTP/1.1" 200 OK
Falling back to default species list

[W1228 16:18:12.713206155 NNPACK.cpp:56] Could not initialize NNPACK! Reason: Unsupported hardware.
[W1228 16:18:12.720573394 NNPACK.cpp:56] Could not initialize NNPACK! Reason: Unsupported hardware.
[W1228 16:18:12.727042240 NNPACK.cpp:56] Could not initialize NNPACK! Reason: Unsupported hardware.
[W1228 16:18:12.735919227 NNPACK.cpp:56] Could not initialize NNPACK! Reason: Unsupported hardware.
[W1228 16:18:12.741238386 NNPACK.cpp:56] Could not initialize NNPACK! Reason: Unsupported hardware.
[W1228 16:18:12.748945808 NNPACK.cpp:56] Could not initialize NNPACK! Reason: Unsupported hardware.
[W1228 16:18:12.753763853 NNPACK.cpp:56] Could not initialize NNPACK! Reason: Unsupported hardware.
[W1228 16:18:12.757881705 NNPACK.cpp:56] Could not initialize NNPACK! Reason: Unsupported hardware.
[W1228 16:18:12.759027222 NNPACK.cpp:56] Could not initialize NNPACK! Reason: Unsupported hardware.
[W1228 16:18:12.766747723 NNPACK.cpp:56] Could not initialize NNPACK! Reason: Unsupported hardware.
[W1228 16:18:12.769905820 NNPACK.cpp:56] Could not initialize NNPACK! Reason: Unsupported hardware.
[W1228 16:18:12.775580651 NNPACK.cpp:56] Could not initialize NNPACK! Reason: Unsupported hardware.
[W1228 16:18:12.777736932 NNPACK.cpp:56] Could not initialize NNPACK! Reason: Unsupported hardware.
[W1228 16:18:12.784353967 NNPACK.cpp:56] Could not initialize NNPACK! Reason: Unsupported hardware.
[W1228 16:18:12.787869977 NNPACK.cpp:56] Could not initialize NNPACK! Reason: Unsupported hardware.
[W1228 16:18:12.792578742 NNPACK.cpp:56] Could not initialize NNPACK! Reason: Unsupported hardware.
[W1228 16:18:12.795597608 NNPACK.cpp:56] Could not initialize NNPACK! Reason: Unsupported hardware.
[W1228 16:18:12.800019392 NNPACK.cpp:56] Could not initialize NNPACK! Reason: Unsupported hardware.
[W1228 16:18:12.813316774 NNPACK.cpp:56] Could not initialize NNPACK! Reason: Unsupported hardware.
[W1228 16:18:12.831695652 NNPACK.cpp:56] Could not initialize NNPACK! Reason: Unsupported hardware.
[W1228 16:18:12.837862016 NNPACK.cpp:56] Could not initialize NNPACK! Reason: Unsupported hardware.
[W1228 16:18:12.844655482 NNPACK.cpp:56] Could not initialize NNPACK! Reason: Unsupported hardware.
[W1228 16:18:12.847321587 NNPACK.cpp:56] Could not initialize NNPACK! Reason: Unsupported hardware.
[W1228 16:18:12.850274852 NNPACK.cpp:56] Could not initialize NNPACK! Reason: Unsupported hardware.
[W1228 16:18:12.851968651 NNPACK.cpp:56] Could not initialize NNPACK! Reason: Unsupported hardware.
0: 640x640 1 person, 148.2ms
Speed: 2.3ms preprocess, 148.2ms inference, 0.9ms postprocess per image at shape (1, 3, 640, 640)
INFO:     127.0.0.1:35310 - "POST /identify HTTP/1.1" 200 OK
Falling back to default species list

[W1228 16:18:16.576063448 NNPACK.cpp:56] Could not initialize NNPACK! Reason: Unsupported hardware.
[W1228 16:18:16.583612368 NNPACK.cpp:56] Could not initialize NNPACK! Reason: Unsupported hardware.
[W1228 16:18:16.589881782 NNPACK.cpp:56] Could not initialize NNPACK! Reason: Unsupported hardware.
[W1228 16:18:16.598908960 NNPACK.cpp:56] Could not initialize NNPACK! Reason: Unsupported hardware.
[W1228 16:18:16.604321350 NNPACK.cpp:56] Could not initialize NNPACK! Reason: Unsupported hardware.
[W1228 16:18:16.612161592 NNPACK.cpp:56] Could not initialize NNPACK! Reason: Unsupported hardware.
[W1228 16:18:16.616929447 NNPACK.cpp:56] Could not initialize NNPACK! Reason: Unsupported hardware.
[W1228 16:18:16.621029449 NNPACK.cpp:56] Could not initialize NNPACK! Reason: Unsupported hardware.
[W1228 16:18:16.622185566 NNPACK.cpp:56] Could not initialize NNPACK! Reason: Unsupported hardware.
[W1228 16:18:16.629757846 NNPACK.cpp:56] Could not initialize NNPACK! Reason: Unsupported hardware.
[W1228 16:18:16.632688482 NNPACK.cpp:56] Could not initialize NNPACK! Reason: Unsupported hardware.
[W1228 16:18:16.638261402 NNPACK.cpp:56] Could not initialize NNPACK! Reason: Unsupported hardware.
[W1228 16:18:16.640414743 NNPACK.cpp:56] Could not initialize NNPACK! Reason: Unsupported hardware.
[W1228 16:18:16.646865378 NNPACK.cpp:56] Could not initialize NNPACK! Reason: Unsupported hardware.
[W1228 16:18:16.650592658 NNPACK.cpp:56] Could not initialize NNPACK! Reason: Unsupported hardware.
[W1228 16:18:16.655625025 NNPACK.cpp:56] Could not initialize NNPACK! Reason: Unsupported hardware.
[W1228 16:18:16.658660491 NNPACK.cpp:56] Could not initialize NNPACK! Reason: Unsupported hardware.
[W1228 16:18:16.663061965 NNPACK.cpp:56] Could not initialize NNPACK! Reason: Unsupported hardware.
[W1228 16:18:16.678853660 NNPACK.cpp:56] Could not initialize NNPACK! Reason: Unsupported hardware.
[W1228 16:18:16.698443425 NNPACK.cpp:56] Could not initialize NNPACK! Reason: Unsupported hardware.
[W1228 16:18:16.705353932 NNPACK.cpp:56] Could not initialize NNPACK! Reason: Unsupported hardware.
[W1228 16:18:16.712154789 NNPACK.cpp:56] Could not initialize NNPACK! Reason: Unsupported hardware.
[W1228 16:18:16.714697062 NNPACK.cpp:56] Could not initialize NNPACK! Reason: Unsupported hardware.
[W1228 16:18:16.717597527 NNPACK.cpp:56] Could not initialize NNPACK! Reason: Unsupported hardware.
[W1228 16:18:16.719497718 NNPACK.cpp:56] Could not initialize NNPACK! Reason: Unsupported hardware.
0: 640x640 1 person, 153.6ms
Speed: 2.2ms preprocess, 153.6ms inference, 1.2ms postprocess per image at shape (1, 3, 640, 640)
INFO:     127.0.0.1:35310 - "POST /identify HTTP/1.1" 200 OK
Falling back to default species list

[W1228 16:18:19.864784801 NNPACK.cpp:56] Could not initialize NNPACK! Reason: Unsupported hardware.
[W1228 16:18:19.872497392 NNPACK.cpp:56] Could not initialize NNPACK! Reason: Unsupported hardware.
[W1228 16:18:19.878805026 NNPACK.cpp:56] Could not initialize NNPACK! Reason: Unsupported hardware.
[W1228 16:18:19.887890104 NNPACK.cpp:56] Could not initialize NNPACK! Reason: Unsupported hardware.
[W1228 16:18:19.893412874 NNPACK.cpp:56] Could not initialize NNPACK! Reason: Unsupported hardware.
[W1228 16:18:19.901427947 NNPACK.cpp:56] Could not initialize NNPACK! Reason: Unsupported hardware.
[W1228 16:18:19.906253504 NNPACK.cpp:56] Could not initialize NNPACK! Reason: Unsupported hardware.
[W1228 16:18:19.910490166 NNPACK.cpp:56] Could not initialize NNPACK! Reason: Unsupported hardware.
[W1228 16:18:19.911631882 NNPACK.cpp:56] Could not initialize NNPACK! Reason: Unsupported hardware.
[W1228 16:18:19.920334379 NNPACK.cpp:56] Could not initialize NNPACK! Reason: Unsupported hardware.
[W1228 16:18:19.923433305 NNPACK.cpp:56] Could not initialize NNPACK! Reason: Unsupported hardware.
[W1228 16:18:19.929531618 NNPACK.cpp:56] Could not initialize NNPACK! Reason: Unsupported hardware.
[W1228 16:18:19.931746520 NNPACK.cpp:56] Could not initialize NNPACK! Reason: Unsupported hardware.
[W1228 16:18:19.938401056 NNPACK.cpp:56] Could not initialize NNPACK! Reason: Unsupported hardware.
[W1228 16:18:19.942017446 NNPACK.cpp:56] Could not initialize NNPACK! Reason: Unsupported hardware.
[W1228 16:18:19.946800061 NNPACK.cpp:56] Could not initialize NNPACK! Reason: Unsupported hardware.
[W1228 16:18:19.949955487 NNPACK.cpp:56] Could not initialize NNPACK! Reason: Unsupported hardware.
[W1228 16:18:19.954460872 NNPACK.cpp:56] Could not initialize NNPACK! Reason: Unsupported hardware.
[W1228 16:18:19.967777723 NNPACK.cpp:56] Could not initialize NNPACK! Reason: Unsupported hardware.
[W1228 16:18:19.986591884 NNPACK.cpp:56] Could not initialize NNPACK! Reason: Unsupported hardware.
[W1228 16:18:19.993152509 NNPACK.cpp:56] Could not initialize NNPACK! Reason: Unsupported hardware.
[W1228 16:18:19.000097197 NNPACK.cpp:56] Could not initialize NNPACK! Reason: Unsupported hardware.
[W1228 16:18:19.002777061 NNPACK.cpp:56] Could not initialize NNPACK! Reason: Unsupported hardware.
[W1228 16:18:19.005984098 NNPACK.cpp:56] Could not initialize NNPACK! Reason: Unsupported hardware.
[W1228 16:18:19.007925298 NNPACK.cpp:56] Could not initialize NNPACK! Reason: Unsupported hardware.
0: 640x640 1 person, 153.1ms
Speed: 2.4ms preprocess, 153.1ms inference, 1.0ms postprocess per image at shape (1, 3, 640, 640)
INFO:     127.0.0.1:35310 - "POST /identify HTTP/1.1" 200 OK
Falling back to default species list

[W1228 16:18:23.418507222 NNPACK.cpp:56] Could not initialize NNPACK! Reason: Unsupported hardware.
[W1228 16:18:23.425854521 NNPACK.cpp:56] Could not initialize NNPACK! Reason: Unsupported hardware.
[W1228 16:18:23.431977024 NNPACK.cpp:56] Could not initialize NNPACK! Reason: Unsupported hardware.
[W1228 16:18:23.440773051 NNPACK.cpp:56] Could not initialize NNPACK! Reason: Unsupported hardware.
[W1228 16:18:23.447090355 NNPACK.cpp:56] Could not initialize NNPACK! Reason: Unsupported hardware.
[W1228 16:18:23.454816517 NNPACK.cpp:56] Could not initialize NNPACK! Reason: Unsupported hardware.
[W1228 16:18:23.459666142 NNPACK.cpp:56] Could not initialize NNPACK! Reason: Unsupported hardware.
[W1228 16:18:23.463897225 NNPACK.cpp:56] Could not initialize NNPACK! Reason: Unsupported hardware.
[W1228 16:18:23.465029671 NNPACK.cpp:56] Could not initialize NNPACK! Reason: Unsupported hardware.
[W1228 16:18:23.472803533 NNPACK.cpp:56] Could not initialize NNPACK! Reason: Unsupported hardware.
[W1228 16:18:23.475863509 NNPACK.cpp:56] Could not initialize NNPACK! Reason: Unsupported hardware.
[W1228 16:18:23.481641790 NNPACK.cpp:56] Could not initialize NNPACK! Reason: Unsupported hardware.
[W1228 16:18:23.483843782 NNPACK.cpp:56] Could not initialize NNPACK! Reason: Unsupported hardware.
[W1228 16:18:23.490392397 NNPACK.cpp:56] Could not initialize NNPACK! Reason: Unsupported hardware.
[W1228 16:18:23.493978046 NNPACK.cpp:56] Could not initialize NNPACK! Reason: Unsupported hardware.
[W1228 16:18:23.498855543 NNPACK.cpp:56] Could not initialize NNPACK! Reason: Unsupported hardware.
[W1228 16:18:23.501970539 NNPACK.cpp:56] Could not initialize NNPACK! Reason: Unsupported hardware.
[W1228 16:18:23.506531534 NNPACK.cpp:56] Could not initialize NNPACK! Reason: Unsupported hardware.
[W1228 16:18:23.520049496 NNPACK.cpp:56] Could not initialize NNPACK! Reason: Unsupported hardware.
[W1228 16:18:23.538567365 NNPACK.cpp:56] Could not initialize NNPACK! Reason: Unsupported hardware.
[W1228 16:18:23.544866029 NNPACK.cpp:56] Could not initialize NNPACK! Reason: Unsupported hardware.
[W1228 16:18:23.551683225 NNPACK.cpp:56] Could not initialize NNPACK! Reason: Unsupported hardware.
[W1228 16:18:23.554321479 NNPACK.cpp:56] Could not initialize NNPACK! Reason: Unsupported hardware.
[W1228 16:18:23.557342986 NNPACK.cpp:56] Could not initialize NNPACK! Reason: Unsupported hardware.
[W1228 16:18:23.559097545 NNPACK.cpp:56] Could not initialize NNPACK! Reason: Unsupported hardware.
0: 640x640 1 person, 150.0ms
Speed: 2.2ms preprocess, 150.0ms inference, 0.9ms postprocess per image at shape (1, 3, 640, 640)
INFO:     127.0.0.1:35310 - "POST /identify HTTP/1.1" 200 OK
Falling back to default species list

[W1228 16:18:27.244930385 NNPACK.cpp:56] Could not initialize NNPACK! Reason: Unsupported hardware.
[W1228 16:18:27.252265425 NNPACK.cpp:56] Could not initialize NNPACK! Reason: Unsupported hardware.
[W1228 16:18:27.258408267 NNPACK.cpp:56] Could not initialize NNPACK! Reason: Unsupported hardware.
[W1228 16:18:27.267233005 NNPACK.cpp:56] Could not initialize NNPACK! Reason: Unsupported hardware.
[W1228 16:18:27.272601163 NNPACK.cpp:56] Could not initialize NNPACK! Reason: Unsupported hardware.
[W1228 16:18:27.280402925 NNPACK.cpp:56] Could not initialize NNPACK! Reason: Unsupported hardware.
[W1228 16:18:27.285450502 NNPACK.cpp:56] Could not initialize NNPACK! Reason: Unsupported hardware.
[W1228 16:18:27.289631555 NNPACK.cpp:56] Could not initialize NNPACK! Reason: Unsupported hardware.
[W1228 16:18:27.290754330 NNPACK.cpp:56] Could not initialize NNPACK! Reason: Unsupported hardware.
[W1228 16:18:27.298484712 NNPACK.cpp:56] Could not initialize NNPACK! Reason: Unsupported hardware.
[W1228 16:18:27.301502508 NNPACK.cpp:56] Could not initialize NNPACK! Reason: Unsupported hardware.
[W1228 16:18:27.307153389 NNPACK.cpp:56] Could not initialize NNPACK! Reason: Unsupported hardware.
[W1228 16:18:27.309308590 NNPACK.cpp:56] Could not initialize NNPACK! Reason: Unsupported hardware.
[W1228 16:18:27.315843155 NNPACK.cpp:56] Could not initialize NNPACK! Reason: Unsupported hardware.
[W1228 16:18:27.319725646 NNPACK.cpp:56] Could not initialize NNPACK! Reason: Unsupported hardware.
[W1228 16:18:27.324422540 NNPACK.cpp:56] Could not initialize NNPACK! Reason: Unsupported hardware.
[W1228 16:18:27.327484277 NNPACK.cpp:56] Could not initialize NNPACK! Reason: Unsupported hardware.
[W1228 16:18:27.331946811 NNPACK.cpp:56] Could not initialize NNPACK! Reason: Unsupported hardware.
[W1228 16:18:27.345310733 NNPACK.cpp:56] Could not initialize NNPACK! Reason: Unsupported hardware.
[W1228 16:18:27.363569010 NNPACK.cpp:56] Could not initialize NNPACK! Reason: Unsupported hardware.
[W1228 16:18:27.369717593 NNPACK.cpp:56] Could not initialize NNPACK! Reason: Unsupported hardware.
[W1228 16:18:27.376497849 NNPACK.cpp:56] Could not initialize NNPACK! Reason: Unsupported hardware.
[W1228 16:18:27.379156604 NNPACK.cpp:56] Could not initialize NNPACK! Reason: Unsupported hardware.
[W1228 16:18:27.382162889 NNPACK.cpp:56] Could not initialize NNPACK! Reason: Unsupported hardware.
[W1228 16:18:27.383930129 NNPACK.cpp:56] Could not initialize NNPACK! Reason: Unsupported hardware.
0: 640x640 1 person, 148.4ms
Speed: 2.2ms preprocess, 148.4ms inference, 0.8ms postprocess per image at shape (1, 3, 640, 640)
INFO:     127.0.0.1:35310 - "POST /identify HTTP/1.1" 200 OK
Falling back to default species list

[W1228 16:22:40.450643089 NNPACK.cpp:56] Could not initialize NNPACK! Reason: Unsupported hardware.
[W1228 16:22:40.457742805 NNPACK.cpp:56] Could not initialize NNPACK! Reason: Unsupported hardware.
[W1228 16:22:40.463690404 NNPACK.cpp:56] Could not initialize NNPACK! Reason: Unsupported hardware.
[W1228 16:22:40.472420167 NNPACK.cpp:56] Could not initialize NNPACK! Reason: Unsupported hardware.
[W1228 16:22:40.477692634 NNPACK.cpp:56] Could not initialize NNPACK! Reason: Unsupported hardware.
[W1228 16:22:40.485253110 NNPACK.cpp:56] Could not initialize NNPACK! Reason: Unsupported hardware.
[W1228 16:22:40.489934944 NNPACK.cpp:56] Could not initialize NNPACK! Reason: Unsupported hardware.
[W1228 16:22:40.493982404 NNPACK.cpp:56] Could not initialize NNPACK! Reason: Unsupported hardware.
[W1228 16:22:40.495121499 NNPACK.cpp:56] Could not initialize NNPACK! Reason: Unsupported hardware.
[W1228 16:22:40.502704507 NNPACK.cpp:56] Could not initialize NNPACK! Reason: Unsupported hardware.
[W1228 16:22:40.505533152 NNPACK.cpp:56] Could not initialize NNPACK! Reason: Unsupported hardware.
[W1228 16:22:40.510976608 NNPACK.cpp:56] Could not initialize NNPACK! Reason: Unsupported hardware.
[W1228 16:22:40.513075338 NNPACK.cpp:56] Could not initialize NNPACK! Reason: Unsupported hardware.
[W1228 16:22:40.519373100 NNPACK.cpp:56] Could not initialize NNPACK! Reason: Unsupported hardware.
[W1228 16:22:40.522757276 NNPACK.cpp:56] Could not initialize NNPACK! Reason: Unsupported hardware.
[W1228 16:22:40.527309499 NNPACK.cpp:56] Could not initialize NNPACK! Reason: Unsupported hardware.
[W1228 16:22:40.530252114 NNPACK.cpp:56] Could not initialize NNPACK! Reason: Unsupported hardware.
[W1228 16:22:40.534540555 NNPACK.cpp:56] Could not initialize NNPACK! Reason: Unsupported hardware.
[W1228 16:22:40.547467769 NNPACK.cpp:56] Could not initialize NNPACK! Reason: Unsupported hardware.
[W1228 16:22:40.565530869 NNPACK.cpp:56] Could not initialize NNPACK! Reason: Unsupported hardware.
[W1228 16:22:40.571559518 NNPACK.cpp:56] Could not initialize NNPACK! Reason: Unsupported hardware.
[W1228 16:22:40.578369232 NNPACK.cpp:56] Could not initialize NNPACK! Reason: Unsupported hardware.
[W1228 16:22:40.580854234 NNPACK.cpp:56] Could not initialize NNPACK! Reason: Unsupported hardware.
[W1228 16:22:40.583757049 NNPACK.cpp:56] Could not initialize NNPACK! Reason: Unsupported hardware.
[W1228 16:22:40.585404947 NNPACK.cpp:56] Could not initialize NNPACK! Reason: Unsupported hardware.
0: 640x640 1 person, 143.9ms
Speed: 2.1ms preprocess, 143.9ms inference, 0.8ms postprocess per image at shape (1, 3, 640, 640)
INFO:     127.0.0.1:52808 - "POST /identify HTTP/1.1" 200 OK
Falling back to default species list

[W1228 16:22:43.652667782 NNPACK.cpp:56] Could not initialize NNPACK! Reason: Unsupported hardware.
[W1228 16:22:43.660178039 NNPACK.cpp:56] Could not initialize NNPACK! Reason: Unsupported hardware.
[W1228 16:22:43.667493375 NNPACK.cpp:56] Could not initialize NNPACK! Reason: Unsupported hardware.
[W1228 16:22:43.676806371 NNPACK.cpp:56] Could not initialize NNPACK! Reason: Unsupported hardware.
[W1228 16:22:43.683347833 NNPACK.cpp:56] Could not initialize NNPACK! Reason: Unsupported hardware.
[W1228 16:22:43.693222182 NNPACK.cpp:56] Could not initialize NNPACK! Reason: Unsupported hardware.
[W1228 16:22:43.699639104 NNPACK.cpp:56] Could not initialize NNPACK! Reason: Unsupported hardware.
[W1228 16:22:43.704420208 NNPACK.cpp:56] Could not initialize NNPACK! Reason: Unsupported hardware.
[W1228 16:22:43.705593014 NNPACK.cpp:56] Could not initialize NNPACK! Reason: Unsupported hardware.
[W1228 16:22:43.715436462 NNPACK.cpp:56] Could not initialize NNPACK! Reason: Unsupported hardware.
[W1228 16:22:43.719285571 NNPACK.cpp:56] Could not initialize NNPACK! Reason: Unsupported hardware.
[W1228 16:22:43.726370946 NNPACK.cpp:56] Could not initialize NNPACK! Reason: Unsupported hardware.
[W1228 16:22:43.729344031 NNPACK.cpp:56] Could not initialize NNPACK! Reason: Unsupported hardware.
[W1228 16:22:43.736896508 NNPACK.cpp:56] Could not initialize NNPACK! Reason: Unsupported hardware.
[W1228 16:22:43.740576736 NNPACK.cpp:56] Could not initialize NNPACK! Reason: Unsupported hardware.
[W1228 16:22:43.746103624 NNPACK.cpp:56] Could not initialize NNPACK! Reason: Unsupported hardware.
[W1228 16:22:43.749101788 NNPACK.cpp:56] Could not initialize NNPACK! Reason: Unsupported hardware.
[W1228 16:22:43.753469140 NNPACK.cpp:56] Could not initialize NNPACK! Reason: Unsupported hardware.
[W1228 16:22:43.766634625 NNPACK.cpp:56] Could not initialize NNPACK! Reason: Unsupported hardware.
[W1228 16:22:43.784913306 NNPACK.cpp:56] Could not initialize NNPACK! Reason: Unsupported hardware.
[W1228 16:22:43.791436118 NNPACK.cpp:56] Could not initialize NNPACK! Reason: Unsupported hardware.
[W1228 16:22:43.798264512 NNPACK.cpp:56] Could not initialize NNPACK! Reason: Unsupported hardware.
[W1228 16:22:43.800820864 NNPACK.cpp:56] Could not initialize NNPACK! Reason: Unsupported hardware.
[W1228 16:22:43.803783269 NNPACK.cpp:56] Could not initialize NNPACK! Reason: Unsupported hardware.
[W1228 16:22:43.805598468 NNPACK.cpp:56] Could not initialize NNPACK! Reason: Unsupported hardware.
0: 640x640 1 person, 162.3ms
Speed: 2.2ms preprocess, 162.3ms inference, 0.8ms postprocess per image at shape (1, 3, 640, 640)
INFO:     127.0.0.1:52808 - "POST /identify HTTP/1.1" 200 OK
Falling back to default species list

[W1228 16:22:46.899063381 NNPACK.cpp:56] Could not initialize NNPACK! Reason: Unsupported hardware.
[W1228 16:22:46.906679139 NNPACK.cpp:56] Could not initialize NNPACK! Reason: Unsupported hardware.
[W1228 16:22:46.912846699 NNPACK.cpp:56] Could not initialize NNPACK! Reason: Unsupported hardware.
[W1228 16:22:46.921516361 NNPACK.cpp:56] Could not initialize NNPACK! Reason: Unsupported hardware.
[W1228 16:22:46.926785008 NNPACK.cpp:56] Could not initialize NNPACK! Reason: Unsupported hardware.
[W1228 16:22:46.934426616 NNPACK.cpp:56] Could not initialize NNPACK! Reason: Unsupported hardware.
[W1228 16:22:46.939285109 NNPACK.cpp:56] Could not initialize NNPACK! Reason: Unsupported hardware.
[W1228 16:22:46.943340129 NNPACK.cpp:56] Could not initialize NNPACK! Reason: Unsupported hardware.
[W1228 16:22:46.944444825 NNPACK.cpp:56] Could not initialize NNPACK! Reason: Unsupported hardware.
[W1228 16:22:46.952162694 NNPACK.cpp:56] Could not initialize NNPACK! Reason: Unsupported hardware.
[W1228 16:22:46.955160088 NNPACK.cpp:56] Could not initialize NNPACK! Reason: Unsupported hardware.
[W1228 16:22:46.960651065 NNPACK.cpp:56] Could not initialize NNPACK! Reason: Unsupported hardware.
[W1228 16:22:46.962792876 NNPACK.cpp:56] Could not initialize NNPACK! Reason: Unsupported hardware.
[W1228 16:22:46.969535929 NNPACK.cpp:56] Could not initialize NNPACK! Reason: Unsupported hardware.
[W1228 16:22:46.973100527 NNPACK.cpp:56] Could not initialize NNPACK! Reason: Unsupported hardware.
[W1228 16:22:46.977728589 NNPACK.cpp:56] Could not initialize NNPACK! Reason: Unsupported hardware.
[W1228 16:22:46.980796905 NNPACK.cpp:56] Could not initialize NNPACK! Reason: Unsupported hardware.
[W1228 16:22:46.985165916 NNPACK.cpp:56] Could not initialize NNPACK! Reason: Unsupported hardware.
[W1228 16:22:46.998468932 NNPACK.cpp:56] Could not initialize NNPACK! Reason: Unsupported hardware.
[W1228 16:22:46.016591352 NNPACK.cpp:56] Could not initialize NNPACK! Reason: Unsupported hardware.
[W1228 16:22:46.022912553 NNPACK.cpp:56] Could not initialize NNPACK! Reason: Unsupported hardware.
[W1228 16:22:46.029636886 NNPACK.cpp:56] Could not initialize NNPACK! Reason: Unsupported hardware.
[W1228 16:22:46.032234989 NNPACK.cpp:56] Could not initialize NNPACK! Reason: Unsupported hardware.
[W1228 16:22:46.035150963 NNPACK.cpp:56] Could not initialize NNPACK! Reason: Unsupported hardware.
[W1228 16:22:46.036786632 NNPACK.cpp:56] Could not initialize NNPACK! Reason: Unsupported hardware.
0: 640x640 1 person, 147.2ms
Speed: 2.1ms preprocess, 147.2ms inference, 0.8ms postprocess per image at shape (1, 3, 640, 640)
INFO:     127.0.0.1:52808 - "POST /identify HTTP/1.1" 200 OK
Falling back to default species list

[W1228 16:22:50.033033150 NNPACK.cpp:56] Could not initialize NNPACK! Reason: Unsupported hardware.
[W1228 16:22:50.040305385 NNPACK.cpp:56] Could not initialize NNPACK! Reason: Unsupported hardware.
[W1228 16:22:50.046395095 NNPACK.cpp:56] Could not initialize NNPACK! Reason: Unsupported hardware.
[W1228 16:22:50.055127359 NNPACK.cpp:56] Could not initialize NNPACK! Reason: Unsupported hardware.
[W1228 16:22:50.060422465 NNPACK.cpp:56] Could not initialize NNPACK! Reason: Unsupported hardware.
[W1228 16:22:50.068156933 NNPACK.cpp:56] Could not initialize NNPACK! Reason: Unsupported hardware.
[W1228 16:22:50.072876637 NNPACK.cpp:56] Could not initialize NNPACK! Reason: Unsupported hardware.
[W1228 16:22:50.077310389 NNPACK.cpp:56] Could not initialize NNPACK! Reason: Unsupported hardware.
[W1228 16:22:50.078438504 NNPACK.cpp:56] Could not initialize NNPACK! Reason: Unsupported hardware.
[W1228 16:22:50.086073792 NNPACK.cpp:56] Could not initialize NNPACK! Reason: Unsupported hardware.
[W1228 16:22:51.089032417 NNPACK.cpp:56] Could not initialize NNPACK! Reason: Unsupported hardware.
[W1228 16:22:51.094551443 NNPACK.cpp:56] Could not initialize NNPACK! Reason: Unsupported hardware.
[W1228 16:22:51.096683225 NNPACK.cpp:56] Could not initialize NNPACK! Reason: Unsupported hardware.
[W1228 16:22:51.103080096 NNPACK.cpp:56] Could not initialize NNPACK! Reason: Unsupported hardware.
[W1228 16:22:51.106472632 NNPACK.cpp:56] Could not initialize NNPACK! Reason: Unsupported hardware.
[W1228 16:22:51.111080136 NNPACK.cpp:56] Could not initialize NNPACK! Reason: Unsupported hardware.
[W1228 16:22:51.114070920 NNPACK.cpp:56] Could not initialize NNPACK! Reason: Unsupported hardware.
[W1228 16:22:51.118395781 NNPACK.cpp:56] Could not initialize NNPACK! Reason: Unsupported hardware.
[W1228 16:22:51.131753077 NNPACK.cpp:56] Could not initialize NNPACK! Reason: Unsupported hardware.
[W1228 16:22:51.149895107 NNPACK.cpp:56] Could not initialize NNPACK! Reason: Unsupported hardware.
[W1228 16:22:51.155968407 NNPACK.cpp:56] Could not initialize NNPACK! Reason: Unsupported hardware.
[W1228 16:22:51.162691949 NNPACK.cpp:56] Could not initialize NNPACK! Reason: Unsupported hardware.
[W1228 16:22:51.165209413 NNPACK.cpp:56] Could not initialize NNPACK! Reason: Unsupported hardware.
[W1228 16:22:51.168100356 NNPACK.cpp:56] Could not initialize NNPACK! Reason: Unsupported hardware.
[W1228 16:22:51.169787135 NNPACK.cpp:56] Could not initialize NNPACK! Reason: Unsupported hardware.
0: 640x640 1 person, 146.2ms
Speed: 2.1ms preprocess, 146.2ms inference, 0.8ms postprocess per image at shape (1, 3, 640, 640)
INFO:     127.0.0.1:52808 - "POST /identify HTTP/1.1" 200 OK
Falling back to default species list

[W1228 16:22:54.344718571 NNPACK.cpp:56] Could not initialize NNPACK! Reason: Unsupported hardware.
[W1228 16:22:54.351885897 NNPACK.cpp:56] Could not initialize NNPACK! Reason: Unsupported hardware.
[W1228 16:22:54.358705600 NNPACK.cpp:56] Could not initialize NNPACK! Reason: Unsupported hardware.
[W1228 16:22:54.367993587 NNPACK.cpp:56] Could not initialize NNPACK! Reason: Unsupported hardware.
[W1228 16:22:54.373687635 NNPACK.cpp:56] Could not initialize NNPACK! Reason: Unsupported hardware.
[W1228 16:22:54.381974255 NNPACK.cpp:56] Could not initialize NNPACK! Reason: Unsupported hardware.
[W1228 16:22:54.386966220 NNPACK.cpp:56] Could not initialize NNPACK! Reason: Unsupported hardware.
[W1228 16:22:54.391193221 NNPACK.cpp:56] Could not initialize NNPACK! Reason: Unsupported hardware.
[W1228 16:22:54.392315256 NNPACK.cpp:56] Could not initialize NNPACK! Reason: Unsupported hardware.
[W1228 16:22:54.400051865 NNPACK.cpp:56] Could not initialize NNPACK! Reason: Unsupported hardware.
[W1228 16:22:54.403039210 NNPACK.cpp:56] Could not initialize NNPACK! Reason: Unsupported hardware.
[W1228 16:22:54.408681667 NNPACK.cpp:56] Could not initialize NNPACK! Reason: Unsupported hardware.
[W1228 16:22:54.410841967 NNPACK.cpp:56] Could not initialize NNPACK! Reason: Unsupported hardware.
[W1228 16:22:54.417696892 NNPACK.cpp:56] Could not initialize NNPACK! Reason: Unsupported hardware.
[W1228 16:22:54.421378490 NNPACK.cpp:56] Could not initialize NNPACK! Reason: Unsupported hardware.
[W1228 16:22:54.426162363 NNPACK.cpp:56] Could not initialize NNPACK! Reason: Unsupported hardware.
[W1228 16:22:54.429257709 NNPACK.cpp:56] Could not initialize NNPACK! Reason: Unsupported hardware.
[W1228 16:22:54.433856111 NNPACK.cpp:56] Could not initialize NNPACK! Reason: Unsupported hardware.
[W1228 16:22:54.447535599 NNPACK.cpp:56] Could not initialize NNPACK! Reason: Unsupported hardware.
[W1228 16:22:54.466202301 NNPACK.cpp:56] Could not initialize NNPACK! Reason: Unsupported hardware.
[W1228 16:22:54.472486382 NNPACK.cpp:56] Could not initialize NNPACK! Reason: Unsupported hardware.
[W1228 16:22:54.480804402 NNPACK.cpp:56] Could not initialize NNPACK! Reason: Unsupported hardware.
[W1228 16:22:54.483607427 NNPACK.cpp:56] Could not initialize NNPACK! Reason: Unsupported hardware.
[W1228 16:22:54.486760612 NNPACK.cpp:56] Could not initialize NNPACK! Reason: Unsupported hardware.
[W1228 16:22:54.488645761 NNPACK.cpp:56] Could not initialize NNPACK! Reason: Unsupported hardware.
0: 640x640 2 persons, 153.4ms
Speed: 2.1ms preprocess, 153.4ms inference, 0.8ms postprocess per image at shape (1, 3, 640, 640)
INFO:     127.0.0.1:52808 - "POST /identify HTTP/1.1" 200 OK
Falling back to default species list

[W103 15:21:22.292357033 NNPACK.cpp:56] Could not initialize NNPACK! Reason: Unsupported hardware.
[W103 15:21:22.301257751 NNPACK.cpp:56] Could not initialize NNPACK! Reason: Unsupported hardware.
[W103 15:21:22.308532683 NNPACK.cpp:56] Could not initialize NNPACK! Reason: Unsupported hardware.
[W103 15:21:22.317895720 NNPACK.cpp:56] Could not initialize NNPACK! Reason: Unsupported hardware.
[W103 15:21:22.324837032 NNPACK.cpp:56] Could not initialize NNPACK! Reason: Unsupported hardware.
[W103 15:21:22.333412210 NNPACK.cpp:56] Could not initialize NNPACK! Reason: Unsupported hardware.
[W103 15:21:22.338924484 NNPACK.cpp:56] Could not initialize NNPACK! Reason: Unsupported hardware.
[W103 15:21:22.343975687 NNPACK.cpp:56] Could not initialize NNPACK! Reason: Unsupported hardware.
[W103 15:21:22.345402475 NNPACK.cpp:56] Could not initialize NNPACK! Reason: Unsupported hardware.
[W103 15:21:22.353752924 NNPACK.cpp:56] Could not initialize NNPACK! Reason: Unsupported hardware.
[W103 15:21:22.357391220 NNPACK.cpp:56] Could not initialize NNPACK! Reason: Unsupported hardware.
[W103 15:21:22.363378072 NNPACK.cpp:56] Could not initialize NNPACK! Reason: Unsupported hardware.
[W103 15:21:22.365826099 NNPACK.cpp:56] Could not initialize NNPACK! Reason: Unsupported hardware.
[W103 15:21:22.374326088 NNPACK.cpp:56] Could not initialize NNPACK! Reason: Unsupported hardware.
[W103 15:21:22.377988803 NNPACK.cpp:56] Could not initialize NNPACK! Reason: Unsupported hardware.
[W103 15:21:22.383064697 NNPACK.cpp:56] Could not initialize NNPACK! Reason: Unsupported hardware.
[W103 15:21:22.386498223 NNPACK.cpp:56] Could not initialize NNPACK! Reason: Unsupported hardware.
[W103 15:21:22.391667486 NNPACK.cpp:56] Could not initialize NNPACK! Reason: Unsupported hardware.
[W103 15:21:22.405381699 NNPACK.cpp:56] Could not initialize NNPACK! Reason: Unsupported hardware.
[W103 15:21:22.424409315 NNPACK.cpp:56] Could not initialize NNPACK! Reason: Unsupported hardware.
[W103 15:21:22.431274026 NNPACK.cpp:56] Could not initialize NNPACK! Reason: Unsupported hardware.
[W103 15:21:22.438552957 NNPACK.cpp:56] Could not initialize NNPACK! Reason: Unsupported hardware.
[W103 15:21:22.441816982 NNPACK.cpp:56] Could not initialize NNPACK! Reason: Unsupported hardware.
[W103 15:21:22.445427288 NNPACK.cpp:56] Could not initialize NNPACK! Reason: Unsupported hardware.
[W103 15:21:22.447512095 NNPACK.cpp:56] Could not initialize NNPACK! Reason: Unsupported hardware.
0: 640x640 1 traffic light, 171.6ms
Speed: 4.7ms preprocess, 171.6ms inference, 1.7ms postprocess per image at shape (1, 3, 640, 640)
INFO:     127.0.0.1:38830 - "POST /identify HTTP/1.1" 200 OK
Falling back to default species list

[W103 15:21:25.749778120 NNPACK.cpp:56] Could not initialize NNPACK! Reason: Unsupported hardware.
[W103 15:21:25.757322050 NNPACK.cpp:56] Could not initialize NNPACK! Reason: Unsupported hardware.
[W103 15:21:25.763724052 NNPACK.cpp:56] Could not initialize NNPACK! Reason: Unsupported hardware.
[W103 15:21:25.772744061 NNPACK.cpp:56] Could not initialize NNPACK! Reason: Unsupported hardware.
[W103 15:21:25.778243203 NNPACK.cpp:56] Could not initialize NNPACK! Reason: Unsupported hardware.
[W103 15:21:25.786346023 NNPACK.cpp:56] Could not initialize NNPACK! Reason: Unsupported hardware.
[W103 15:21:25.791128917 NNPACK.cpp:56] Could not initialize NNPACK! Reason: Unsupported hardware.
[W103 15:21:25.795284552 NNPACK.cpp:56] Could not initialize NNPACK! Reason: Unsupported hardware.
[W103 15:21:25.796418280 NNPACK.cpp:56] Could not initialize NNPACK! Reason: Unsupported hardware.
[W103 15:21:25.804521100 NNPACK.cpp:56] Could not initialize NNPACK! Reason: Unsupported hardware.
[W103 15:21:25.807849086 NNPACK.cpp:56] Could not initialize NNPACK! Reason: Unsupported hardware.
[W103 15:21:25.813552969 NNPACK.cpp:56] Could not initialize NNPACK! Reason: Unsupported hardware.
[W103 15:21:25.815748066 NNPACK.cpp:56] Could not initialize NNPACK! Reason: Unsupported hardware.
[W103 15:21:25.822396037 NNPACK.cpp:56] Could not initialize NNPACK! Reason: Unsupported hardware.
[W103 15:21:25.826095032 NNPACK.cpp:56] Could not initialize NNPACK! Reason: Unsupported hardware.
[W103 15:21:25.830721906 NNPACK.cpp:56] Could not initialize NNPACK! Reason: Unsupported hardware.
[W103 15:21:25.833720383 NNPACK.cpp:56] Could not initialize NNPACK! Reason: Unsupported hardware.
[W103 15:21:25.838175777 NNPACK.cpp:56] Could not initialize NNPACK! Reason: Unsupported hardware.
[W103 15:21:25.851740050 NNPACK.cpp:56] Could not initialize NNPACK! Reason: Unsupported hardware.
[W103 15:21:25.870305386 NNPACK.cpp:56] Could not initialize NNPACK! Reason: Unsupported hardware.
[W103 15:21:25.876466108 NNPACK.cpp:56] Could not initialize NNPACK! Reason: Unsupported hardware.
[W103 15:21:25.883417010 NNPACK.cpp:56] Could not initialize NNPACK! Reason: Unsupported hardware.
[W103 15:21:25.886131696 NNPACK.cpp:56] Could not initialize NNPACK! Reason: Unsupported hardware.
[W103 15:21:25.889216842 NNPACK.cpp:56] Could not initialize NNPACK! Reason: Unsupported hardware.
[W103 15:21:25.890917241 NNPACK.cpp:56] Could not initialize NNPACK! Reason: Unsupported hardware.
0: 640x640 1 traffic light, 151.2ms
Speed: 2.4ms preprocess, 151.2ms inference, 0.8ms postprocess per image at shape (1, 3, 640, 640)
INFO:     127.0.0.1:38830 - "POST /identify HTTP/1.1" 200 OK
Falling back to default species list

[W103 15:21:28.785639456 NNPACK.cpp:56] Could not initialize NNPACK! Reason: Unsupported hardware.
[W103 15:21:28.792997327 NNPACK.cpp:56] Could not initialize NNPACK! Reason: Unsupported hardware.
[W103 15:21:28.799179459 NNPACK.cpp:56] Could not initialize NNPACK! Reason: Unsupported hardware.
[W103 15:21:28.808068988 NNPACK.cpp:56] Could not initialize NNPACK! Reason: Unsupported hardware.
[W103 15:21:28.813436851 NNPACK.cpp:56] Could not initialize NNPACK! Reason: Unsupported hardware.
[W103 15:21:28.821397601 NNPACK.cpp:56] Could not initialize NNPACK! Reason: Unsupported hardware.
[W103 15:21:28.826229054 NNPACK.cpp:56] Could not initialize NNPACK! Reason: Unsupported hardware.
[W103 15:21:28.830421059 NNPACK.cpp:56] Could not initialize NNPACK! Reason: Unsupported hardware.
[W103 15:21:28.831560978 NNPACK.cpp:56] Could not initialize NNPACK! Reason: Unsupported hardware.
[W103 15:21:28.839683678 NNPACK.cpp:56] Could not initialize NNPACK! Reason: Unsupported hardware.
[W103 15:21:28.842734113 NNPACK.cpp:56] Could not initialize NNPACK! Reason: Unsupported hardware.
[W103 15:21:28.848433606 NNPACK.cpp:56] Could not initialize NNPACK! Reason: Unsupported hardware.
[W103 15:21:28.850590383 NNPACK.cpp:56] Could not initialize NNPACK! Reason: Unsupported hardware.
[W103 15:21:28.857209155 NNPACK.cpp:56] Could not initialize NNPACK! Reason: Unsupported hardware.
[W103 15:21:28.860667210 NNPACK.cpp:56] Could not initialize NNPACK! Reason: Unsupported hardware.
[W103 15:21:28.865351025 NNPACK.cpp:56] Could not initialize NNPACK! Reason: Unsupported hardware.
[W103 15:21:28.868455521 NNPACK.cpp:56] Could not initialize NNPACK! Reason: Unsupported hardware.
[W103 15:21:28.872976825 NNPACK.cpp:56] Could not initialize NNPACK! Reason: Unsupported hardware.
[W103 15:21:28.886640117 NNPACK.cpp:56] Could not initialize NNPACK! Reason: Unsupported hardware.
[W103 15:21:28.905264164 NNPACK.cpp:56] Could not initialize NNPACK! Reason: Unsupported hardware.
[W103 15:21:28.912541664 NNPACK.cpp:56] Could not initialize NNPACK! Reason: Unsupported hardware.
[W103 15:21:28.919398576 NNPACK.cpp:56] Could not initialize NNPACK! Reason: Unsupported hardware.
[W103 15:21:28.921984173 NNPACK.cpp:56] Could not initialize NNPACK! Reason: Unsupported hardware.
[W103 15:21:28.924993889 NNPACK.cpp:56] Could not initialize NNPACK! Reason: Unsupported hardware.
[W103 15:21:28.926778276 NNPACK.cpp:56] Could not initialize NNPACK! Reason: Unsupported hardware.
0: 640x640 1 traffic light, 150.8ms
Speed: 2.1ms preprocess, 150.8ms inference, 0.8ms postprocess per image at shape (1, 3, 640, 640)
INFO:     127.0.0.1:38830 - "POST /identify HTTP/1.1" 200 OK
Falling back to default species list

[W103 15:21:31.981086362 NNPACK.cpp:56] Could not initialize NNPACK! Reason: Unsupported hardware.
[W103 15:21:31.988325202 NNPACK.cpp:56] Could not initialize NNPACK! Reason: Unsupported hardware.
[W103 15:21:31.994450994 NNPACK.cpp:56] Could not initialize NNPACK! Reason: Unsupported hardware.
[W103 15:21:31.003291954 NNPACK.cpp:56] Could not initialize NNPACK! Reason: Unsupported hardware.
[W103 15:21:31.008750756 NNPACK.cpp:56] Could not initialize NNPACK! Reason: Unsupported hardware.
[W103 15:21:31.016508396 NNPACK.cpp:56] Could not initialize NNPACK! Reason: Unsupported hardware.
[W103 15:21:31.021297681 NNPACK.cpp:56] Could not initialize NNPACK! Reason: Unsupported hardware.
[W103 15:21:31.025460305 NNPACK.cpp:56] Could not initialize NNPACK! Reason: Unsupported hardware.
[W103 15:21:31.026583673 NNPACK.cpp:56] Could not initialize NNPACK! Reason: Unsupported hardware.
[W103 15:21:31.034795043 NNPACK.cpp:56] Could not initialize NNPACK! Reason: Unsupported hardware.
[W103 15:21:31.037740280 NNPACK.cpp:56] Could not initialize NNPACK! Reason: Unsupported hardware.
[W103 15:21:31.043368073 NNPACK.cpp:56] Could not initialize NNPACK! Reason: Unsupported hardware.
[W103 15:21:31.045545450 NNPACK.cpp:56] Could not initialize NNPACK! Reason: Unsupported hardware.
[W103 15:21:31.051911802 NNPACK.cpp:56] Could not initialize NNPACK! Reason: Unsupported hardware.
[W103 15:21:31.055417717 NNPACK.cpp:56] Could not initialize NNPACK! Reason: Unsupported hardware.
[W103 15:21:31.060076031 NNPACK.cpp:56] Could not initialize NNPACK! Reason: Unsupported hardware.
[W103 15:21:31.063099528 NNPACK.cpp:56] Could not initialize NNPACK! Reason: Unsupported hardware.
[W103 15:21:31.067698302 NNPACK.cpp:56] Could not initialize NNPACK! Reason: Unsupported hardware.
[W103 15:21:31.080899904 NNPACK.cpp:56] Could not initialize NNPACK! Reason: Unsupported hardware.
[W103 15:21:32.099074942 NNPACK.cpp:56] Could not initialize NNPACK! Reason: Unsupported hardware.
[W103 15:21:32.105196924 NNPACK.cpp:56] Could not initialize NNPACK! Reason: Unsupported hardware.
[W103 15:21:32.112040965 NNPACK.cpp:56] Could not initialize NNPACK! Reason: Unsupported hardware.
[W103 15:21:32.114935881 NNPACK.cpp:56] Could not initialize NNPACK! Reason: Unsupported hardware.
[W103 15:21:32.117969108 NNPACK.cpp:56] Could not initialize NNPACK! Reason: Unsupported hardware.
[W103 15:21:32.119751645 NNPACK.cpp:56] Could not initialize NNPACK! Reason: Unsupported hardware.
0: 640x640 1 traffic light, 148.2ms
Speed: 2.1ms preprocess, 148.2ms inference, 0.8ms postprocess per image at shape (1, 3, 640, 640)
INFO:     127.0.0.1:38830 - "POST /identify HTTP/1.1" 200 OK
Falling back to default species list

[W103 15:21:35.286563039 NNPACK.cpp:56] Could not initialize NNPACK! Reason: Unsupported hardware.
[W103 15:21:35.293970270 NNPACK.cpp:56] Could not initialize NNPACK! Reason: Unsupported hardware.
[W103 15:21:35.300361862 NNPACK.cpp:56] Could not initialize NNPACK! Reason: Unsupported hardware.
[W103 15:21:35.309478150 NNPACK.cpp:56] Could not initialize NNPACK! Reason: Unsupported hardware.
[W103 15:21:35.314913423 NNPACK.cpp:56] Could not initialize NNPACK! Reason: Unsupported hardware.
[W103 15:21:35.322899993 NNPACK.cpp:56] Could not initialize NNPACK! Reason: Unsupported hardware.
[W103 15:21:35.327963227 NNPACK.cpp:56] Could not initialize NNPACK! Reason: Unsupported hardware.
[W103 15:21:35.332211891 NNPACK.cpp:56] Could not initialize NNPACK! Reason: Unsupported hardware.
[W103 15:21:35.333322740 NNPACK.cpp:56] Could not initialize NNPACK! Reason: Unsupported hardware.
[W103 15:21:35.341499620 NNPACK.cpp:56] Could not initialize NNPACK! Reason: Unsupported hardware.
[W103 15:21:35.344541225 NNPACK.cpp:56] Could not initialize NNPACK! Reason: Unsupported hardware.
[W103 15:21:35.350240038 NNPACK.cpp:56] Could not initialize NNPACK! Reason: Unsupported hardware.
[W103 15:21:35.352357156 NNPACK.cpp:56] Could not initialize NNPACK! Reason: Unsupported hardware.
[W103 15:21:35.359139677 NNPACK.cpp:56] Could not initialize NNPACK! Reason: Unsupported hardware.
[W103 15:21:35.362816622 NNPACK.cpp:56] Could not initialize NNPACK! Reason: Unsupported hardware.
[W103 15:21:35.367620007 NNPACK.cpp:56] Could not initialize NNPACK! Reason: Unsupported hardware.
[W103 15:21:35.370749072 NNPACK.cpp:56] Could not initialize NNPACK! Reason: Unsupported hardware.
[W103 15:21:35.375347667 NNPACK.cpp:56] Could not initialize NNPACK! Reason: Unsupported hardware.
[W103 15:21:35.388699639 NNPACK.cpp:56] Could not initialize NNPACK! Reason: Unsupported hardware.
[W103 15:21:35.407300965 NNPACK.cpp:56] Could not initialize NNPACK! Reason: Unsupported hardware.
[W103 15:21:35.413644998 NNPACK.cpp:56] Could not initialize NNPACK! Reason: Unsupported hardware.
[W103 15:21:35.420562349 NNPACK.cpp:56] Could not initialize NNPACK! Reason: Unsupported hardware.
[W103 15:21:35.423269095 NNPACK.cpp:56] Could not initialize NNPACK! Reason: Unsupported hardware.
[W103 15:21:35.426205542 NNPACK.cpp:56] Could not initialize NNPACK! Reason: Unsupported hardware.
[W103 15:21:35.427982530 NNPACK.cpp:56] Could not initialize NNPACK! Reason: Unsupported hardware.
0: 640x640 1 traffic light, 151.1ms
Speed: 2.2ms preprocess, 151.1ms inference, 0.7ms postprocess per image at shape (1, 3, 640, 640)
INFO:     127.0.0.1:38830 - "POST /identify HTTP/1.1" 200 OK
Falling back to default species list

[W104 08:59:14.674019510 NNPACK.cpp:56] Could not initialize NNPACK! Reason: Unsupported hardware.
[W104 08:59:14.681772392 NNPACK.cpp:56] Could not initialize NNPACK! Reason: Unsupported hardware.
[W104 08:59:14.688550426 NNPACK.cpp:56] Could not initialize NNPACK! Reason: Unsupported hardware.
[W104 08:59:14.697328837 NNPACK.cpp:56] Could not initialize NNPACK! Reason: Unsupported hardware.
[W104 08:59:14.703362286 NNPACK.cpp:56] Could not initialize NNPACK! Reason: Unsupported hardware.
[W104 08:59:14.711174519 NNPACK.cpp:56] Could not initialize NNPACK! Reason: Unsupported hardware.
[W104 08:59:14.715925706 NNPACK.cpp:56] Could not initialize NNPACK! Reason: Unsupported hardware.
[W104 08:59:14.720044499 NNPACK.cpp:56] Could not initialize NNPACK! Reason: Unsupported hardware.
[W104 08:59:14.721168369 NNPACK.cpp:56] Could not initialize NNPACK! Reason: Unsupported hardware.
[W104 08:59:14.729302844 NNPACK.cpp:56] Could not initialize NNPACK! Reason: Unsupported hardware.
[W104 08:59:14.732150087 NNPACK.cpp:56] Could not initialize NNPACK! Reason: Unsupported hardware.
[W104 08:59:14.737630511 NNPACK.cpp:56] Could not initialize NNPACK! Reason: Unsupported hardware.
[W104 08:59:14.739735348 NNPACK.cpp:56] Could not initialize NNPACK! Reason: Unsupported hardware.
[W104 08:59:14.747540821 NNPACK.cpp:56] Could not initialize NNPACK! Reason: Unsupported hardware.
[W104 08:59:14.751033269 NNPACK.cpp:56] Could not initialize NNPACK! Reason: Unsupported hardware.
[W104 08:59:14.755710656 NNPACK.cpp:56] Could not initialize NNPACK! Reason: Unsupported hardware.
[W104 08:59:14.758741730 NNPACK.cpp:56] Could not initialize NNPACK! Reason: Unsupported hardware.
[W104 08:59:14.763137156 NNPACK.cpp:56] Could not initialize NNPACK! Reason: Unsupported hardware.
[W104 08:59:14.776518323 NNPACK.cpp:56] Could not initialize NNPACK! Reason: Unsupported hardware.
[W104 08:59:14.794750140 NNPACK.cpp:56] Could not initialize NNPACK! Reason: Unsupported hardware.
[W104 08:59:14.800792268 NNPACK.cpp:56] Could not initialize NNPACK! Reason: Unsupported hardware.
[W104 08:59:14.807524143 NNPACK.cpp:56] Could not initialize NNPACK! Reason: Unsupported hardware.
[W104 08:59:14.810048963 NNPACK.cpp:56] Could not initialize NNPACK! Reason: Unsupported hardware.
[W104 08:59:14.812972376 NNPACK.cpp:56] Could not initialize NNPACK! Reason: Unsupported hardware.
[W104 08:59:14.814670050 NNPACK.cpp:56] Could not initialize NNPACK! Reason: Unsupported hardware.
0: 640x640 (no detections), 151.0ms
Speed: 2.2ms preprocess, 151.0ms inference, 0.5ms postprocess per image at shape (1, 3, 640, 640)
INFO:     127.0.0.1:46100 - "POST /identify HTTP/1.1" 200 OK
Falling back to default species list

[W104 08:59:27.792470803 NNPACK.cpp:56] Could not initialize NNPACK! Reason: Unsupported hardware.
[W104 08:59:27.800074874 NNPACK.cpp:56] Could not initialize NNPACK! Reason: Unsupported hardware.
[W104 08:59:27.806448726 NNPACK.cpp:56] Could not initialize NNPACK! Reason: Unsupported hardware.
[W104 08:59:27.815546018 NNPACK.cpp:56] Could not initialize NNPACK! Reason: Unsupported hardware.
[W104 08:59:27.820977072 NNPACK.cpp:56] Could not initialize NNPACK! Reason: Unsupported hardware.
[W104 08:59:27.829141248 NNPACK.cpp:56] Could not initialize NNPACK! Reason: Unsupported hardware.
[W104 08:59:27.834144788 NNPACK.cpp:56] Could not initialize NNPACK! Reason: Unsupported hardware.
[W104 08:59:27.838460303 NNPACK.cpp:56] Could not initialize NNPACK! Reason: Unsupported hardware.
[W104 08:59:27.839604212 NNPACK.cpp:56] Could not initialize NNPACK! Reason: Unsupported hardware.
[W104 08:59:27.848134360 NNPACK.cpp:56] Could not initialize NNPACK! Reason: Unsupported hardware.
[W104 08:59:27.851255046 NNPACK.cpp:56] Could not initialize NNPACK! Reason: Unsupported hardware.
[W104 08:59:27.856975292 NNPACK.cpp:56] Could not initialize NNPACK! Reason: Unsupported hardware.
[W104 08:59:27.859236890 NNPACK.cpp:56] Could not initialize NNPACK! Reason: Unsupported hardware.
[W104 08:59:27.865897343 NNPACK.cpp:56] Could not initialize NNPACK! Reason: Unsupported hardware.
[W104 08:59:27.869531273 NNPACK.cpp:56] Could not initialize NNPACK! Reason: Unsupported hardware.
[W104 08:59:27.874267872 NNPACK.cpp:56] Could not initialize NNPACK! Reason: Unsupported hardware.
[W104 08:59:27.877342186 NNPACK.cpp:56] Could not initialize NNPACK! Reason: Unsupported hardware.
[W104 08:59:27.882049204 NNPACK.cpp:56] Could not initialize NNPACK! Reason: Unsupported hardware.
[W104 08:59:27.895631683 NNPACK.cpp:56] Could not initialize NNPACK! Reason: Unsupported hardware.
[W104 08:59:27.914361434 NNPACK.cpp:56] Could not initialize NNPACK! Reason: Unsupported hardware.
[W104 08:59:27.920646065 NNPACK.cpp:56] Could not initialize NNPACK! Reason: Unsupported hardware.
[W104 08:59:27.928199725 NNPACK.cpp:56] Could not initialize NNPACK! Reason: Unsupported hardware.
[W104 08:59:27.930958538 NNPACK.cpp:56] Could not initialize NNPACK! Reason: Unsupported hardware.
[W104 08:59:27.934037652 NNPACK.cpp:56] Could not initialize NNPACK! Reason: Unsupported hardware.
[W104 08:59:27.935883977 NNPACK.cpp:56] Could not initialize NNPACK! Reason: Unsupported hardware.
0: 640x640 (no detections), 153.1ms
Speed: 2.3ms preprocess, 153.1ms inference, 0.5ms postprocess per image at shape (1, 3, 640, 640)
INFO:     127.0.0.1:50870 - "POST /identify HTTP/1.1" 200 OK
Falling back to default species list

[W104 08:59:40.708167982 NNPACK.cpp:56] Could not initialize NNPACK! Reason: Unsupported hardware.
[W104 08:59:40.715457301 NNPACK.cpp:56] Could not initialize NNPACK! Reason: Unsupported hardware.
[W104 08:59:40.721624501 NNPACK.cpp:56] Could not initialize NNPACK! Reason: Unsupported hardware.
[W104 08:59:40.730476121 NNPACK.cpp:56] Could not initialize NNPACK! Reason: Unsupported hardware.
[W104 08:59:40.735833175 NNPACK.cpp:56] Could not initialize NNPACK! Reason: Unsupported hardware.
[W104 08:59:40.743669558 NNPACK.cpp:56] Could not initialize NNPACK! Reason: Unsupported hardware.
[W104 08:59:40.748470947 NNPACK.cpp:56] Could not initialize NNPACK! Reason: Unsupported hardware.
[W104 08:59:40.752638590 NNPACK.cpp:56] Could not initialize NNPACK! Reason: Unsupported hardware.
[W104 08:59:40.753794010 NNPACK.cpp:56] Could not initialize NNPACK! Reason: Unsupported hardware.
[W104 08:59:40.761927715 NNPACK.cpp:56] Could not initialize NNPACK! Reason: Unsupported hardware.
[W104 08:59:40.764931599 NNPACK.cpp:56] Could not initialize NNPACK! Reason: Unsupported hardware.
[W104 08:59:40.770671576 NNPACK.cpp:56] Could not initialize NNPACK! Reason: Unsupported hardware.
[W104 08:59:40.772968744 NNPACK.cpp:56] Could not initialize NNPACK! Reason: Unsupported hardware.
[W104 08:59:40.779445757 NNPACK.cpp:56] Could not initialize NNPACK! Reason: Unsupported hardware.
[W104 08:59:40.782961585 NNPACK.cpp:56] Could not initialize NNPACK! Reason: Unsupported hardware.
[W104 08:59:40.787695583 NNPACK.cpp:56] Could not initialize NNPACK! Reason: Unsupported hardware.
[W104 08:59:40.790763358 NNPACK.cpp:56] Could not initialize NNPACK! Reason: Unsupported hardware.
[W104 08:59:40.795231754 NNPACK.cpp:56] Could not initialize NNPACK! Reason: Unsupported hardware.
[W104 08:59:40.808753363 NNPACK.cpp:56] Could not initialize NNPACK! Reason: Unsupported hardware.
[W104 08:59:40.827163061 NNPACK.cpp:56] Could not initialize NNPACK! Reason: Unsupported hardware.
[W104 08:59:40.833302531 NNPACK.cpp:56] Could not initialize NNPACK! Reason: Unsupported hardware.
[W104 08:59:40.840590779 NNPACK.cpp:56] Could not initialize NNPACK! Reason: Unsupported hardware.
[W104 08:59:40.843312872 NNPACK.cpp:56] Could not initialize NNPACK! Reason: Unsupported hardware.
[W104 08:59:40.846768459 NNPACK.cpp:56] Could not initialize NNPACK! Reason: Unsupported hardware.
[W104 08:59:40.848513373 NNPACK.cpp:56] Could not initialize NNPACK! Reason: Unsupported hardware.
0: 640x640 (no detections), 149.8ms
Speed: 2.1ms preprocess, 149.8ms inference, 0.5ms postprocess per image at shape (1, 3, 640, 640)
INFO:     127.0.0.1:42640 - "POST /identify HTTP/1.1" 200 OK
Falling back to default species list

[W104 08:59:53.835208267 NNPACK.cpp:56] Could not initialize NNPACK! Reason: Unsupported hardware.
[W104 08:59:53.842683458 NNPACK.cpp:56] Could not initialize NNPACK! Reason: Unsupported hardware.
[W104 08:59:53.849055859 NNPACK.cpp:56] Could not initialize NNPACK! Reason: Unsupported hardware.
[W104 08:59:53.857846430 NNPACK.cpp:56] Could not initialize NNPACK! Reason: Unsupported hardware.
[W104 08:59:53.863170473 NNPACK.cpp:56] Could not initialize NNPACK! Reason: Unsupported hardware.
[W104 08:59:53.870924076 NNPACK.cpp:56] Could not initialize NNPACK! Reason: Unsupported hardware.
[W104 08:59:53.875827685 NNPACK.cpp:56] Could not initialize NNPACK! Reason: Unsupported hardware.
[W104 08:59:53.880049189 NNPACK.cpp:56] Could not initialize NNPACK! Reason: Unsupported hardware.
[W104 08:59:53.881189369 NNPACK.cpp:56] Could not initialize NNPACK! Reason: Unsupported hardware.
[W104 08:59:53.889356634 NNPACK.cpp:56] Could not initialize NNPACK! Reason: Unsupported hardware.
[W104 08:59:53.892396600 NNPACK.cpp:56] Could not initialize NNPACK! Reason: Unsupported hardware.
[W104 08:59:53.900757987 NNPACK.cpp:56] Could not initialize NNPACK! Reason: Unsupported hardware.
[W104 08:59:53.903382248 NNPACK.cpp:56] Could not initialize NNPACK! Reason: Unsupported hardware.
[W104 08:59:53.910743818 NNPACK.cpp:56] Could not initialize NNPACK! Reason: Unsupported hardware.
[W104 08:59:53.914454598 NNPACK.cpp:56] Could not initialize NNPACK! Reason: Unsupported hardware.
[W104 08:59:53.919240596 NNPACK.cpp:56] Could not initialize NNPACK! Reason: Unsupported hardware.
[W104 08:59:53.922364911 NNPACK.cpp:56] Could not initialize NNPACK! Reason: Unsupported hardware.
[W104 08:59:53.926932788 NNPACK.cpp:56] Could not initialize NNPACK! Reason: Unsupported hardware.
[W104 08:59:53.940263425 NNPACK.cpp:56] Could not initialize NNPACK! Reason: Unsupported hardware.
[W104 08:59:53.958863896 NNPACK.cpp:56] Could not initialize NNPACK! Reason: Unsupported hardware.
[W104 08:59:53.965331668 NNPACK.cpp:56] Could not initialize NNPACK! Reason: Unsupported hardware.
[W104 08:59:53.972279474 NNPACK.cpp:56] Could not initialize NNPACK! Reason: Unsupported hardware.
[W104 08:59:53.974904206 NNPACK.cpp:56] Could not initialize NNPACK! Reason: Unsupported hardware.
[W104 08:59:53.978055981 NNPACK.cpp:56] Could not initialize NNPACK! Reason: Unsupported hardware.
[W104 08:59:53.979798085 NNPACK.cpp:56] Could not initialize NNPACK! Reason: Unsupported hardware.
0: 640x640 (no detections), 154.1ms
Speed: 2.2ms preprocess, 154.1ms inference, 0.6ms postprocess per image at shape (1, 3, 640, 640)
INFO:     127.0.0.1:52900 - "POST /identify HTTP/1.1" 200 OK
Falling back to default species list

[W104 09:00:07.263467438 NNPACK.cpp:56] Could not initialize NNPACK! Reason: Unsupported hardware.
[W104 09:00:07.270949179 NNPACK.cpp:56] Could not initialize NNPACK! Reason: Unsupported hardware.
[W104 09:00:07.277355691 NNPACK.cpp:56] Could not initialize NNPACK! Reason: Unsupported hardware.
[W104 09:00:07.286230363 NNPACK.cpp:56] Could not initialize NNPACK! Reason: Unsupported hardware.
[W104 09:00:07.291846019 NNPACK.cpp:56] Could not initialize NNPACK! Reason: Unsupported hardware.
[W104 09:00:07.299533970 NNPACK.cpp:56] Could not initialize NNPACK! Reason: Unsupported hardware.
[W104 09:00:07.304374550 NNPACK.cpp:56] Could not initialize NNPACK! Reason: Unsupported hardware.
[W104 09:00:07.308515633 NNPACK.cpp:56] Could not initialize NNPACK! Reason: Unsupported hardware.
[W104 09:00:07.309651572 NNPACK.cpp:56] Could not initialize NNPACK! Reason: Unsupported hardware.
[W104 09:00:07.317918630 NNPACK.cpp:56] Could not initialize NNPACK! Reason: Unsupported hardware.
[W104 09:00:07.320866093 NNPACK.cpp:56] Could not initialize NNPACK! Reason: Unsupported hardware.
[W104 09:00:07.326565079 NNPACK.cpp:56] Could not initialize NNPACK! Reason: Unsupported hardware.
[W104 09:00:07.328746847 NNPACK.cpp:56] Could not initialize NNPACK! Reason: Unsupported hardware.
[W104 09:00:07.335346180 NNPACK.cpp:56] Could not initialize NNPACK! Reason: Unsupported hardware.
[W104 09:00:07.338888489 NNPACK.cpp:56] Could not initialize NNPACK! Reason: Unsupported hardware.
[W104 09:00:07.343681497 NNPACK.cpp:56] Could not initialize NNPACK! Reason: Unsupported hardware.
[W104 09:00:07.346821703 NNPACK.cpp:56] Could not initialize NNPACK! Reason: Unsupported hardware.
[W104 09:00:07.351299969 NNPACK.cpp:56] Could not initialize NNPACK! Reason: Unsupported hardware.
[W104 09:00:07.364679978 NNPACK.cpp:56] Could not initialize NNPACK! Reason: Unsupported hardware.
[W104 09:00:07.382908025 NNPACK.cpp:56] Could not initialize NNPACK! Reason: Unsupported hardware.
[W104 09:00:07.389061815 NNPACK.cpp:56] Could not initialize NNPACK! Reason: Unsupported hardware.
[W104 09:00:07.395780429 NNPACK.cpp:56] Could not initialize NNPACK! Reason: Unsupported hardware.
[W104 09:00:07.398332380 NNPACK.cpp:56] Could not initialize NNPACK! Reason: Unsupported hardware.
[W104 09:00:07.401267633 NNPACK.cpp:56] Could not initialize NNPACK! Reason: Unsupported hardware.
[W104 09:00:07.402947887 NNPACK.cpp:56] Could not initialize NNPACK! Reason: Unsupported hardware.
0: 640x640 (no detections), 148.9ms
Speed: 2.2ms preprocess, 148.9ms inference, 0.5ms postprocess per image at shape (1, 3, 640, 640)
INFO:     127.0.0.1:35500 - "POST /identify HTTP/1.1" 200 OK
Falling back to default species list

[W104 18:28:57.608368749 NNPACK.cpp:56] Could not initialize NNPACK! Reason: Unsupported hardware.
[W104 18:28:57.617120217 NNPACK.cpp:56] Could not initialize NNPACK! Reason: Unsupported hardware.
[W104 18:28:57.623335038 NNPACK.cpp:56] Could not initialize NNPACK! Reason: Unsupported hardware.
[W104 18:28:57.632538073 NNPACK.cpp:56] Could not initialize NNPACK! Reason: Unsupported hardware.
[W104 18:28:57.638982357 NNPACK.cpp:56] Could not initialize NNPACK! Reason: Unsupported hardware.
[W104 18:28:57.648202171 NNPACK.cpp:56] Could not initialize NNPACK! Reason: Unsupported hardware.
[W104 18:28:57.655051612 NNPACK.cpp:56] Could not initialize NNPACK! Reason: Unsupported hardware.
[W104 18:28:57.661470785 NNPACK.cpp:56] Could not initialize NNPACK! Reason: Unsupported hardware.
[W104 18:28:57.663288152 NNPACK.cpp:56] Could not initialize NNPACK! Reason: Unsupported hardware.
[W104 18:28:57.675223127 NNPACK.cpp:56] Could not initialize NNPACK! Reason: Unsupported hardware.
[W104 18:28:57.679947515 NNPACK.cpp:56] Could not initialize NNPACK! Reason: Unsupported hardware.
[W104 18:28:57.687637808 NNPACK.cpp:56] Could not initialize NNPACK! Reason: Unsupported hardware.
[W104 18:28:57.691659637 NNPACK.cpp:56] Could not initialize NNPACK! Reason: Unsupported hardware.
[W104 18:28:57.702450465 NNPACK.cpp:56] Could not initialize NNPACK! Reason: Unsupported hardware.
[W104 18:28:57.707511259 NNPACK.cpp:56] Could not initialize NNPACK! Reason: Unsupported hardware.
[W104 18:28:57.713790701 NNPACK.cpp:56] Could not initialize NNPACK! Reason: Unsupported hardware.
[W104 18:28:57.717450834 NNPACK.cpp:56] Could not initialize NNPACK! Reason: Unsupported hardware.
[W104 18:28:57.723111497 NNPACK.cpp:56] Could not initialize NNPACK! Reason: Unsupported hardware.
[W104 18:28:57.736908329 NNPACK.cpp:56] Could not initialize NNPACK! Reason: Unsupported hardware.
[W104 18:28:57.755758214 NNPACK.cpp:56] Could not initialize NNPACK! Reason: Unsupported hardware.
[W104 18:28:57.762444773 NNPACK.cpp:56] Could not initialize NNPACK! Reason: Unsupported hardware.
[W104 18:28:57.769892721 NNPACK.cpp:56] Could not initialize NNPACK! Reason: Unsupported hardware.
[W104 18:28:57.773210460 NNPACK.cpp:56] Could not initialize NNPACK! Reason: Unsupported hardware.
[W104 18:28:57.776912964 NNPACK.cpp:56] Could not initialize NNPACK! Reason: Unsupported hardware.
[W104 18:28:57.779298629 NNPACK.cpp:56] Could not initialize NNPACK! Reason: Unsupported hardware.
0: 640x640 2 dogs, 186.5ms
Speed: 5.7ms preprocess, 186.5ms inference, 1.8ms postprocess per image at shape (1, 3, 640, 640)
INFO:     127.0.0.1:39038 - "POST /identify HTTP/1.1" 200 OK
Falling back to default species list

[W104 18:29:31.115083515 NNPACK.cpp:56] Could not initialize NNPACK! Reason: Unsupported hardware.
[W104 18:29:31.122668704 NNPACK.cpp:56] Could not initialize NNPACK! Reason: Unsupported hardware.
[W104 18:29:31.129051225 NNPACK.cpp:56] Could not initialize NNPACK! Reason: Unsupported hardware.
[W104 18:29:31.138047655 NNPACK.cpp:56] Could not initialize NNPACK! Reason: Unsupported hardware.
[W104 18:29:31.143885688 NNPACK.cpp:56] Could not initialize NNPACK! Reason: Unsupported hardware.
[W104 18:29:31.153865741 NNPACK.cpp:56] Could not initialize NNPACK! Reason: Unsupported hardware.
[W104 18:29:31.158853704 NNPACK.cpp:56] Could not initialize NNPACK! Reason: Unsupported hardware.
[W104 18:29:31.163131435 NNPACK.cpp:56] Could not initialize NNPACK! Reason: Unsupported hardware.
[W104 18:29:31.164288762 NNPACK.cpp:56] Could not initialize NNPACK! Reason: Unsupported hardware.
[W104 18:29:31.172400928 NNPACK.cpp:56] Could not initialize NNPACK! Reason: Unsupported hardware.
[W104 18:29:31.175529163 NNPACK.cpp:56] Could not initialize NNPACK! Reason: Unsupported hardware.
[W104 18:29:31.181245485 NNPACK.cpp:56] Could not initialize NNPACK! Reason: Unsupported hardware.
[W104 18:29:31.183497237 NNPACK.cpp:56] Could not initialize NNPACK! Reason: Unsupported hardware.
[W104 18:29:31.190183904 NNPACK.cpp:56] Could not initialize NNPACK! Reason: Unsupported hardware.
[W104 18:29:31.193727644 NNPACK.cpp:56] Could not initialize NNPACK! Reason: Unsupported hardware.
[W104 18:29:31.198440062 NNPACK.cpp:56] Could not initialize NNPACK! Reason: Unsupported hardware.
[W104 18:29:31.201591617 NNPACK.cpp:56] Could not initialize NNPACK! Reason: Unsupported hardware.
[W104 18:29:31.206151353 NNPACK.cpp:56] Could not initialize NNPACK! Reason: Unsupported hardware.
[W104 18:29:31.219636806 NNPACK.cpp:56] Could not initialize NNPACK! Reason: Unsupported hardware.
[W104 18:29:31.238321615 NNPACK.cpp:56] Could not initialize NNPACK! Reason: Unsupported hardware.
[W104 18:29:31.244814918 NNPACK.cpp:56] Could not initialize NNPACK! Reason: Unsupported hardware.
[W104 18:29:31.251773258 NNPACK.cpp:56] Could not initialize NNPACK! Reason: Unsupported hardware.
[W104 18:29:31.254439397 NNPACK.cpp:56] Could not initialize NNPACK! Reason: Unsupported hardware.
[W104 18:29:31.257464979 NNPACK.cpp:56] Could not initialize NNPACK! Reason: Unsupported hardware.
[W104 18:29:31.259332726 NNPACK.cpp:56] Could not initialize NNPACK! Reason: Unsupported hardware.
0: 640x640 1 dog, 1 bed, 153.9ms
Speed: 2.2ms preprocess, 153.9ms inference, 0.8ms postprocess per image at shape (1, 3, 640, 640)
INFO:     127.0.0.1:44368 - "POST /identify HTTP/1.1" 200 OK
Falling back to default species list

[W104 18:39:21.554469857 NNPACK.cpp:56] Could not initialize NNPACK! Reason: Unsupported hardware.
[W104 18:39:21.562754114 NNPACK.cpp:56] Could not initialize NNPACK! Reason: Unsupported hardware.
[W104 18:39:21.568918286 NNPACK.cpp:56] Could not initialize NNPACK! Reason: Unsupported hardware.
[W104 18:39:21.577581598 NNPACK.cpp:56] Could not initialize NNPACK! Reason: Unsupported hardware.
[W104 18:39:21.582863220 NNPACK.cpp:56] Could not initialize NNPACK! Reason: Unsupported hardware.
[W104 18:39:21.590522090 NNPACK.cpp:56] Could not initialize NNPACK! Reason: Unsupported hardware.
[W104 18:39:21.595401576 NNPACK.cpp:56] Could not initialize NNPACK! Reason: Unsupported hardware.
[W104 18:39:21.599578756 NNPACK.cpp:56] Could not initialize NNPACK! Reason: Unsupported hardware.
[W104 18:39:21.600703629 NNPACK.cpp:56] Could not initialize NNPACK! Reason: Unsupported hardware.
[W104 18:39:21.608778483 NNPACK.cpp:56] Could not initialize NNPACK! Reason: Unsupported hardware.
[W104 18:39:21.611674968 NNPACK.cpp:56] Could not initialize NNPACK! Reason: Unsupported hardware.
[W104 18:39:21.617281953 NNPACK.cpp:56] Could not initialize NNPACK! Reason: Unsupported hardware.
[W104 18:39:21.619452949 NNPACK.cpp:56] Could not initialize NNPACK! Reason: Unsupported hardware.
[W104 18:39:21.625896284 NNPACK.cpp:56] Could not initialize NNPACK! Reason: Unsupported hardware.
[W104 18:39:21.629332564 NNPACK.cpp:56] Could not initialize NNPACK! Reason: Unsupported hardware.
[W104 18:39:21.634273252 NNPACK.cpp:56] Could not initialize NNPACK! Reason: Unsupported hardware.
[W104 18:39:21.637423298 NNPACK.cpp:56] Could not initialize NNPACK! Reason: Unsupported hardware.
[W104 18:39:21.642049113 NNPACK.cpp:56] Could not initialize NNPACK! Reason: Unsupported hardware.
[W104 18:39:21.655593262 NNPACK.cpp:56] Could not initialize NNPACK! Reason: Unsupported hardware.
[W104 18:39:21.673857116 NNPACK.cpp:56] Could not initialize NNPACK! Reason: Unsupported hardware.
[W104 18:39:21.679907217 NNPACK.cpp:56] Could not initialize NNPACK! Reason: Unsupported hardware.
[W104 18:39:21.686679906 NNPACK.cpp:56] Could not initialize NNPACK! Reason: Unsupported hardware.
[W104 18:39:21.689250336 NNPACK.cpp:56] Could not initialize NNPACK! Reason: Unsupported hardware.
[W104 18:39:21.692170420 NNPACK.cpp:56] Could not initialize NNPACK! Reason: Unsupported hardware.
[W104 18:39:21.693811640 NNPACK.cpp:56] Could not initialize NNPACK! Reason: Unsupported hardware.
0: 640x640 (no detections), 148.7ms
Speed: 2.2ms preprocess, 148.7ms inference, 0.5ms postprocess per image at shape (1, 3, 640, 640)
INFO:     127.0.0.1:41114 - "POST /identify HTTP/1.1" 200 OK
Falling back to default species list

[W104 18:39:26.558516743 NNPACK.cpp:56] Could not initialize NNPACK! Reason: Unsupported hardware.
[W104 18:39:26.565710097 NNPACK.cpp:56] Could not initialize NNPACK! Reason: Unsupported hardware.
[W104 18:39:26.571989341 NNPACK.cpp:56] Could not initialize NNPACK! Reason: Unsupported hardware.
[W104 18:39:26.580663112 NNPACK.cpp:56] Could not initialize NNPACK! Reason: Unsupported hardware.
[W104 18:39:26.585918594 NNPACK.cpp:56] Could not initialize NNPACK! Reason: Unsupported hardware.
[W104 18:39:26.593735485 NNPACK.cpp:56] Could not initialize NNPACK! Reason: Unsupported hardware.
[W104 18:39:26.598499881 NNPACK.cpp:56] Could not initialize NNPACK! Reason: Unsupported hardware.
[W104 18:39:26.602607869 NNPACK.cpp:56] Could not initialize NNPACK! Reason: Unsupported hardware.
[W104 18:39:26.603716302 NNPACK.cpp:56] Could not initialize NNPACK! Reason: Unsupported hardware.
[W104 18:39:26.611765956 NNPACK.cpp:56] Could not initialize NNPACK! Reason: Unsupported hardware.
[W104 18:39:26.614726370 NNPACK.cpp:56] Could not initialize NNPACK! Reason: Unsupported hardware.
[W104 18:39:26.620256605 NNPACK.cpp:56] Could not initialize NNPACK! Reason: Unsupported hardware.
[W104 18:39:26.622379050 NNPACK.cpp:56] Could not initialize NNPACK! Reason: Unsupported hardware.
[W104 18:39:26.628749744 NNPACK.cpp:56] Could not initialize NNPACK! Reason: Unsupported hardware.
[W104 18:39:26.632192755 NNPACK.cpp:56] Could not initialize NNPACK! Reason: Unsupported hardware.
[W104 18:39:26.636759058 NNPACK.cpp:56] Could not initialize NNPACK! Reason: Unsupported hardware.
[W104 18:39:26.639737913 NNPACK.cpp:56] Could not initialize NNPACK! Reason: Unsupported hardware.
[W104 18:39:26.644128795 NNPACK.cpp:56] Could not initialize NNPACK! Reason: Unsupported hardware.
[W104 18:39:26.657320409 NNPACK.cpp:56] Could not initialize NNPACK! Reason: Unsupported hardware.
[W104 18:39:26.675439711 NNPACK.cpp:56] Could not initialize NNPACK! Reason: Unsupported hardware.
[W104 18:39:26.681469592 NNPACK.cpp:56] Could not initialize NNPACK! Reason: Unsupported hardware.
[W104 18:39:26.688165000 NNPACK.cpp:56] Could not initialize NNPACK! Reason: Unsupported hardware.
[W104 18:39:26.690698959 NNPACK.cpp:56] Could not initialize NNPACK! Reason: Unsupported hardware.
[W104 18:39:26.693610824 NNPACK.cpp:56] Could not initialize NNPACK! Reason: Unsupported hardware.
[W104 18:39:26.695259653 NNPACK.cpp:56] Could not initialize NNPACK! Reason: Unsupported hardware.
0: 640x640 (no detections), 146.0ms
Speed: 2.3ms preprocess, 146.0ms inference, 0.5ms postprocess per image at shape (1, 3, 640, 640)
INFO:     127.0.0.1:41114 - "POST /identify HTTP/1.1" 200 OK
Falling back to default species list

[W104 18:39:31.216947200 NNPACK.cpp:56] Could not initialize NNPACK! Reason: Unsupported hardware.
[W104 18:39:31.224344357 NNPACK.cpp:56] Could not initialize NNPACK! Reason: Unsupported hardware.
[W104 18:39:31.230529469 NNPACK.cpp:56] Could not initialize NNPACK! Reason: Unsupported hardware.
[W104 18:39:31.239429193 NNPACK.cpp:56] Could not initialize NNPACK! Reason: Unsupported hardware.
[W104 18:39:31.244758625 NNPACK.cpp:56] Could not initialize NNPACK! Reason: Unsupported hardware.
[W104 18:39:31.253369416 NNPACK.cpp:56] Could not initialize NNPACK! Reason: Unsupported hardware.
[W104 18:39:31.258270013 NNPACK.cpp:56] Could not initialize NNPACK! Reason: Unsupported hardware.
[W104 18:39:31.262495963 NNPACK.cpp:56] Could not initialize NNPACK! Reason: Unsupported hardware.
[W104 18:39:31.263630775 NNPACK.cpp:56] Could not initialize NNPACK! Reason: Unsupported hardware.
[W104 18:39:31.272084214 NNPACK.cpp:56] Could not initialize NNPACK! Reason: Unsupported hardware.
[W104 18:39:31.274909078 NNPACK.cpp:56] Could not initialize NNPACK! Reason: Unsupported hardware.
[W104 18:39:31.280896298 NNPACK.cpp:56] Could not initialize NNPACK! Reason: Unsupported hardware.
[W104 18:39:31.283119193 NNPACK.cpp:56] Could not initialize NNPACK! Reason: Unsupported hardware.
[W104 18:39:31.289597079 NNPACK.cpp:56] Could not initialize NNPACK! Reason: Unsupported hardware.
[W104 18:39:31.293080240 NNPACK.cpp:56] Could not initialize NNPACK! Reason: Unsupported hardware.
[W104 18:39:31.297702014 NNPACK.cpp:56] Could not initialize NNPACK! Reason: Unsupported hardware.
[W104 18:39:31.300780950 NNPACK.cpp:56] Could not initialize NNPACK! Reason: Unsupported hardware.
[W104 18:39:31.305236502 NNPACK.cpp:56] Could not initialize NNPACK! Reason: Unsupported hardware.
[W104 18:39:31.318544728 NNPACK.cpp:56] Could not initialize NNPACK! Reason: Unsupported hardware.
[W104 18:39:31.337812812 NNPACK.cpp:56] Could not initialize NNPACK! Reason: Unsupported hardware.
[W104 18:39:31.343988884 NNPACK.cpp:56] Could not initialize NNPACK! Reason: Unsupported hardware.
[W104 18:39:31.350802014 NNPACK.cpp:56] Could not initialize NNPACK! Reason: Unsupported hardware.
[W104 18:39:31.353498725 NNPACK.cpp:56] Could not initialize NNPACK! Reason: Unsupported hardware.
[W104 18:39:31.356520311 NNPACK.cpp:56] Could not initialize NNPACK! Reason: Unsupported hardware.
[W104 18:39:31.358294902 NNPACK.cpp:56] Could not initialize NNPACK! Reason: Unsupported hardware.
0: 640x640 (no detections), 150.8ms
Speed: 2.2ms preprocess, 150.8ms inference, 0.5ms postprocess per image at shape (1, 3, 640, 640)
INFO:     127.0.0.1:41114 - "POST /identify HTTP/1.1" 200 OK
Falling back to default species list

[W104 18:39:36.496361475 NNPACK.cpp:56] Could not initialize NNPACK! Reason: Unsupported hardware.
[W104 18:39:36.503759901 NNPACK.cpp:56] Could not initialize NNPACK! Reason: Unsupported hardware.
[W104 18:39:36.509922483 NNPACK.cpp:56] Could not initialize NNPACK! Reason: Unsupported hardware.
[W104 18:39:36.518873927 NNPACK.cpp:56] Could not initialize NNPACK! Reason: Unsupported hardware.
[W104 18:39:36.524288311 NNPACK.cpp:56] Could not initialize NNPACK! Reason: Unsupported hardware.
[W104 18:39:36.532116052 NNPACK.cpp:56] Could not initialize NNPACK! Reason: Unsupported hardware.
[W104 18:39:36.536933228 NNPACK.cpp:56] Could not initialize NNPACK! Reason: Unsupported hardware.
[W104 18:39:36.541123227 NNPACK.cpp:56] Could not initialize NNPACK! Reason: Unsupported hardware.
[W104 18:39:36.542236291 NNPACK.cpp:56] Could not initialize NNPACK! Reason: Unsupported hardware.
[W104 18:39:36.550611538 NNPACK.cpp:56] Could not initialize NNPACK! Reason: Unsupported hardware.
[W104 18:39:36.553625123 NNPACK.cpp:56] Could not initialize NNPACK! Reason: Unsupported hardware.
[W104 18:39:36.559271269 NNPACK.cpp:56] Could not initialize NNPACK! Reason: Unsupported hardware.
[W104 18:39:36.561476305 NNPACK.cpp:56] Could not initialize NNPACK! Reason: Unsupported hardware.
[W104 18:39:36.568020062 NNPACK.cpp:56] Could not initialize NNPACK! Reason: Unsupported hardware.
[W104 18:39:36.571716954 NNPACK.cpp:56] Could not initialize NNPACK! Reason: Unsupported hardware.
[W104 18:39:36.576433290 NNPACK.cpp:56] Could not initialize NNPACK! Reason: Unsupported hardware.
[W104 18:39:36.579582536 NNPACK.cpp:56] Could not initialize NNPACK! Reason: Unsupported hardware.
[W104 18:39:36.584176570 NNPACK.cpp:56] Could not initialize NNPACK! Reason: Unsupported hardware.
[W104 18:39:36.597593866 NNPACK.cpp:56] Could not initialize NNPACK! Reason: Unsupported hardware.
[W104 18:39:36.616480837 NNPACK.cpp:56] Could not initialize NNPACK! Reason: Unsupported hardware.
[W104 18:39:36.622826141 NNPACK.cpp:56] Could not initialize NNPACK! Reason: Unsupported hardware.
[W104 18:39:36.629707061 NNPACK.cpp:56] Could not initialize NNPACK! Reason: Unsupported hardware.
[W104 18:39:36.632376863 NNPACK.cpp:56] Could not initialize NNPACK! Reason: Unsupported hardware.
[W104 18:39:36.635351517 NNPACK.cpp:56] Could not initialize NNPACK! Reason: Unsupported hardware.
[W104 18:39:36.637070137 NNPACK.cpp:56] Could not initialize NNPACK! Reason: Unsupported hardware.
0: 640x640 (no detections), 150.3ms
Speed: 2.1ms preprocess, 150.3ms inference, 0.5ms postprocess per image at shape (1, 3, 640, 640)
INFO:     127.0.0.1:49242 - "POST /identify HTTP/1.1" 200 OK
Falling back to default species list

[W104 18:39:41.818127010 NNPACK.cpp:56] Could not initialize NNPACK! Reason: Unsupported hardware.
[W104 18:39:41.825754809 NNPACK.cpp:56] Could not initialize NNPACK! Reason: Unsupported hardware.
[W104 18:39:41.832262915 NNPACK.cpp:56] Could not initialize NNPACK! Reason: Unsupported hardware.
[W104 18:39:41.842506754 NNPACK.cpp:56] Could not initialize NNPACK! Reason: Unsupported hardware.
[W104 18:39:41.848547225 NNPACK.cpp:56] Could not initialize NNPACK! Reason: Unsupported hardware.
[W104 18:39:41.856486457 NNPACK.cpp:56] Could not initialize NNPACK! Reason: Unsupported hardware.
[W104 18:39:41.861421564 NNPACK.cpp:56] Could not initialize NNPACK! Reason: Unsupported hardware.
[W104 18:39:41.865697615 NNPACK.cpp:56] Could not initialize NNPACK! Reason: Unsupported hardware.
[W104 18:39:41.866942569 NNPACK.cpp:56] Could not initialize NNPACK! Reason: Unsupported hardware.
[W104 18:39:41.876239468 NNPACK.cpp:56] Could not initialize NNPACK! Reason: Unsupported hardware.
[W104 18:39:41.879747519 NNPACK.cpp:56] Could not initialize NNPACK! Reason: Unsupported hardware.
[W104 18:39:41.885739219 NNPACK.cpp:56] Could not initialize NNPACK! Reason: Unsupported hardware.
[W104 18:39:41.888062596 NNPACK.cpp:56] Could not initialize NNPACK! Reason: Unsupported hardware.
[W104 18:39:41.894852044 NNPACK.cpp:56] Could not initialize NNPACK! Reason: Unsupported hardware.
[W104 18:39:41.898559808 NNPACK.cpp:56] Could not initialize NNPACK! Reason: Unsupported hardware.
[W104 18:39:41.903955111 NNPACK.cpp:56] Could not initialize NNPACK! Reason: Unsupported hardware.
[W104 18:39:41.907872707 NNPACK.cpp:56] Could not initialize NNPACK! Reason: Unsupported hardware.
[W104 18:39:41.913287689 NNPACK.cpp:56] Could not initialize NNPACK! Reason: Unsupported hardware.
[W104 18:39:41.927123631 NNPACK.cpp:56] Could not initialize NNPACK! Reason: Unsupported hardware.
[W104 18:39:41.946769300 NNPACK.cpp:56] Could not initialize NNPACK! Reason: Unsupported hardware.
[W104 18:39:41.953205875 NNPACK.cpp:56] Could not initialize NNPACK! Reason: Unsupported hardware.
[W104 18:39:41.960249688 NNPACK.cpp:56] Could not initialize NNPACK! Reason: Unsupported hardware.
[W104 18:39:41.962816207 NNPACK.cpp:56] Could not initialize NNPACK! Reason: Unsupported hardware.
[W104 18:39:41.966072046 NNPACK.cpp:56] Could not initialize NNPACK! Reason: Unsupported hardware.
[W104 18:39:41.968260951 NNPACK.cpp:56] Could not initialize NNPACK! Reason: Unsupported hardware.
0: 640x640 1 toilet, 160.3ms
Speed: 2.2ms preprocess, 160.3ms inference, 0.9ms postprocess per image at shape (1, 3, 640, 640)
INFO:     127.0.0.1:58082 - "POST /identify HTTP/1.1" 200 OK
Falling back to default species list

[W104 18:45:45.314865534 NNPACK.cpp:56] Could not initialize NNPACK! Reason: Unsupported hardware.
[W104 18:45:45.322139475 NNPACK.cpp:56] Could not initialize NNPACK! Reason: Unsupported hardware.
[W104 18:45:45.328397754 NNPACK.cpp:56] Could not initialize NNPACK! Reason: Unsupported hardware.
[W104 18:45:45.337160192 NNPACK.cpp:56] Could not initialize NNPACK! Reason: Unsupported hardware.
[W104 18:45:45.342525721 NNPACK.cpp:56] Could not initialize NNPACK! Reason: Unsupported hardware.
[W104 18:45:45.350210396 NNPACK.cpp:56] Could not initialize NNPACK! Reason: Unsupported hardware.
[W104 18:45:45.355044260 NNPACK.cpp:56] Could not initialize NNPACK! Reason: Unsupported hardware.
[W104 18:45:45.359165215 NNPACK.cpp:56] Could not initialize NNPACK! Reason: Unsupported hardware.
[W104 18:45:45.360303987 NNPACK.cpp:56] Could not initialize NNPACK! Reason: Unsupported hardware.
[W104 18:45:45.367786480 NNPACK.cpp:56] Could not initialize NNPACK! Reason: Unsupported hardware.
[W104 18:45:45.370780193 NNPACK.cpp:56] Could not initialize NNPACK! Reason: Unsupported hardware.
[W104 18:45:45.376441506 NNPACK.cpp:56] Could not initialize NNPACK! Reason: Unsupported hardware.
[W104 18:45:45.378614660 NNPACK.cpp:56] Could not initialize NNPACK! Reason: Unsupported hardware.
[W104 18:45:45.385122123 NNPACK.cpp:56] Could not initialize NNPACK! Reason: Unsupported hardware.
[W104 18:45:45.388594810 NNPACK.cpp:56] Could not initialize NNPACK! Reason: Unsupported hardware.
[W104 18:45:45.393181692 NNPACK.cpp:56] Could not initialize NNPACK! Reason: Unsupported hardware.
[W104 18:45:45.396165254 NNPACK.cpp:56] Could not initialize NNPACK! Reason: Unsupported hardware.
[W104 18:45:45.400500992 NNPACK.cpp:56] Could not initialize NNPACK! Reason: Unsupported hardware.
[W104 18:45:45.413634288 NNPACK.cpp:56] Could not initialize NNPACK! Reason: Unsupported hardware.
[W104 18:45:45.431746418 NNPACK.cpp:56] Could not initialize NNPACK! Reason: Unsupported hardware.
[W104 18:45:45.437815225 NNPACK.cpp:56] Could not initialize NNPACK! Reason: Unsupported hardware.
[W104 18:45:45.444499689 NNPACK.cpp:56] Could not initialize NNPACK! Reason: Unsupported hardware.
[W104 18:45:45.446974927 NNPACK.cpp:56] Could not initialize NNPACK! Reason: Unsupported hardware.
[W104 18:45:45.449881149 NNPACK.cpp:56] Could not initialize NNPACK! Reason: Unsupported hardware.
[W104 18:45:45.451512907 NNPACK.cpp:56] Could not initialize NNPACK! Reason: Unsupported hardware.
0: 640x640 1 person, 146.1ms
Speed: 2.1ms preprocess, 146.1ms inference, 0.8ms postprocess per image at shape (1, 3, 640, 640)
INFO:     127.0.0.1:42514 - "POST /identify HTTP/1.1" 200 OK
Falling back to default species list

[W104 18:45:51.636159507 NNPACK.cpp:56] Could not initialize NNPACK! Reason: Unsupported hardware.
[W104 18:45:51.643295856 NNPACK.cpp:56] Could not initialize NNPACK! Reason: Unsupported hardware.
[W104 18:45:51.649331384 NNPACK.cpp:56] Could not initialize NNPACK! Reason: Unsupported hardware.
[W104 18:45:51.657880118 NNPACK.cpp:56] Could not initialize NNPACK! Reason: Unsupported hardware.
[W104 18:45:51.663143345 NNPACK.cpp:56] Could not initialize NNPACK! Reason: Unsupported hardware.
[W104 18:45:51.670727219 NNPACK.cpp:56] Could not initialize NNPACK! Reason: Unsupported hardware.
[W104 18:45:51.675477203 NNPACK.cpp:56] Could not initialize NNPACK! Reason: Unsupported hardware.
[W104 18:45:51.679553158 NNPACK.cpp:56] Could not initialize NNPACK! Reason: Unsupported hardware.
[W104 18:45:51.680660279 NNPACK.cpp:56] Could not initialize NNPACK! Reason: Unsupported hardware.
[W104 18:45:51.688153173 NNPACK.cpp:56] Could not initialize NNPACK! Reason: Unsupported hardware.
[W104 18:45:51.690912513 NNPACK.cpp:56] Could not initialize NNPACK! Reason: Unsupported hardware.
[W104 18:45:51.696399594 NNPACK.cpp:56] Could not initialize NNPACK! Reason: Unsupported hardware.
[W104 18:45:51.698475447 NNPACK.cpp:56] Could not initialize NNPACK! Reason: Unsupported hardware.
[W104 18:45:51.704828827 NNPACK.cpp:56] Could not initialize NNPACK! Reason: Unsupported hardware.
[W104 18:45:51.708248205 NNPACK.cpp:56] Could not initialize NNPACK! Reason: Unsupported hardware.
[W104 18:45:51.712819465 NNPACK.cpp:56] Could not initialize NNPACK! Reason: Unsupported hardware.
[W104 18:45:51.715803499 NNPACK.cpp:56] Could not initialize NNPACK! Reason: Unsupported hardware.
[W104 18:45:51.721188197 NNPACK.cpp:56] Could not initialize NNPACK! Reason: Unsupported hardware.
[W104 18:45:51.734367254 NNPACK.cpp:56] Could not initialize NNPACK! Reason: Unsupported hardware.
[W104 18:45:51.752468924 NNPACK.cpp:56] Could not initialize NNPACK! Reason: Unsupported hardware.
[W104 18:45:51.758499990 NNPACK.cpp:56] Could not initialize NNPACK! Reason: Unsupported hardware.
[W104 18:45:51.765151894 NNPACK.cpp:56] Could not initialize NNPACK! Reason: Unsupported hardware.
[W104 18:45:51.767631952 NNPACK.cpp:56] Could not initialize NNPACK! Reason: Unsupported hardware.
[W104 18:45:51.770516033 NNPACK.cpp:56] Could not initialize NNPACK! Reason: Unsupported hardware.
[W104 18:45:51.772074941 NNPACK.cpp:56] Could not initialize NNPACK! Reason: Unsupported hardware.
0: 640x640 1 person, 145.2ms
Speed: 2.1ms preprocess, 145.2ms inference, 0.8ms postprocess per image at shape (1, 3, 640, 640)
INFO:     127.0.0.1:38726 - "POST /identify HTTP/1.1" 200 OK
Falling back to default species list

[W104 18:45:56.293340661 NNPACK.cpp:56] Could not initialize NNPACK! Reason: Unsupported hardware.
[W104 18:45:56.300626772 NNPACK.cpp:56] Could not initialize NNPACK! Reason: Unsupported hardware.
[W104 18:45:56.306987992 NNPACK.cpp:56] Could not initialize NNPACK! Reason: Unsupported hardware.
[W104 18:45:56.315666998 NNPACK.cpp:56] Could not initialize NNPACK! Reason: Unsupported hardware.
[W104 18:45:56.320891076 NNPACK.cpp:56] Could not initialize NNPACK! Reason: Unsupported hardware.
[W104 18:45:56.328626952 NNPACK.cpp:56] Could not initialize NNPACK! Reason: Unsupported hardware.
[W104 18:45:56.333423434 NNPACK.cpp:56] Could not initialize NNPACK! Reason: Unsupported hardware.
[W104 18:45:56.337530680 NNPACK.cpp:56] Could not initialize NNPACK! Reason: Unsupported hardware.
[W104 18:45:56.338633572 NNPACK.cpp:56] Could not initialize NNPACK! Reason: Unsupported hardware.
[W104 18:45:56.346249736 NNPACK.cpp:56] Could not initialize NNPACK! Reason: Unsupported hardware.
[W104 18:45:56.349108538 NNPACK.cpp:56] Could not initialize NNPACK! Reason: Unsupported hardware.
[W104 18:45:56.354664190 NNPACK.cpp:56] Could not initialize NNPACK! Reason: Unsupported hardware.
[W104 18:45:56.356770043 NNPACK.cpp:56] Could not initialize NNPACK! Reason: Unsupported hardware.
[W104 18:45:56.363239354 NNPACK.cpp:56] Could not initialize NNPACK! Reason: Unsupported hardware.
[W104 18:45:56.366653952 NNPACK.cpp:56] Could not initialize NNPACK! Reason: Unsupported hardware.
[W104 18:45:56.371296133 NNPACK.cpp:56] Could not initialize NNPACK! Reason: Unsupported hardware.
[W104 18:45:56.374317986 NNPACK.cpp:56] Could not initialize NNPACK! Reason: Unsupported hardware.
[W104 18:45:56.378759056 NNPACK.cpp:56] Could not initialize NNPACK! Reason: Unsupported hardware.
[W104 18:45:56.391975281 NNPACK.cpp:56] Could not initialize NNPACK! Reason: Unsupported hardware.
[W104 18:45:56.410229993 NNPACK.cpp:56] Could not initialize NNPACK! Reason: Unsupported hardware.
[W104 18:45:56.416407611 NNPACK.cpp:56] Could not initialize NNPACK! Reason: Unsupported hardware.
[W104 18:45:56.423191457 NNPACK.cpp:56] Could not initialize NNPACK! Reason: Unsupported hardware.
[W104 18:45:56.425740885 NNPACK.cpp:56] Could not initialize NNPACK! Reason: Unsupported hardware.
[W104 18:45:56.428683248 NNPACK.cpp:56] Could not initialize NNPACK! Reason: Unsupported hardware.
[W104 18:45:56.430438016 NNPACK.cpp:56] Could not initialize NNPACK! Reason: Unsupported hardware.
0: 640x640 1 person, 159.2ms
Speed: 2.1ms preprocess, 159.2ms inference, 0.8ms postprocess per image at shape (1, 3, 640, 640)
INFO:     127.0.0.1:38726 - "POST /identify HTTP/1.1" 200 OK
Falling back to default species list

[W104 18:46:00.729703053 NNPACK.cpp:56] Could not initialize NNPACK! Reason: Unsupported hardware.
[W104 18:46:00.737248645 NNPACK.cpp:56] Could not initialize NNPACK! Reason: Unsupported hardware.
[W104 18:46:00.743703246 NNPACK.cpp:56] Could not initialize NNPACK! Reason: Unsupported hardware.
[W104 18:46:00.752367063 NNPACK.cpp:56] Could not initialize NNPACK! Reason: Unsupported hardware.
[W104 18:46:00.757864744 NNPACK.cpp:56] Could not initialize NNPACK! Reason: Unsupported hardware.
[W104 18:46:00.766094665 NNPACK.cpp:56] Could not initialize NNPACK! Reason: Unsupported hardware.
[W104 18:46:00.770920327 NNPACK.cpp:56] Could not initialize NNPACK! Reason: Unsupported hardware.
[W104 18:46:00.775166864 NNPACK.cpp:56] Could not initialize NNPACK! Reason: Unsupported hardware.
[W104 18:46:00.776328377 NNPACK.cpp:56] Could not initialize NNPACK! Reason: Unsupported hardware.
[W104 18:46:00.783865681 NNPACK.cpp:56] Could not initialize NNPACK! Reason: Unsupported hardware.
[W104 18:46:00.786729092 NNPACK.cpp:56] Could not initialize NNPACK! Reason: Unsupported hardware.
[W104 18:46:00.792517456 NNPACK.cpp:56] Could not initialize NNPACK! Reason: Unsupported hardware.
[W104 18:46:00.794829972 NNPACK.cpp:56] Could not initialize NNPACK! Reason: Unsupported hardware.
[W104 18:46:00.801477065 NNPACK.cpp:56] Could not initialize NNPACK! Reason: Unsupported hardware.
[W104 18:46:00.805110135 NNPACK.cpp:56] Could not initialize NNPACK! Reason: Unsupported hardware.
[W104 18:46:00.809917499 NNPACK.cpp:56] Could not initialize NNPACK! Reason: Unsupported hardware.
[W104 18:46:00.813085483 NNPACK.cpp:56] Could not initialize NNPACK! Reason: Unsupported hardware.
[W104 18:46:00.817539892 NNPACK.cpp:56] Could not initialize NNPACK! Reason: Unsupported hardware.
[W104 18:46:00.830757469 NNPACK.cpp:56] Could not initialize NNPACK! Reason: Unsupported hardware.
[W104 18:46:00.849695927 NNPACK.cpp:56] Could not initialize NNPACK! Reason: Unsupported hardware.
[W104 18:46:00.856221410 NNPACK.cpp:56] Could not initialize NNPACK! Reason: Unsupported hardware.
[W104 18:46:00.863240997 NNPACK.cpp:56] Could not initialize NNPACK! Reason: Unsupported hardware.
[W104 18:46:00.865866357 NNPACK.cpp:56] Could not initialize NNPACK! Reason: Unsupported hardware.
[W104 18:46:00.868802369 NNPACK.cpp:56] Could not initialize NNPACK! Reason: Unsupported hardware.
[W104 18:46:00.870740351 NNPACK.cpp:56] Could not initialize NNPACK! Reason: Unsupported hardware.
0: 640x640 1 person, 150.9ms
Speed: 2.2ms preprocess, 150.9ms inference, 0.8ms postprocess per image at shape (1, 3, 640, 640)
INFO:     127.0.0.1:38726 - "POST /identify HTTP/1.1" 200 OK
Falling back to default species list

[W104 18:46:05.341852163 NNPACK.cpp:56] Could not initialize NNPACK! Reason: Unsupported hardware.
[W104 18:46:05.349709480 NNPACK.cpp:56] Could not initialize NNPACK! Reason: Unsupported hardware.
[W104 18:46:05.356943029 NNPACK.cpp:56] Could not initialize NNPACK! Reason: Unsupported hardware.
[W104 18:46:05.367147403 NNPACK.cpp:56] Could not initialize NNPACK! Reason: Unsupported hardware.
[W104 18:46:05.372867095 NNPACK.cpp:56] Could not initialize NNPACK! Reason: Unsupported hardware.
[W104 18:46:05.380879074 NNPACK.cpp:56] Could not initialize NNPACK! Reason: Unsupported hardware.
[W104 18:46:05.385869899 NNPACK.cpp:56] Could not initialize NNPACK! Reason: Unsupported hardware.
[W104 18:46:05.391482622 NNPACK.cpp:56] Could not initialize NNPACK! Reason: Unsupported hardware.
[W104 18:46:05.392887526 NNPACK.cpp:56] Could not initialize NNPACK! Reason: Unsupported hardware.
[W104 18:46:05.403277202 NNPACK.cpp:56] Could not initialize NNPACK! Reason: Unsupported hardware.
[W104 18:46:05.407219336 NNPACK.cpp:56] Could not initialize NNPACK! Reason: Unsupported hardware.
[W104 18:46:05.413316643 NNPACK.cpp:56] Could not initialize NNPACK! Reason: Unsupported hardware.
[W104 18:46:05.415696389 NNPACK.cpp:56] Could not initialize NNPACK! Reason: Unsupported hardware.
[W104 18:46:05.422598195 NNPACK.cpp:56] Could not initialize NNPACK! Reason: Unsupported hardware.
[W104 18:46:05.426206615 NNPACK.cpp:56] Could not initialize NNPACK! Reason: Unsupported hardware.
[W104 18:46:05.430981967 NNPACK.cpp:56] Could not initialize NNPACK! Reason: Unsupported hardware.
[W104 18:46:05.434869370 NNPACK.cpp:56] Could not initialize NNPACK! Reason: Unsupported hardware.
[W104 18:46:05.440689805 NNPACK.cpp:56] Could not initialize NNPACK! Reason: Unsupported hardware.
[W104 18:46:05.455336727 NNPACK.cpp:56] Could not initialize NNPACK! Reason: Unsupported hardware.
[W104 18:46:05.473585268 NNPACK.cpp:56] Could not initialize NNPACK! Reason: Unsupported hardware.
[W104 18:46:05.479741526 NNPACK.cpp:56] Could not initialize NNPACK! Reason: Unsupported hardware.
[W104 18:46:05.486558711 NNPACK.cpp:56] Could not initialize NNPACK! Reason: Unsupported hardware.
[W104 18:46:05.489238821 NNPACK.cpp:56] Could not initialize NNPACK! Reason: Unsupported hardware.
[W104 18:46:05.492269324 NNPACK.cpp:56] Could not initialize NNPACK! Reason: Unsupported hardware.
[W104 18:46:05.494090525 NNPACK.cpp:56] Could not initialize NNPACK! Reason: Unsupported hardware.
0: 640x640 1 person, 162.5ms
Speed: 2.4ms preprocess, 162.5ms inference, 0.9ms postprocess per image at shape (1, 3, 640, 640)
INFO:     127.0.0.1:38726 - "POST /identify HTTP/1.1" 200 OK
Falling back to default species list

[W104 18:49:19.589572177 NNPACK.cpp:56] Could not initialize NNPACK! Reason: Unsupported hardware.
[W104 18:49:19.598651135 NNPACK.cpp:56] Could not initialize NNPACK! Reason: Unsupported hardware.
[W104 18:49:19.605056404 NNPACK.cpp:56] Could not initialize NNPACK! Reason: Unsupported hardware.
[W104 18:49:19.613944492 NNPACK.cpp:56] Could not initialize NNPACK! Reason: Unsupported hardware.
[W104 18:49:19.619520022 NNPACK.cpp:56] Could not initialize NNPACK! Reason: Unsupported hardware.
[W104 18:49:19.627311527 NNPACK.cpp:56] Could not initialize NNPACK! Reason: Unsupported hardware.
[W104 18:49:19.632345171 NNPACK.cpp:56] Could not initialize NNPACK! Reason: Unsupported hardware.
[W104 18:49:19.636444486 NNPACK.cpp:56] Could not initialize NNPACK! Reason: Unsupported hardware.
[W104 18:49:19.637561019 NNPACK.cpp:56] Could not initialize NNPACK! Reason: Unsupported hardware.
[W104 18:49:19.645275502 NNPACK.cpp:56] Could not initialize NNPACK! Reason: Unsupported hardware.
[W104 18:49:19.648367486 NNPACK.cpp:56] Could not initialize NNPACK! Reason: Unsupported hardware.
[W104 18:49:19.655387472 NNPACK.cpp:56] Could not initialize NNPACK! Reason: Unsupported hardware.
[W104 18:49:19.658103942 NNPACK.cpp:56] Could not initialize NNPACK! Reason: Unsupported hardware.
[W104 18:49:19.665759295 NNPACK.cpp:56] Could not initialize NNPACK! Reason: Unsupported hardware.
[W104 18:49:19.669548356 NNPACK.cpp:56] Could not initialize NNPACK! Reason: Unsupported hardware.
[W104 18:49:19.675719663 NNPACK.cpp:56] Could not initialize NNPACK! Reason: Unsupported hardware.
[W104 18:49:19.678834937 NNPACK.cpp:56] Could not initialize NNPACK! Reason: Unsupported hardware.
[W104 18:49:19.683314875 NNPACK.cpp:56] Could not initialize NNPACK! Reason: Unsupported hardware.
[W104 18:49:19.696877173 NNPACK.cpp:56] Could not initialize NNPACK! Reason: Unsupported hardware.
[W104 18:49:19.715734178 NNPACK.cpp:56] Could not initialize NNPACK! Reason: Unsupported hardware.
[W104 18:49:19.721962806 NNPACK.cpp:56] Could not initialize NNPACK! Reason: Unsupported hardware.
[W104 18:49:19.728972221 NNPACK.cpp:56] Could not initialize NNPACK! Reason: Unsupported hardware.
[W104 18:49:19.731634471 NNPACK.cpp:56] Could not initialize NNPACK! Reason: Unsupported hardware.
[W104 18:49:19.734558782 NNPACK.cpp:56] Could not initialize NNPACK! Reason: Unsupported hardware.
[W104 18:49:19.736403273 NNPACK.cpp:56] Could not initialize NNPACK! Reason: Unsupported hardware.
0: 640x640 (no detections), 164.4ms
Speed: 3.6ms preprocess, 164.4ms inference, 0.6ms postprocess per image at shape (1, 3, 640, 640)
INFO:     127.0.0.1:46188 - "POST /identify HTTP/1.1" 200 OK
Falling back to default species list

[W104 18:49:24.954573759 NNPACK.cpp:56] Could not initialize NNPACK! Reason: Unsupported hardware.
[W104 18:49:24.962918419 NNPACK.cpp:56] Could not initialize NNPACK! Reason: Unsupported hardware.
[W104 18:49:24.969314450 NNPACK.cpp:56] Could not initialize NNPACK! Reason: Unsupported hardware.
[W104 18:49:24.978054354 NNPACK.cpp:56] Could not initialize NNPACK! Reason: Unsupported hardware.
[W104 18:49:24.983343572 NNPACK.cpp:56] Could not initialize NNPACK! Reason: Unsupported hardware.
[W104 18:49:24.990991924 NNPACK.cpp:56] Could not initialize NNPACK! Reason: Unsupported hardware.
[W104 18:49:24.995733217 NNPACK.cpp:56] Could not initialize NNPACK! Reason: Unsupported hardware.
[W104 18:49:24.999836251 NNPACK.cpp:56] Could not initialize NNPACK! Reason: Unsupported hardware.
[W104 18:49:24.000990043 NNPACK.cpp:56] Could not initialize NNPACK! Reason: Unsupported hardware.
[W104 18:49:24.008619786 NNPACK.cpp:56] Could not initialize NNPACK! Reason: Unsupported hardware.
[W104 18:49:24.012276546 NNPACK.cpp:56] Could not initialize NNPACK! Reason: Unsupported hardware.
[W104 18:49:24.017898117 NNPACK.cpp:56] Could not initialize NNPACK! Reason: Unsupported hardware.
[W104 18:49:24.020219232 NNPACK.cpp:56] Could not initialize NNPACK! Reason: Unsupported hardware.
[W104 18:49:24.026625622 NNPACK.cpp:56] Could not initialize NNPACK! Reason: Unsupported hardware.
[W104 18:49:24.030130430 NNPACK.cpp:56] Could not initialize NNPACK! Reason: Unsupported hardware.
[W104 18:49:24.034715570 NNPACK.cpp:56] Could not initialize NNPACK! Reason: Unsupported hardware.
[W104 18:49:24.037778773 NNPACK.cpp:56] Could not initialize NNPACK! Reason: Unsupported hardware.
[W104 18:49:24.043263593 NNPACK.cpp:56] Could not initialize NNPACK! Reason: Unsupported hardware.
[W104 18:49:24.056458846 NNPACK.cpp:56] Could not initialize NNPACK! Reason: Unsupported hardware.
[W104 18:49:24.074617963 NNPACK.cpp:56] Could not initialize NNPACK! Reason: Unsupported hardware.
[W104 18:49:24.080834241 NNPACK.cpp:56] Could not initialize NNPACK! Reason: Unsupported hardware.
[W104 18:49:24.087548454 NNPACK.cpp:56] Could not initialize NNPACK! Reason: Unsupported hardware.
[W104 18:49:25.090077561 NNPACK.cpp:56] Could not initialize NNPACK! Reason: Unsupported hardware.
[W104 18:49:25.092968212 NNPACK.cpp:56] Could not initialize NNPACK! Reason: Unsupported hardware.
[W104 18:49:25.094692201 NNPACK.cpp:56] Could not initialize NNPACK! Reason: Unsupported hardware.
0: 640x640 (no detections), 150.6ms
Speed: 2.2ms preprocess, 150.6ms inference, 0.5ms postprocess per image at shape (1, 3, 640, 640)
INFO:     127.0.0.1:39408 - "POST /identify HTTP/1.1" 200 OK
Falling back to default species list

[W104 18:49:29.852642119 NNPACK.cpp:56] Could not initialize NNPACK! Reason: Unsupported hardware.
[W104 18:49:29.860420063 NNPACK.cpp:56] Could not initialize NNPACK! Reason: Unsupported hardware.
[W104 18:49:29.866796153 NNPACK.cpp:56] Could not initialize NNPACK! Reason: Unsupported hardware.
[W104 18:49:29.876056013 NNPACK.cpp:56] Could not initialize NNPACK! Reason: Unsupported hardware.
[W104 18:49:29.881740445 NNPACK.cpp:56] Could not initialize NNPACK! Reason: Unsupported hardware.
[W104 18:49:29.890031535 NNPACK.cpp:56] Could not initialize NNPACK! Reason: Unsupported hardware.
[W104 18:49:29.894936949 NNPACK.cpp:56] Could not initialize NNPACK! Reason: Unsupported hardware.
[W104 18:49:29.899329666 NNPACK.cpp:56] Could not initialize NNPACK! Reason: Unsupported hardware.
[W104 18:49:29.900525500 NNPACK.cpp:56] Could not initialize NNPACK! Reason: Unsupported hardware.
[W104 18:49:29.909121873 NNPACK.cpp:56] Could not initialize NNPACK! Reason: Unsupported hardware.
[W104 18:49:29.912081414 NNPACK.cpp:56] Could not initialize NNPACK! Reason: Unsupported hardware.
[W104 18:49:29.917911088 NNPACK.cpp:56] Could not initialize NNPACK! Reason: Unsupported hardware.
[W104 18:49:29.920322674 NNPACK.cpp:56] Could not initialize NNPACK! Reason: Unsupported hardware.
[W104 18:49:29.927224529 NNPACK.cpp:56] Could not initialize NNPACK! Reason: Unsupported hardware.
[W104 18:49:29.930908269 NNPACK.cpp:56] Could not initialize NNPACK! Reason: Unsupported hardware.
[W104 18:49:29.935746042 NNPACK.cpp:56] Could not initialize NNPACK! Reason: Unsupported hardware.
[W104 18:49:29.939761645 NNPACK.cpp:56] Could not initialize NNPACK! Reason: Unsupported hardware.
[W104 18:49:29.944670069 NNPACK.cpp:56] Could not initialize NNPACK! Reason: Unsupported hardware.
[W104 18:49:29.958037054 NNPACK.cpp:56] Could not initialize NNPACK! Reason: Unsupported hardware.
[W104 18:49:29.976302652 NNPACK.cpp:56] Could not initialize NNPACK! Reason: Unsupported hardware.
[W104 18:49:29.982668362 NNPACK.cpp:56] Could not initialize NNPACK! Reason: Unsupported hardware.
[W104 18:49:29.989618997 NNPACK.cpp:56] Could not initialize NNPACK! Reason: Unsupported hardware.
[W104 18:49:29.992280275 NNPACK.cpp:56] Could not initialize NNPACK! Reason: Unsupported hardware.
[W104 18:49:29.995351249 NNPACK.cpp:56] Could not initialize NNPACK! Reason: Unsupported hardware.
[W104 18:49:29.997297730 NNPACK.cpp:56] Could not initialize NNPACK! Reason: Unsupported hardware.
0: 640x640 (no detections), 154.6ms
Speed: 2.5ms preprocess, 154.6ms inference, 0.7ms postprocess per image at shape (1, 3, 640, 640)
INFO:     127.0.0.1:39408 - "POST /identify HTTP/1.1" 200 OK
Falling back to default species list

[W104 18:49:34.413952155 NNPACK.cpp:56] Could not initialize NNPACK! Reason: Unsupported hardware.
[W104 18:49:34.421399216 NNPACK.cpp:56] Could not initialize NNPACK! Reason: Unsupported hardware.
[W104 18:49:34.427570223 NNPACK.cpp:56] Could not initialize NNPACK! Reason: Unsupported hardware.
[W104 18:49:34.436363289 NNPACK.cpp:56] Could not initialize NNPACK! Reason: Unsupported hardware.
[W104 18:49:34.441753167 NNPACK.cpp:56] Could not initialize NNPACK! Reason: Unsupported hardware.
[W104 18:49:34.449464460 NNPACK.cpp:56] Could not initialize NNPACK! Reason: Unsupported hardware.
[W104 18:49:34.454266323 NNPACK.cpp:56] Could not initialize NNPACK! Reason: Unsupported hardware.
[W104 18:49:34.458404728 NNPACK.cpp:56] Could not initialize NNPACK! Reason: Unsupported hardware.
[W104 18:49:34.459540450 NNPACK.cpp:56] Could not initialize NNPACK! Reason: Unsupported hardware.
[W104 18:49:34.467156052 NNPACK.cpp:56] Could not initialize NNPACK! Reason: Unsupported hardware.
[W104 18:49:34.470099735 NNPACK.cpp:56] Could not initialize NNPACK! Reason: Unsupported hardware.
[W104 18:49:34.475666275 NNPACK.cpp:56] Could not initialize NNPACK! Reason: Unsupported hardware.
[W104 18:49:34.477992291 NNPACK.cpp:56] Could not initialize NNPACK! Reason: Unsupported hardware.
[W104 18:49:34.484551312 NNPACK.cpp:56] Could not initialize NNPACK! Reason: Unsupported hardware.
[W104 18:49:34.488047870 NNPACK.cpp:56] Could not initialize NNPACK! Reason: Unsupported hardware.
[W104 18:49:34.492698780 NNPACK.cpp:56] Could not initialize NNPACK! Reason: Unsupported hardware.
[W104 18:49:34.495785024 NNPACK.cpp:56] Could not initialize NNPACK! Reason: Unsupported hardware.
[W104 18:49:34.500190132 NNPACK.cpp:56] Could not initialize NNPACK! Reason: Unsupported hardware.
[W104 18:49:34.513808450 NNPACK.cpp:56] Could not initialize NNPACK! Reason: Unsupported hardware.
[W104 18:49:34.533816617 NNPACK.cpp:56] Could not initialize NNPACK! Reason: Unsupported hardware.
[W104 18:49:34.540087095 NNPACK.cpp:56] Could not initialize NNPACK! Reason: Unsupported hardware.
[W104 18:49:34.546863698 NNPACK.cpp:56] Could not initialize NNPACK! Reason: Unsupported hardware.
[W104 18:49:34.549480926 NNPACK.cpp:56] Could not initialize NNPACK! Reason: Unsupported hardware.
[W104 18:49:34.552426909 NNPACK.cpp:56] Could not initialize NNPACK! Reason: Unsupported hardware.
[W104 18:49:34.554191868 NNPACK.cpp:56] Could not initialize NNPACK! Reason: Unsupported hardware.
0: 640x640 (no detections), 150.3ms
Speed: 2.2ms preprocess, 150.3ms inference, 0.5ms postprocess per image at shape (1, 3, 640, 640)
INFO:     127.0.0.1:39408 - "POST /identify HTTP/1.1" 200 OK
Falling back to default species list

[W104 18:49:39.162431018 NNPACK.cpp:56] Could not initialize NNPACK! Reason: Unsupported hardware.
[W104 18:49:39.169792468 NNPACK.cpp:56] Could not initialize NNPACK! Reason: Unsupported hardware.
[W104 18:49:39.176053816 NNPACK.cpp:56] Could not initialize NNPACK! Reason: Unsupported hardware.
[W104 18:49:39.184805000 NNPACK.cpp:56] Could not initialize NNPACK! Reason: Unsupported hardware.
[W104 18:49:39.190210459 NNPACK.cpp:56] Could not initialize NNPACK! Reason: Unsupported hardware.
[W104 18:49:39.197890053 NNPACK.cpp:56] Could not initialize NNPACK! Reason: Unsupported hardware.
[W104 18:49:39.202750005 NNPACK.cpp:56] Could not initialize NNPACK! Reason: Unsupported hardware.
[W104 18:49:39.206885750 NNPACK.cpp:56] Could not initialize NNPACK! Reason: Unsupported hardware.
[W104 18:49:39.208050993 NNPACK.cpp:56] Could not initialize NNPACK! Reason: Unsupported hardware.
[W104 18:49:39.215655576 NNPACK.cpp:56] Could not initialize NNPACK! Reason: Unsupported hardware.
[W104 18:49:39.218852620 NNPACK.cpp:56] Could not initialize NNPACK! Reason: Unsupported hardware.
[W104 18:49:39.224515792 NNPACK.cpp:56] Could not initialize NNPACK! Reason: Unsupported hardware.
[W104 18:49:39.226775956 NNPACK.cpp:56] Could not initialize NNPACK! Reason: Unsupported hardware.
[W104 18:49:39.233406149 NNPACK.cpp:56] Could not initialize NNPACK! Reason: Unsupported hardware.
[W104 18:49:39.236901876 NNPACK.cpp:56] Could not initialize NNPACK! Reason: Unsupported hardware.
[W104 18:49:39.241515247 NNPACK.cpp:56] Could not initialize NNPACK! Reason: Unsupported hardware.
[W104 18:49:39.244554149 NNPACK.cpp:56] Could not initialize NNPACK! Reason: Unsupported hardware.
[W104 18:49:39.248939536 NNPACK.cpp:56] Could not initialize NNPACK! Reason: Unsupported hardware.
[W104 18:49:39.262094210 NNPACK.cpp:56] Could not initialize NNPACK! Reason: Unsupported hardware.
[W104 18:49:39.280224456 NNPACK.cpp:56] Could not initialize NNPACK! Reason: Unsupported hardware.
[W104 18:49:39.286373303 NNPACK.cpp:56] Could not initialize NNPACK! Reason: Unsupported hardware.
[W104 18:49:39.293104097 NNPACK.cpp:56] Could not initialize NNPACK! Reason: Unsupported hardware.
[W104 18:49:39.295631584 NNPACK.cpp:56] Could not initialize NNPACK! Reason: Unsupported hardware.
[W104 18:49:39.298562915 NNPACK.cpp:56] Could not initialize NNPACK! Reason: Unsupported hardware.
[W104 18:49:39.300431406 NNPACK.cpp:56] Could not initialize NNPACK! Reason: Unsupported hardware.
0: 640x640 (no detections), 147.7ms
Speed: 2.2ms preprocess, 147.7ms inference, 0.6ms postprocess per image at shape (1, 3, 640, 640)
INFO:     127.0.0.1:39408 - "POST /identify HTTP/1.1" 200 OK
Falling back to default species list

[W104 18:52:19.786880056 NNPACK.cpp:56] Could not initialize NNPACK! Reason: Unsupported hardware.
[W104 18:52:19.795292366 NNPACK.cpp:56] Could not initialize NNPACK! Reason: Unsupported hardware.
[W104 18:52:19.802131560 NNPACK.cpp:56] Could not initialize NNPACK! Reason: Unsupported hardware.
[W104 18:52:19.811675202 NNPACK.cpp:56] Could not initialize NNPACK! Reason: Unsupported hardware.
[W104 18:52:19.818906711 NNPACK.cpp:56] Could not initialize NNPACK! Reason: Unsupported hardware.
[W104 18:52:19.826741945 NNPACK.cpp:56] Could not initialize NNPACK! Reason: Unsupported hardware.
[W104 18:52:19.831554056 NNPACK.cpp:56] Could not initialize NNPACK! Reason: Unsupported hardware.
[W104 18:52:19.835656570 NNPACK.cpp:56] Could not initialize NNPACK! Reason: Unsupported hardware.
[W104 18:52:19.836779893 NNPACK.cpp:56] Could not initialize NNPACK! Reason: Unsupported hardware.
[W104 18:52:19.844456346 NNPACK.cpp:56] Could not initialize NNPACK! Reason: Unsupported hardware.
[W104 18:52:19.847469667 NNPACK.cpp:56] Could not initialize NNPACK! Reason: Unsupported hardware.
[W104 18:52:19.862947024 NNPACK.cpp:56] Could not initialize NNPACK! Reason: Unsupported hardware.
[W104 18:52:19.865378900 NNPACK.cpp:56] Could not initialize NNPACK! Reason: Unsupported hardware.
[W104 18:52:19.872185194 NNPACK.cpp:56] Could not initialize NNPACK! Reason: Unsupported hardware.
[W104 18:52:19.875679821 NNPACK.cpp:56] Could not initialize NNPACK! Reason: Unsupported hardware.
[W104 18:52:19.880395182 NNPACK.cpp:56] Could not initialize NNPACK! Reason: Unsupported hardware.
[W104 18:52:19.883618346 NNPACK.cpp:56] Could not initialize NNPACK! Reason: Unsupported hardware.
[W104 18:52:19.888050465 NNPACK.cpp:56] Could not initialize NNPACK! Reason: Unsupported hardware.
[W104 18:52:19.902048975 NNPACK.cpp:56] Could not initialize NNPACK! Reason: Unsupported hardware.
[W104 18:52:19.920174860 NNPACK.cpp:56] Could not initialize NNPACK! Reason: Unsupported hardware.
[W104 18:52:19.926323216 NNPACK.cpp:56] Could not initialize NNPACK! Reason: Unsupported hardware.
[W104 18:52:19.933077799 NNPACK.cpp:56] Could not initialize NNPACK! Reason: Unsupported hardware.
[W104 18:52:19.935604816 NNPACK.cpp:56] Could not initialize NNPACK! Reason: Unsupported hardware.
[W104 18:52:19.938513497 NNPACK.cpp:56] Could not initialize NNPACK! Reason: Unsupported hardware.
[W104 18:52:19.940266526 NNPACK.cpp:56] Could not initialize NNPACK! Reason: Unsupported hardware.
0: 640x640 1 person, 162.9ms
Speed: 2.3ms preprocess, 162.9ms inference, 0.8ms postprocess per image at shape (1, 3, 640, 640)
INFO:     127.0.0.1:35094 - "POST /identify HTTP/1.1" 200 OK
Falling back to default species list

[W104 18:52:24.901457996 NNPACK.cpp:56] Could not initialize NNPACK! Reason: Unsupported hardware.
[W104 18:52:24.908812744 NNPACK.cpp:56] Could not initialize NNPACK! Reason: Unsupported hardware.
[W104 18:52:24.914954050 NNPACK.cpp:56] Could not initialize NNPACK! Reason: Unsupported hardware.
[W104 18:52:24.923593734 NNPACK.cpp:56] Could not initialize NNPACK! Reason: Unsupported hardware.
[W104 18:52:24.928974131 NNPACK.cpp:56] Could not initialize NNPACK! Reason: Unsupported hardware.
[W104 18:52:24.936721795 NNPACK.cpp:56] Could not initialize NNPACK! Reason: Unsupported hardware.
[W104 18:52:24.941550267 NNPACK.cpp:56] Could not initialize NNPACK! Reason: Unsupported hardware.
[W104 18:52:24.945728192 NNPACK.cpp:56] Could not initialize NNPACK! Reason: Unsupported hardware.
[W104 18:52:24.946843893 NNPACK.cpp:56] Could not initialize NNPACK! Reason: Unsupported hardware.
[W104 18:52:24.954599417 NNPACK.cpp:56] Could not initialize NNPACK! Reason: Unsupported hardware.
[W104 18:52:24.957568609 NNPACK.cpp:56] Could not initialize NNPACK! Reason: Unsupported hardware.
[W104 18:52:24.963161649 NNPACK.cpp:56] Could not initialize NNPACK! Reason: Unsupported hardware.
[W104 18:52:24.965479294 NNPACK.cpp:56] Could not initialize NNPACK! Reason: Unsupported hardware.
[W104 18:52:24.971985574 NNPACK.cpp:56] Could not initialize NNPACK! Reason: Unsupported hardware.
[W104 18:52:24.975506062 NNPACK.cpp:56] Could not initialize NNPACK! Reason: Unsupported hardware.
[W104 18:52:24.980203392 NNPACK.cpp:56] Could not initialize NNPACK! Reason: Unsupported hardware.
[W104 18:52:24.983212174 NNPACK.cpp:56] Could not initialize NNPACK! Reason: Unsupported hardware.
[W104 18:52:24.987634502 NNPACK.cpp:56] Could not initialize NNPACK! Reason: Unsupported hardware.
[W104 18:52:24.000732973 NNPACK.cpp:56] Could not initialize NNPACK! Reason: Unsupported hardware.
[W104 18:52:24.018986559 NNPACK.cpp:56] Could not initialize NNPACK! Reason: Unsupported hardware.
[W104 18:52:24.025208576 NNPACK.cpp:56] Could not initialize NNPACK! Reason: Unsupported hardware.
[W104 18:52:24.031918688 NNPACK.cpp:56] Could not initialize NNPACK! Reason: Unsupported hardware.
[W104 18:52:24.034511006 NNPACK.cpp:56] Could not initialize NNPACK! Reason: Unsupported hardware.
[W104 18:52:24.037458768 NNPACK.cpp:56] Could not initialize NNPACK! Reason: Unsupported hardware.
[W104 18:52:24.039267807 NNPACK.cpp:56] Could not initialize NNPACK! Reason: Unsupported hardware.
0: 640x640 (no detections), 147.2ms
Speed: 2.1ms preprocess, 147.2ms inference, 0.5ms postprocess per image at shape (1, 3, 640, 640)
INFO:     127.0.0.1:35094 - "POST /identify HTTP/1.1" 200 OK
Falling back to default species list

[W104 18:52:29.012477121 NNPACK.cpp:56] Could not initialize NNPACK! Reason: Unsupported hardware.
[W104 18:52:29.020123403 NNPACK.cpp:56] Could not initialize NNPACK! Reason: Unsupported hardware.
[W104 18:52:29.026685664 NNPACK.cpp:56] Could not initialize NNPACK! Reason: Unsupported hardware.
[W104 18:52:29.035774292 NNPACK.cpp:56] Could not initialize NNPACK! Reason: Unsupported hardware.
[W104 18:52:29.041461893 NNPACK.cpp:56] Could not initialize NNPACK! Reason: Unsupported hardware.
[W104 18:52:29.049805643 NNPACK.cpp:56] Could not initialize NNPACK! Reason: Unsupported hardware.
[W104 18:52:29.054835216 NNPACK.cpp:56] Could not initialize NNPACK! Reason: Unsupported hardware.
[W104 18:52:29.059411866 NNPACK.cpp:56] Could not initialize NNPACK! Reason: Unsupported hardware.
[W104 18:52:29.060567708 NNPACK.cpp:56] Could not initialize NNPACK! Reason: Unsupported hardware.
[W104 18:52:29.068618324 NNPACK.cpp:56] Could not initialize NNPACK! Reason: Unsupported hardware.
[W104 18:52:29.071753389 NNPACK.cpp:56] Could not initialize NNPACK! Reason: Unsupported hardware.
[W104 18:52:29.078151227 NNPACK.cpp:56] Could not initialize NNPACK! Reason: Unsupported hardware.
[W104 18:52:29.080608093 NNPACK.cpp:56] Could not initialize NNPACK! Reason: Unsupported hardware.
[W104 18:52:29.087358287 NNPACK.cpp:56] Could not initialize NNPACK! Reason: Unsupported hardware.
[W104 18:52:30.091180078 NNPACK.cpp:56] Could not initialize NNPACK! Reason: Unsupported hardware.
[W104 18:52:30.096180641 NNPACK.cpp:56] Could not initialize NNPACK! Reason: Unsupported hardware.
[W104 18:52:30.099328855 NNPACK.cpp:56] Could not initialize NNPACK! Reason: Unsupported hardware.
[W104 18:52:30.104024485 NNPACK.cpp:56] Could not initialize NNPACK! Reason: Unsupported hardware.
[W104 18:52:30.118556541 NNPACK.cpp:56] Could not initialize NNPACK! Reason: Unsupported hardware.
[W104 18:52:30.137694028 NNPACK.cpp:56] Could not initialize NNPACK! Reason: Unsupported hardware.
[W104 18:52:30.144155797 NNPACK.cpp:56] Could not initialize NNPACK! Reason: Unsupported hardware.
[W104 18:52:30.151273154 NNPACK.cpp:56] Could not initialize NNPACK! Reason: Unsupported hardware.
[W104 18:52:30.154020763 NNPACK.cpp:56] Could not initialize NNPACK! Reason: Unsupported hardware.
[W104 18:52:30.157259258 NNPACK.cpp:56] Could not initialize NNPACK! Reason: Unsupported hardware.
[W104 18:52:30.159093338 NNPACK.cpp:56] Could not initialize NNPACK! Reason: Unsupported hardware.
0: 640x640 (no detections), 156.8ms
Speed: 2.3ms preprocess, 156.8ms inference, 0.5ms postprocess per image at shape (1, 3, 640, 640)
INFO:     127.0.0.1:35094 - "POST /identify HTTP/1.1" 200 OK
Falling back to default species list

[W104 18:52:34.421445058 NNPACK.cpp:56] Could not initialize NNPACK! Reason: Unsupported hardware.
[W104 18:52:34.428575655 NNPACK.cpp:56] Could not initialize NNPACK! Reason: Unsupported hardware.
[W104 18:52:34.434527259 NNPACK.cpp:56] Could not initialize NNPACK! Reason: Unsupported hardware.
[W104 18:52:34.443126351 NNPACK.cpp:56] Could not initialize NNPACK! Reason: Unsupported hardware.
[W104 18:52:34.448522140 NNPACK.cpp:56] Could not initialize NNPACK! Reason: Unsupported hardware.
[W104 18:52:34.456151852 NNPACK.cpp:56] Could not initialize NNPACK! Reason: Unsupported hardware.
[W104 18:52:34.460882382 NNPACK.cpp:56] Could not initialize NNPACK! Reason: Unsupported hardware.
[W104 18:52:34.464944956 NNPACK.cpp:56] Could not initialize NNPACK! Reason: Unsupported hardware.
[W104 18:52:34.466079989 NNPACK.cpp:56] Could not initialize NNPACK! Reason: Unsupported hardware.
[W104 18:52:34.473624769 NNPACK.cpp:56] Could not initialize NNPACK! Reason: Unsupported hardware.
[W104 18:52:34.476427759 NNPACK.cpp:56] Could not initialize NNPACK! Reason: Unsupported hardware.
[W104 18:52:34.481901678 NNPACK.cpp:56] Could not initialize NNPACK! Reason: Unsupported hardware.
[W104 18:52:34.484060972 NNPACK.cpp:56] Could not initialize NNPACK! Reason: Unsupported hardware.
[W104 18:52:34.490470600 NNPACK.cpp:56] Could not initialize NNPACK! Reason: Unsupported hardware.
[W104 18:52:34.493883926 NNPACK.cpp:56] Could not initialize NNPACK! Reason: Unsupported hardware.
[W104 18:52:34.498460256 NNPACK.cpp:56] Could not initialize NNPACK! Reason: Unsupported hardware.
[W104 18:52:34.501439838 NNPACK.cpp:56] Could not initialize NNPACK! Reason: Unsupported hardware.
[W104 18:52:34.505793805 NNPACK.cpp:56] Could not initialize NNPACK! Reason: Unsupported hardware.
[W104 18:52:34.518914256 NNPACK.cpp:56] Could not initialize NNPACK! Reason: Unsupported hardware.
[W104 18:52:34.537063581 NNPACK.cpp:56] Could not initialize NNPACK! Reason: Unsupported hardware.
[W104 18:52:34.543097076 NNPACK.cpp:56] Could not initialize NNPACK! Reason: Unsupported hardware.
[W104 18:52:34.549752947 NNPACK.cpp:56] Could not initialize NNPACK! Reason: Unsupported hardware.
[W104 18:52:34.552283215 NNPACK.cpp:56] Could not initialize NNPACK! Reason: Unsupported hardware.
[W104 18:52:34.555191316 NNPACK.cpp:56] Could not initialize NNPACK! Reason: Unsupported hardware.
[W104 18:52:34.556870334 NNPACK.cpp:56] Could not initialize NNPACK! Reason: Unsupported hardware.
0: 640x640 1 person, 144.7ms
Speed: 2.1ms preprocess, 144.7ms inference, 0.8ms postprocess per image at shape (1, 3, 640, 640)
INFO:     127.0.0.1:35094 - "POST /identify HTTP/1.1" 200 OK
Falling back to default species list

[W104 18:52:39.534051137 NNPACK.cpp:56] Could not initialize NNPACK! Reason: Unsupported hardware.
[W104 18:52:39.541783720 NNPACK.cpp:56] Could not initialize NNPACK! Reason: Unsupported hardware.
[W104 18:52:39.548354461 NNPACK.cpp:56] Could not initialize NNPACK! Reason: Unsupported hardware.
[W104 18:52:39.557646001 NNPACK.cpp:56] Could not initialize NNPACK! Reason: Unsupported hardware.
[W104 18:52:39.563279141 NNPACK.cpp:56] Could not initialize NNPACK! Reason: Unsupported hardware.
[W104 18:52:39.571385868 NNPACK.cpp:56] Could not initialize NNPACK! Reason: Unsupported hardware.
[W104 18:52:39.576479343 NNPACK.cpp:56] Could not initialize NNPACK! Reason: Unsupported hardware.
[W104 18:52:39.581211623 NNPACK.cpp:56] Could not initialize NNPACK! Reason: Unsupported hardware.
[W104 18:52:39.582376406 NNPACK.cpp:56] Could not initialize NNPACK! Reason: Unsupported hardware.
[W104 18:52:39.590602295 NNPACK.cpp:56] Could not initialize NNPACK! Reason: Unsupported hardware.
[W104 18:52:39.593680708 NNPACK.cpp:56] Could not initialize NNPACK! Reason: Unsupported hardware.
[W104 18:52:39.599731283 NNPACK.cpp:56] Could not initialize NNPACK! Reason: Unsupported hardware.
[W104 18:52:39.602147199 NNPACK.cpp:56] Could not initialize NNPACK! Reason: Unsupported hardware.
[W104 18:52:39.609087573 NNPACK.cpp:56] Could not initialize NNPACK! Reason: Unsupported hardware.
[W104 18:52:39.612704422 NNPACK.cpp:56] Could not initialize NNPACK! Reason: Unsupported hardware.
[W104 18:52:39.617601954 NNPACK.cpp:56] Could not initialize NNPACK! Reason: Unsupported hardware.
[W104 18:52:39.620870970 NNPACK.cpp:56] Could not initialize NNPACK! Reason: Unsupported hardware.
[W104 18:52:39.625594840 NNPACK.cpp:56] Could not initialize NNPACK! Reason: Unsupported hardware.
[W104 18:52:39.639457029 NNPACK.cpp:56] Could not initialize NNPACK! Reason: Unsupported hardware.
[W104 18:52:39.658537485 NNPACK.cpp:56] Could not initialize NNPACK! Reason: Unsupported hardware.
[W104 18:52:39.666577871 NNPACK.cpp:56] Could not initialize NNPACK! Reason: Unsupported hardware.
[W104 18:52:39.673683568 NNPACK.cpp:56] Could not initialize NNPACK! Reason: Unsupported hardware.
[W104 18:52:39.676445887 NNPACK.cpp:56] Could not initialize NNPACK! Reason: Unsupported hardware.
[W104 18:52:39.679623241 NNPACK.cpp:56] Could not initialize NNPACK! Reason: Unsupported hardware.
[W104 18:52:39.681552892 NNPACK.cpp:56] Could not initialize NNPACK! Reason: Unsupported hardware.
0: 640x640 1 person, 157.5ms
Speed: 2.2ms preprocess, 157.5ms inference, 0.9ms postprocess per image at shape (1, 3, 640, 640)
INFO:     127.0.0.1:35094 - "POST /identify HTTP/1.1" 200 OK
Falling back to default species list

[W104 18:55:23.470968220 NNPACK.cpp:56] Could not initialize NNPACK! Reason: Unsupported hardware.
[W104 18:55:23.478338637 NNPACK.cpp:56] Could not initialize NNPACK! Reason: Unsupported hardware.
[W104 18:55:23.484645476 NNPACK.cpp:56] Could not initialize NNPACK! Reason: Unsupported hardware.
[W104 18:55:23.493313818 NNPACK.cpp:56] Could not initialize NNPACK! Reason: Unsupported hardware.
[W104 18:55:23.498545477 NNPACK.cpp:56] Could not initialize NNPACK! Reason: Unsupported hardware.
[W104 18:55:23.506252408 NNPACK.cpp:56] Could not initialize NNPACK! Reason: Unsupported hardware.
[W104 18:55:23.510987567 NNPACK.cpp:56] Could not initialize NNPACK! Reason: Unsupported hardware.
[W104 18:55:23.515104048 NNPACK.cpp:56] Could not initialize NNPACK! Reason: Unsupported hardware.
[W104 18:55:23.516222876 NNPACK.cpp:56] Could not initialize NNPACK! Reason: Unsupported hardware.
[W104 18:55:23.523719301 NNPACK.cpp:56] Could not initialize NNPACK! Reason: Unsupported hardware.
[W104 18:55:23.526698824 NNPACK.cpp:56] Could not initialize NNPACK! Reason: Unsupported hardware.
[W104 18:55:23.532313535 NNPACK.cpp:56] Could not initialize NNPACK! Reason: Unsupported hardware.
[W104 18:55:23.534444444 NNPACK.cpp:56] Could not initialize NNPACK! Reason: Unsupported hardware.
[W104 18:55:23.540803912 NNPACK.cpp:56] Could not initialize NNPACK! Reason: Unsupported hardware.
[W104 18:55:23.544734996 NNPACK.cpp:56] Could not initialize NNPACK! Reason: Unsupported hardware.
[W104 18:55:23.549612221 NNPACK.cpp:56] Could not initialize NNPACK! Reason: Unsupported hardware.
[W104 18:55:23.552699152 NNPACK.cpp:56] Could not initialize NNPACK! Reason: Unsupported hardware.
[W104 18:55:23.557168836 NNPACK.cpp:56] Could not initialize NNPACK! Reason: Unsupported hardware.
[W104 18:55:23.570467858 NNPACK.cpp:56] Could not initialize NNPACK! Reason: Unsupported hardware.
[W104 18:55:23.588790765 NNPACK.cpp:56] Could not initialize NNPACK! Reason: Unsupported hardware.
[W104 18:55:23.595080664 NNPACK.cpp:56] Could not initialize NNPACK! Reason: Unsupported hardware.
[W104 18:55:23.601849263 NNPACK.cpp:56] Could not initialize NNPACK! Reason: Unsupported hardware.
[W104 18:55:23.604404343 NNPACK.cpp:56] Could not initialize NNPACK! Reason: Unsupported hardware.
[W104 18:55:23.607345787 NNPACK.cpp:56] Could not initialize NNPACK! Reason: Unsupported hardware.
[W104 18:55:23.609175071 NNPACK.cpp:56] Could not initialize NNPACK! Reason: Unsupported hardware.
0: 640x640 1 person, 147.8ms
Speed: 2.1ms preprocess, 147.8ms inference, 0.8ms postprocess per image at shape (1, 3, 640, 640)
INFO:     127.0.0.1:49276 - "POST /identify HTTP/1.1" 200 OK
Falling back to default species list

[W104 18:55:34.526338870 NNPACK.cpp:56] Could not initialize NNPACK! Reason: Unsupported hardware.
[W104 18:55:34.533864948 NNPACK.cpp:56] Could not initialize NNPACK! Reason: Unsupported hardware.
[W104 18:55:34.540209650 NNPACK.cpp:56] Could not initialize NNPACK! Reason: Unsupported hardware.
[W104 18:55:34.549064623 NNPACK.cpp:56] Could not initialize NNPACK! Reason: Unsupported hardware.
[W104 18:55:34.554354674 NNPACK.cpp:56] Could not initialize NNPACK! Reason: Unsupported hardware.
[W104 18:55:34.562126688 NNPACK.cpp:56] Could not initialize NNPACK! Reason: Unsupported hardware.
[W104 18:55:34.566933498 NNPACK.cpp:56] Could not initialize NNPACK! Reason: Unsupported hardware.
[W104 18:55:34.571132369 NNPACK.cpp:56] Could not initialize NNPACK! Reason: Unsupported hardware.
[W104 18:55:34.572256838 NNPACK.cpp:56] Could not initialize NNPACK! Reason: Unsupported hardware.
[W104 18:55:34.579909403 NNPACK.cpp:56] Could not initialize NNPACK! Reason: Unsupported hardware.
[W104 18:55:34.582936987 NNPACK.cpp:56] Could not initialize NNPACK! Reason: Unsupported hardware.
[W104 18:55:34.588609581 NNPACK.cpp:56] Could not initialize NNPACK! Reason: Unsupported hardware.
[W104 18:55:34.590777990 NNPACK.cpp:56] Could not initialize NNPACK! Reason: Unsupported hardware.
[W104 18:55:34.597200449 NNPACK.cpp:56] Could not initialize NNPACK! Reason: Unsupported hardware.
[W104 18:55:34.600698694 NNPACK.cpp:56] Could not initialize NNPACK! Reason: Unsupported hardware.
[W104 18:55:34.605466904 NNPACK.cpp:56] Could not initialize NNPACK! Reason: Unsupported hardware.
[W104 18:55:34.608552646 NNPACK.cpp:56] Could not initialize NNPACK! Reason: Unsupported hardware.
[W104 18:55:34.612977773 NNPACK.cpp:56] Could not initialize NNPACK! Reason: Unsupported hardware.
[W104 18:55:34.626281144 NNPACK.cpp:56] Could not initialize NNPACK! Reason: Unsupported hardware.
[W104 18:55:34.644691568 NNPACK.cpp:56] Could not initialize NNPACK! Reason: Unsupported hardware.
[W104 18:55:34.650912491 NNPACK.cpp:56] Could not initialize NNPACK! Reason: Unsupported hardware.
[W104 18:55:34.657747202 NNPACK.cpp:56] Could not initialize NNPACK! Reason: Unsupported hardware.
[W104 18:55:34.660329174 NNPACK.cpp:56] Could not initialize NNPACK! Reason: Unsupported hardware.
[W104 18:55:34.663306108 NNPACK.cpp:56] Could not initialize NNPACK! Reason: Unsupported hardware.
[W104 18:55:34.665071815 NNPACK.cpp:56] Could not initialize NNPACK! Reason: Unsupported hardware.
0: 640x640 1 person, 148.4ms
Speed: 2.1ms preprocess, 148.4ms inference, 0.8ms postprocess per image at shape (1, 3, 640, 640)
INFO:     127.0.0.1:35048 - "POST /identify HTTP/1.1" 200 OK
Falling back to default species list

[W104 18:55:45.576032660 NNPACK.cpp:56] Could not initialize NNPACK! Reason: Unsupported hardware.
[W104 18:55:45.583418356 NNPACK.cpp:56] Could not initialize NNPACK! Reason: Unsupported hardware.
[W104 18:55:45.589886317 NNPACK.cpp:56] Could not initialize NNPACK! Reason: Unsupported hardware.
[W104 18:55:45.598700306 NNPACK.cpp:56] Could not initialize NNPACK! Reason: Unsupported hardware.
[W104 18:55:45.604065408 NNPACK.cpp:56] Could not initialize NNPACK! Reason: Unsupported hardware.
[W104 18:55:45.611704949 NNPACK.cpp:56] Could not initialize NNPACK! Reason: Unsupported hardware.
[W104 18:55:45.616515131 NNPACK.cpp:56] Could not initialize NNPACK! Reason: Unsupported hardware.
[W104 18:55:45.620658945 NNPACK.cpp:56] Could not initialize NNPACK! Reason: Unsupported hardware.
[W104 18:55:45.621779705 NNPACK.cpp:56] Could not initialize NNPACK! Reason: Unsupported hardware.
[W104 18:55:45.629277278 NNPACK.cpp:56] Could not initialize NNPACK! Reason: Unsupported hardware.
[W104 18:55:45.632375842 NNPACK.cpp:56] Could not initialize NNPACK! Reason: Unsupported hardware.
[W104 18:55:45.638069528 NNPACK.cpp:56] Could not initialize NNPACK! Reason: Unsupported hardware.
[W104 18:55:45.640313377 NNPACK.cpp:56] Could not initialize NNPACK! Reason: Unsupported hardware.
[W104 18:55:45.646779888 NNPACK.cpp:56] Could not initialize NNPACK! Reason: Unsupported hardware.
[W104 18:55:45.650371533 NNPACK.cpp:56] Could not initialize NNPACK! Reason: Unsupported hardware.
[W104 18:55:45.654988358 NNPACK.cpp:56] Could not initialize NNPACK! Reason: Unsupported hardware.
[W104 18:55:45.658044633 NNPACK.cpp:56] Could not initialize NNPACK! Reason: Unsupported hardware.
[W104 18:55:45.662401703 NNPACK.cpp:56] Could not initialize NNPACK! Reason: Unsupported hardware.
[W104 18:55:45.675602243 NNPACK.cpp:56] Could not initialize NNPACK! Reason: Unsupported hardware.
[W104 18:55:45.694026596 NNPACK.cpp:56] Could not initialize NNPACK! Reason: Unsupported hardware.
[W104 18:55:45.700364471 NNPACK.cpp:56] Could not initialize NNPACK! Reason: Unsupported hardware.
[W104 18:55:45.707206275 NNPACK.cpp:56] Could not initialize NNPACK! Reason: Unsupported hardware.
[W104 18:55:45.709714000 NNPACK.cpp:56] Could not initialize NNPACK! Reason: Unsupported hardware.
[W104 18:55:45.712652716 NNPACK.cpp:56] Could not initialize NNPACK! Reason: Unsupported hardware.
[W104 18:55:45.714422194 NNPACK.cpp:56] Could not initialize NNPACK! Reason: Unsupported hardware.
0: 640x640 1 person, 147.8ms
Speed: 2.3ms preprocess, 147.8ms inference, 0.8ms postprocess per image at shape (1, 3, 640, 640)
INFO:     127.0.0.1:36330 - "POST /identify HTTP/1.1" 200 OK
Falling back to default species list

[W104 18:55:56.848023053 NNPACK.cpp:56] Could not initialize NNPACK! Reason: Unsupported hardware.
[W104 18:55:56.855511750 NNPACK.cpp:56] Could not initialize NNPACK! Reason: Unsupported hardware.
[W104 18:55:56.861941616 NNPACK.cpp:56] Could not initialize NNPACK! Reason: Unsupported hardware.
[W104 18:55:56.870982245 NNPACK.cpp:56] Could not initialize NNPACK! Reason: Unsupported hardware.
[W104 18:55:56.876476238 NNPACK.cpp:56] Could not initialize NNPACK! Reason: Unsupported hardware.
[W104 18:55:56.884397727 NNPACK.cpp:56] Could not initialize NNPACK! Reason: Unsupported hardware.
[W104 18:55:56.889488347 NNPACK.cpp:56] Could not initialize NNPACK! Reason: Unsupported hardware.
[W104 18:55:56.901941786 NNPACK.cpp:56] Could not initialize NNPACK! Reason: Unsupported hardware.
[W104 18:55:56.903163095 NNPACK.cpp:56] Could not initialize NNPACK! Reason: Unsupported hardware.
[W104 18:55:56.911151203 NNPACK.cpp:56] Could not initialize NNPACK! Reason: Unsupported hardware.
[W104 18:55:56.914475103 NNPACK.cpp:56] Could not initialize NNPACK! Reason: Unsupported hardware.
[W104 18:55:56.920249771 NNPACK.cpp:56] Could not initialize NNPACK! Reason: Unsupported hardware.
[W104 18:55:56.922469762 NNPACK.cpp:56] Could not initialize NNPACK! Reason: Unsupported hardware.
[W104 18:55:56.929320791 NNPACK.cpp:56] Could not initialize NNPACK! Reason: Unsupported hardware.
[W104 18:55:56.932944876 NNPACK.cpp:56] Could not initialize NNPACK! Reason: Unsupported hardware.
[W104 18:55:56.937794990 NNPACK.cpp:56] Could not initialize NNPACK! Reason: Unsupported hardware.
[W104 18:55:56.941055453 NNPACK.cpp:56] Could not initialize NNPACK! Reason: Unsupported hardware.
[W104 18:55:56.945629541 NNPACK.cpp:56] Could not initialize NNPACK! Reason: Unsupported hardware.
[W104 18:55:56.959156811 NNPACK.cpp:56] Could not initialize NNPACK! Reason: Unsupported hardware.
[W104 18:55:56.977690682 NNPACK.cpp:56] Could not initialize NNPACK! Reason: Unsupported hardware.
[W104 18:55:56.983994190 NNPACK.cpp:56] Could not initialize NNPACK! Reason: Unsupported hardware.
[W104 18:55:56.990841348 NNPACK.cpp:56] Could not initialize NNPACK! Reason: Unsupported hardware.
[W104 18:55:56.993466033 NNPACK.cpp:56] Could not initialize NNPACK! Reason: Unsupported hardware.
[W104 18:55:56.996462689 NNPACK.cpp:56] Could not initialize NNPACK! Reason: Unsupported hardware.
[W104 18:55:56.998395015 NNPACK.cpp:56] Could not initialize NNPACK! Reason: Unsupported hardware.
0: 640x640 (no detections), 160.1ms
Speed: 2.2ms preprocess, 160.1ms inference, 0.7ms postprocess per image at shape (1, 3, 640, 640)
INFO:     127.0.0.1:58652 - "POST /identify HTTP/1.1" 200 OK
Falling back to default species list

[W104 18:56:06.730636912 NNPACK.cpp:56] Could not initialize NNPACK! Reason: Unsupported hardware.
[W104 18:56:06.738118963 NNPACK.cpp:56] Could not initialize NNPACK! Reason: Unsupported hardware.
[W104 18:56:06.744448803 NNPACK.cpp:56] Could not initialize NNPACK! Reason: Unsupported hardware.
[W104 18:56:06.753443437 NNPACK.cpp:56] Could not initialize NNPACK! Reason: Unsupported hardware.
[W104 18:56:06.758915573 NNPACK.cpp:56] Could not initialize NNPACK! Reason: Unsupported hardware.
[W104 18:56:06.766644249 NNPACK.cpp:56] Could not initialize NNPACK! Reason: Unsupported hardware.
[W104 18:56:06.771545764 NNPACK.cpp:56] Could not initialize NNPACK! Reason: Unsupported hardware.
[W104 18:56:06.775775462 NNPACK.cpp:56] Could not initialize NNPACK! Reason: Unsupported hardware.
[W104 18:56:06.776913512 NNPACK.cpp:56] Could not initialize NNPACK! Reason: Unsupported hardware.
[W104 18:56:06.784686607 NNPACK.cpp:56] Could not initialize NNPACK! Reason: Unsupported hardware.
[W104 18:56:06.787771324 NNPACK.cpp:56] Could not initialize NNPACK! Reason: Unsupported hardware.
[W104 18:56:06.793599633 NNPACK.cpp:56] Could not initialize NNPACK! Reason: Unsupported hardware.
[W104 18:56:06.795806256 NNPACK.cpp:56] Could not initialize NNPACK! Reason: Unsupported hardware.
[W104 18:56:06.802513069 NNPACK.cpp:56] Could not initialize NNPACK! Reason: Unsupported hardware.
[W104 18:56:06.806436682 NNPACK.cpp:56] Could not initialize NNPACK! Reason: Unsupported hardware.
[W104 18:56:06.811163729 NNPACK.cpp:56] Could not initialize NNPACK! Reason: Unsupported hardware.
[W104 18:56:06.814279916 NNPACK.cpp:56] Could not initialize NNPACK! Reason: Unsupported hardware.
[W104 18:56:06.818715399 NNPACK.cpp:56] Could not initialize NNPACK! Reason: Unsupported hardware.
[W104 18:56:06.832284225 NNPACK.cpp:56] Could not initialize NNPACK! Reason: Unsupported hardware.
[W104 18:56:06.852019854 NNPACK.cpp:56] Could not initialize NNPACK! Reason: Unsupported hardware.
[W104 18:56:06.858395643 NNPACK.cpp:56] Could not initialize NNPACK! Reason: Unsupported hardware.
[W104 18:56:06.865401142 NNPACK.cpp:56] Could not initialize NNPACK! Reason: Unsupported hardware.
[W104 18:56:06.867950479 NNPACK.cpp:56] Could not initialize NNPACK! Reason: Unsupported hardware.
[W104 18:56:06.870905297 NNPACK.cpp:56] Could not initialize NNPACK! Reason: Unsupported hardware.
[W104 18:56:06.872655477 NNPACK.cpp:56] Could not initialize NNPACK! Reason: Unsupported hardware.
0: 640x640 (no detections), 152.2ms
Speed: 2.3ms preprocess, 152.2ms inference, 0.5ms postprocess per image at shape (1, 3, 640, 640)
INFO:     127.0.0.1:34200 - "POST /identify HTTP/1.1" 200 OK
Falling back to default species list

[W104 19:06:46.257248223 NNPACK.cpp:56] Could not initialize NNPACK! Reason: Unsupported hardware.
[W104 19:06:46.264610586 NNPACK.cpp:56] Could not initialize NNPACK! Reason: Unsupported hardware.
[W104 19:06:46.270752761 NNPACK.cpp:56] Could not initialize NNPACK! Reason: Unsupported hardware.
[W104 19:06:46.279415085 NNPACK.cpp:56] Could not initialize NNPACK! Reason: Unsupported hardware.
[W104 19:06:46.284693160 NNPACK.cpp:56] Could not initialize NNPACK! Reason: Unsupported hardware.
[W104 19:06:46.292419464 NNPACK.cpp:56] Could not initialize NNPACK! Reason: Unsupported hardware.
[W104 19:06:46.297241580 NNPACK.cpp:56] Could not initialize NNPACK! Reason: Unsupported hardware.
[W104 19:06:46.301364767 NNPACK.cpp:56] Could not initialize NNPACK! Reason: Unsupported hardware.
[W104 19:06:46.302476205 NNPACK.cpp:56] Could not initialize NNPACK! Reason: Unsupported hardware.
[W104 19:06:46.310249659 NNPACK.cpp:56] Could not initialize NNPACK! Reason: Unsupported hardware.
[W104 19:06:46.313179107 NNPACK.cpp:56] Could not initialize NNPACK! Reason: Unsupported hardware.
[W104 19:06:46.318663312 NNPACK.cpp:56] Could not initialize NNPACK! Reason: Unsupported hardware.
[W104 19:06:46.320944041 NNPACK.cpp:56] Could not initialize NNPACK! Reason: Unsupported hardware.
[W104 19:06:46.327429545 NNPACK.cpp:56] Could not initialize NNPACK! Reason: Unsupported hardware.
[W104 19:06:46.330899573 NNPACK.cpp:56] Could not initialize NNPACK! Reason: Unsupported hardware.
[W104 19:06:46.335531969 NNPACK.cpp:56] Could not initialize NNPACK! Reason: Unsupported hardware.
[W104 19:06:46.338542706 NNPACK.cpp:56] Could not initialize NNPACK! Reason: Unsupported hardware.
[W104 19:06:46.342981833 NNPACK.cpp:56] Could not initialize NNPACK! Reason: Unsupported hardware.
[W104 19:06:46.356220621 NNPACK.cpp:56] Could not initialize NNPACK! Reason: Unsupported hardware.
[W104 19:06:46.374399496 NNPACK.cpp:56] Could not initialize NNPACK! Reason: Unsupported hardware.
[W104 19:06:46.380551391 NNPACK.cpp:56] Could not initialize NNPACK! Reason: Unsupported hardware.
[W104 19:06:46.387283416 NNPACK.cpp:56] Could not initialize NNPACK! Reason: Unsupported hardware.
[W104 19:06:46.389747044 NNPACK.cpp:56] Could not initialize NNPACK! Reason: Unsupported hardware.
[W104 19:06:46.392649821 NNPACK.cpp:56] Could not initialize NNPACK! Reason: Unsupported hardware.
[W104 19:06:46.394418920 NNPACK.cpp:56] Could not initialize NNPACK! Reason: Unsupported hardware.
0: 640x640 1 person, 146.7ms
Speed: 2.3ms preprocess, 146.7ms inference, 0.8ms postprocess per image at shape (1, 3, 640, 640)
INFO:     127.0.0.1:42378 - "POST /identify HTTP/1.1" 200 OK
Falling back to default species list

[W104 19:06:54.348559638 NNPACK.cpp:56] Could not initialize NNPACK! Reason: Unsupported hardware.
[W104 19:06:54.355952302 NNPACK.cpp:56] Could not initialize NNPACK! Reason: Unsupported hardware.
[W104 19:06:54.362386918 NNPACK.cpp:56] Could not initialize NNPACK! Reason: Unsupported hardware.
[W104 19:06:54.371146342 NNPACK.cpp:56] Could not initialize NNPACK! Reason: Unsupported hardware.
[W104 19:06:54.376386678 NNPACK.cpp:56] Could not initialize NNPACK! Reason: Unsupported hardware.
[W104 19:06:54.384052012 NNPACK.cpp:56] Could not initialize NNPACK! Reason: Unsupported hardware.
[W104 19:06:54.389056309 NNPACK.cpp:56] Could not initialize NNPACK! Reason: Unsupported hardware.
[W104 19:06:54.393153046 NNPACK.cpp:56] Could not initialize NNPACK! Reason: Unsupported hardware.
[W104 19:06:54.394267195 NNPACK.cpp:56] Could not initialize NNPACK! Reason: Unsupported hardware.
[W104 19:06:54.402082609 NNPACK.cpp:56] Could not initialize NNPACK! Reason: Unsupported hardware.
[W104 19:06:54.405017567 NNPACK.cpp:56] Could not initialize NNPACK! Reason: Unsupported hardware.
[W104 19:06:54.410760914 NNPACK.cpp:56] Could not initialize NNPACK! Reason: Unsupported hardware.
[W104 19:06:54.412920602 NNPACK.cpp:56] Could not initialize NNPACK! Reason: Unsupported hardware.
[W104 19:06:54.419304087 NNPACK.cpp:56] Could not initialize NNPACK! Reason: Unsupported hardware.
[W104 19:06:54.422710925 NNPACK.cpp:56] Could not initialize NNPACK! Reason: Unsupported hardware.
[W104 19:06:54.427287511 NNPACK.cpp:56] Could not initialize NNPACK! Reason: Unsupported hardware.
[W104 19:06:54.430274319 NNPACK.cpp:56] Could not initialize NNPACK! Reason: Unsupported hardware.
[W104 19:06:54.434617556 NNPACK.cpp:56] Could not initialize NNPACK! Reason: Unsupported hardware.
[W104 19:06:54.449935465 NNPACK.cpp:56] Could not initialize NNPACK! Reason: Unsupported hardware.
[W104 19:06:54.470482001 NNPACK.cpp:56] Could not initialize NNPACK! Reason: Unsupported hardware.
[W104 19:06:54.476540886 NNPACK.cpp:56] Could not initialize NNPACK! Reason: Unsupported hardware.
[W104 19:06:54.483238441 NNPACK.cpp:56] Could not initialize NNPACK! Reason: Unsupported hardware.
[W104 19:06:54.485718719 NNPACK.cpp:56] Could not initialize NNPACK! Reason: Unsupported hardware.
[W104 19:06:54.488636038 NNPACK.cpp:56] Could not initialize NNPACK! Reason: Unsupported hardware.
[W104 19:06:54.490342775 NNPACK.cpp:56] Could not initialize NNPACK! Reason: Unsupported hardware.
0: 640x640 1 person, 151.3ms
Speed: 2.1ms preprocess, 151.3ms inference, 0.8ms postprocess per image at shape (1, 3, 640, 640)
INFO:     127.0.0.1:43070 - "POST /identify HTTP/1.1" 200 OK
Falling back to default species list

[W104 19:10:49.415240123 NNPACK.cpp:56] Could not initialize NNPACK! Reason: Unsupported hardware.
[W104 19:10:49.422625045 NNPACK.cpp:56] Could not initialize NNPACK! Reason: Unsupported hardware.
[W104 19:10:49.428887596 NNPACK.cpp:56] Could not initialize NNPACK! Reason: Unsupported hardware.
[W104 19:10:49.437710230 NNPACK.cpp:56] Could not initialize NNPACK! Reason: Unsupported hardware.
[W104 19:10:49.443034340 NNPACK.cpp:56] Could not initialize NNPACK! Reason: Unsupported hardware.
[W104 19:10:49.450697862 NNPACK.cpp:56] Could not initialize NNPACK! Reason: Unsupported hardware.
[W104 19:10:49.455574360 NNPACK.cpp:56] Could not initialize NNPACK! Reason: Unsupported hardware.
[W104 19:10:49.459777787 NNPACK.cpp:56] Could not initialize NNPACK! Reason: Unsupported hardware.
[W104 19:10:49.460884009 NNPACK.cpp:56] Could not initialize NNPACK! Reason: Unsupported hardware.
[W104 19:10:49.468915423 NNPACK.cpp:56] Could not initialize NNPACK! Reason: Unsupported hardware.
[W104 19:10:49.471798267 NNPACK.cpp:56] Could not initialize NNPACK! Reason: Unsupported hardware.
[W104 19:10:49.477470307 NNPACK.cpp:56] Could not initialize NNPACK! Reason: Unsupported hardware.
[W104 19:10:49.479663841 NNPACK.cpp:56] Could not initialize NNPACK! Reason: Unsupported hardware.
[W104 19:10:49.486101891 NNPACK.cpp:56] Could not initialize NNPACK! Reason: Unsupported hardware.
[W104 19:10:49.489620007 NNPACK.cpp:56] Could not initialize NNPACK! Reason: Unsupported hardware.
[W104 19:10:49.494289215 NNPACK.cpp:56] Could not initialize NNPACK! Reason: Unsupported hardware.
[W104 19:10:49.497358030 NNPACK.cpp:56] Could not initialize NNPACK! Reason: Unsupported hardware.
[W104 19:10:49.501755338 NNPACK.cpp:56] Could not initialize NNPACK! Reason: Unsupported hardware.
[W104 19:10:49.514955880 NNPACK.cpp:56] Could not initialize NNPACK! Reason: Unsupported hardware.
[W104 19:10:49.533218560 NNPACK.cpp:56] Could not initialize NNPACK! Reason: Unsupported hardware.
[W104 19:10:49.539480931 NNPACK.cpp:56] Could not initialize NNPACK! Reason: Unsupported hardware.
[W104 19:10:49.546280572 NNPACK.cpp:56] Could not initialize NNPACK! Reason: Unsupported hardware.
[W104 19:10:49.548878316 NNPACK.cpp:56] Could not initialize NNPACK! Reason: Unsupported hardware.
[W104 19:10:49.551877371 NNPACK.cpp:56] Could not initialize NNPACK! Reason: Unsupported hardware.
[W104 19:10:49.553663724 NNPACK.cpp:56] Could not initialize NNPACK! Reason: Unsupported hardware.
0: 640x640 (no detections), 148.1ms
Speed: 2.2ms preprocess, 148.1ms inference, 0.5ms postprocess per image at shape (1, 3, 640, 640)
INFO:     127.0.0.1:50956 - "POST /identify HTTP/1.1" 200 OK
Falling back to default species list

[W104 19:10:59.202404433 NNPACK.cpp:56] Could not initialize NNPACK! Reason: Unsupported hardware.
[W104 19:10:59.209867767 NNPACK.cpp:56] Could not initialize NNPACK! Reason: Unsupported hardware.
[W104 19:10:59.216143468 NNPACK.cpp:56] Could not initialize NNPACK! Reason: Unsupported hardware.
[W104 19:10:59.224947993 NNPACK.cpp:56] Could not initialize NNPACK! Reason: Unsupported hardware.
[W104 19:10:59.230323192 NNPACK.cpp:56] Could not initialize NNPACK! Reason: Unsupported hardware.
[W104 19:10:59.238359076 NNPACK.cpp:56] Could not initialize NNPACK! Reason: Unsupported hardware.
[W104 19:10:59.243281915 NNPACK.cpp:56] Could not initialize NNPACK! Reason: Unsupported hardware.
[W104 19:10:59.247452572 NNPACK.cpp:56] Could not initialize NNPACK! Reason: Unsupported hardware.
[W104 19:10:59.248626704 NNPACK.cpp:56] Could not initialize NNPACK! Reason: Unsupported hardware.
[W104 19:10:59.256663528 NNPACK.cpp:56] Could not initialize NNPACK! Reason: Unsupported hardware.
[W104 19:10:59.259585743 NNPACK.cpp:56] Could not initialize NNPACK! Reason: Unsupported hardware.
[W104 19:10:59.265249533 NNPACK.cpp:56] Could not initialize NNPACK! Reason: Unsupported hardware.
[W104 19:10:59.267631837 NNPACK.cpp:56] Could not initialize NNPACK! Reason: Unsupported hardware.
[W104 19:10:59.274305120 NNPACK.cpp:56] Could not initialize NNPACK! Reason: Unsupported hardware.
[W104 19:10:59.277801236 NNPACK.cpp:56] Could not initialize NNPACK! Reason: Unsupported hardware.
[W104 19:10:59.282465414 NNPACK.cpp:56] Could not initialize NNPACK! Reason: Unsupported hardware.
[W104 19:10:59.285507379 NNPACK.cpp:56] Could not initialize NNPACK! Reason: Unsupported hardware.
[W104 19:10:59.289867617 NNPACK.cpp:56] Could not initialize NNPACK! Reason: Unsupported hardware.
[W104 19:10:59.303161310 NNPACK.cpp:56] Could not initialize NNPACK! Reason: Unsupported hardware.
[W104 19:10:59.321406692 NNPACK.cpp:56] Could not initialize NNPACK! Reason: Unsupported hardware.
[W104 19:10:59.327635962 NNPACK.cpp:56] Could not initialize NNPACK! Reason: Unsupported hardware.
[W104 19:10:59.334417195 NNPACK.cpp:56] Could not initialize NNPACK! Reason: Unsupported hardware.
[W104 19:10:59.336968949 NNPACK.cpp:56] Could not initialize NNPACK! Reason: Unsupported hardware.
[W104 19:10:59.339908065 NNPACK.cpp:56] Could not initialize NNPACK! Reason: Unsupported hardware.
[W104 19:10:59.341686127 NNPACK.cpp:56] Could not initialize NNPACK! Reason: Unsupported hardware.
0: 640x640 (no detections), 148.9ms
Speed: 2.3ms preprocess, 148.9ms inference, 0.6ms postprocess per image at shape (1, 3, 640, 640)
INFO:     127.0.0.1:43366 - "POST /identify HTTP/1.1" 200 OK
Falling back to default species list

[W104 19:11:08.959200711 NNPACK.cpp:56] Could not initialize NNPACK! Reason: Unsupported hardware.
[W104 19:11:08.966822075 NNPACK.cpp:56] Could not initialize NNPACK! Reason: Unsupported hardware.
[W104 19:11:08.973732357 NNPACK.cpp:56] Could not initialize NNPACK! Reason: Unsupported hardware.
[W104 19:11:08.982779854 NNPACK.cpp:56] Could not initialize NNPACK! Reason: Unsupported hardware.
[W104 19:11:08.988509024 NNPACK.cpp:56] Could not initialize NNPACK! Reason: Unsupported hardware.
[W104 19:11:08.996344898 NNPACK.cpp:56] Could not initialize NNPACK! Reason: Unsupported hardware.
[W104 19:11:08.001457908 NNPACK.cpp:56] Could not initialize NNPACK! Reason: Unsupported hardware.
[W104 19:11:08.005756885 NNPACK.cpp:56] Could not initialize NNPACK! Reason: Unsupported hardware.
[W104 19:11:08.006955328 NNPACK.cpp:56] Could not initialize NNPACK! Reason: Unsupported hardware.
[W104 19:11:08.015269773 NNPACK.cpp:56] Could not initialize NNPACK! Reason: Unsupported hardware.
[W104 19:11:08.018719859 NNPACK.cpp:56] Could not initialize NNPACK! Reason: Unsupported hardware.
[W104 19:11:08.024713540 NNPACK.cpp:56] Could not initialize NNPACK! Reason: Unsupported hardware.
[W104 19:11:08.027063434 NNPACK.cpp:56] Could not initialize NNPACK! Reason: Unsupported hardware.
[W104 19:11:08.034059967 NNPACK.cpp:56] Could not initialize NNPACK! Reason: Unsupported hardware.
[W104 19:11:08.037966734 NNPACK.cpp:56] Could not initialize NNPACK! Reason: Unsupported hardware.
[W104 19:11:08.043191784 NNPACK.cpp:56] Could not initialize NNPACK! Reason: Unsupported hardware.
[W104 19:11:08.046640290 NNPACK.cpp:56] Could not initialize NNPACK! Reason: Unsupported hardware.
[W104 19:11:08.051323789 NNPACK.cpp:56] Could not initialize NNPACK! Reason: Unsupported hardware.
[W104 19:11:08.064889264 NNPACK.cpp:56] Could not initialize NNPACK! Reason: Unsupported hardware.
[W104 19:11:08.083578607 NNPACK.cpp:56] Could not initialize NNPACK! Reason: Unsupported hardware.
[W104 19:11:09.090176509 NNPACK.cpp:56] Could not initialize NNPACK! Reason: Unsupported hardware.
[W104 19:11:09.097223042 NNPACK.cpp:56] Could not initialize NNPACK! Reason: Unsupported hardware.
[W104 19:11:09.099807377 NNPACK.cpp:56] Could not initialize NNPACK! Reason: Unsupported hardware.
[W104 19:11:09.102705943 NNPACK.cpp:56] Could not initialize NNPACK! Reason: Unsupported hardware.
[W104 19:11:09.104683366 NNPACK.cpp:56] Could not initialize NNPACK! Reason: Unsupported hardware.
0: 640x640 (no detections), 155.5ms
Speed: 2.2ms preprocess, 155.5ms inference, 0.5ms postprocess per image at shape (1, 3, 640, 640)
INFO:     127.0.0.1:46724 - "POST /identify HTTP/1.1" 200 OK
Falling back to default species list

[W104 19:11:17.380268624 NNPACK.cpp:56] Could not initialize NNPACK! Reason: Unsupported hardware.
[W104 19:11:17.387630737 NNPACK.cpp:56] Could not initialize NNPACK! Reason: Unsupported hardware.
[W104 19:11:17.393911229 NNPACK.cpp:56] Could not initialize NNPACK! Reason: Unsupported hardware.
[W104 19:11:17.402882476 NNPACK.cpp:56] Could not initialize NNPACK! Reason: Unsupported hardware.
[W104 19:11:17.408287357 NNPACK.cpp:56] Could not initialize NNPACK! Reason: Unsupported hardware.
[W104 19:11:17.416167491 NNPACK.cpp:56] Could not initialize NNPACK! Reason: Unsupported hardware.
[W104 19:11:17.421126741 NNPACK.cpp:56] Could not initialize NNPACK! Reason: Unsupported hardware.
[W104 19:11:17.425523689 NNPACK.cpp:56] Could not initialize NNPACK! Reason: Unsupported hardware.
[W104 19:11:17.426699392 NNPACK.cpp:56] Could not initialize NNPACK! Reason: Unsupported hardware.
[W104 19:11:17.434724677 NNPACK.cpp:56] Could not initialize NNPACK! Reason: Unsupported hardware.
[W104 19:11:17.437702722 NNPACK.cpp:56] Could not initialize NNPACK! Reason: Unsupported hardware.
[W104 19:11:17.443395173 NNPACK.cpp:56] Could not initialize NNPACK! Reason: Unsupported hardware.
[W104 19:11:17.445660197 NNPACK.cpp:56] Could not initialize NNPACK! Reason: Unsupported hardware.
[W104 19:11:17.452310780 NNPACK.cpp:56] Could not initialize NNPACK! Reason: Unsupported hardware.
[W104 19:11:17.455878596 NNPACK.cpp:56] Could not initialize NNPACK! Reason: Unsupported hardware.
[W104 19:11:17.460601806 NNPACK.cpp:56] Could not initialize NNPACK! Reason: Unsupported hardware.
[W104 19:11:17.463690471 NNPACK.cpp:56] Could not initialize NNPACK! Reason: Unsupported hardware.
[W104 19:11:17.468159669 NNPACK.cpp:56] Could not initialize NNPACK! Reason: Unsupported hardware.
[W104 19:11:17.481415115 NNPACK.cpp:56] Could not initialize NNPACK! Reason: Unsupported hardware.
[W104 19:11:17.499747629 NNPACK.cpp:56] Could not initialize NNPACK! Reason: Unsupported hardware.
[W104 19:11:17.506020271 NNPACK.cpp:56] Could not initialize NNPACK! Reason: Unsupported hardware.
[W104 19:11:17.512878685 NNPACK.cpp:56] Could not initialize NNPACK! Reason: Unsupported hardware.
[W104 19:11:17.515445309 NNPACK.cpp:56] Could not initialize NNPACK! Reason: Unsupported hardware.
[W104 19:11:17.518457435 NNPACK.cpp:56] Could not initialize NNPACK! Reason: Unsupported hardware.
[W104 19:11:17.520174728 NNPACK.cpp:56] Could not initialize NNPACK! Reason: Unsupported hardware.
0: 640x640 (no detections), 149.6ms
Speed: 2.3ms preprocess, 149.6ms inference, 0.6ms postprocess per image at shape (1, 3, 640, 640)
INFO:     127.0.0.1:60414 - "POST /identify HTTP/1.1" 200 OK
Falling back to default species list

[W104 19:11:25.439057306 NNPACK.cpp:56] Could not initialize NNPACK! Reason: Unsupported hardware.
[W104 19:11:25.446824092 NNPACK.cpp:56] Could not initialize NNPACK! Reason: Unsupported hardware.
[W104 19:11:25.452964164 NNPACK.cpp:56] Could not initialize NNPACK! Reason: Unsupported hardware.
[W104 19:11:25.461679510 NNPACK.cpp:56] Could not initialize NNPACK! Reason: Unsupported hardware.
[W104 19:11:25.467321541 NNPACK.cpp:56] Could not initialize NNPACK! Reason: Unsupported hardware.
[W104 19:11:25.475190567 NNPACK.cpp:56] Could not initialize NNPACK! Reason: Unsupported hardware.
[W104 19:11:25.480067257 NNPACK.cpp:56] Could not initialize NNPACK! Reason: Unsupported hardware.
[W104 19:11:25.484209755 NNPACK.cpp:56] Could not initialize NNPACK! Reason: Unsupported hardware.
[W104 19:11:25.485325167 NNPACK.cpp:56] Could not initialize NNPACK! Reason: Unsupported hardware.
[W104 19:11:25.493364982 NNPACK.cpp:56] Could not initialize NNPACK! Reason: Unsupported hardware.
[W104 19:11:25.496488989 NNPACK.cpp:56] Could not initialize NNPACK! Reason: Unsupported hardware.
[W104 19:11:25.502240000 NNPACK.cpp:56] Could not initialize NNPACK! Reason: Unsupported hardware.
[W104 19:11:25.504580515 NNPACK.cpp:56] Could not initialize NNPACK! Reason: Unsupported hardware.
[W104 19:11:25.511348677 NNPACK.cpp:56] Could not initialize NNPACK! Reason: Unsupported hardware.
[W104 19:11:25.515128125 NNPACK.cpp:56] Could not initialize NNPACK! Reason: Unsupported hardware.
[W104 19:11:25.519864514 NNPACK.cpp:56] Could not initialize NNPACK! Reason: Unsupported hardware.
[W104 19:11:25.522955340 NNPACK.cpp:56] Could not initialize NNPACK! Reason: Unsupported hardware.
[W104 19:11:25.527499709 NNPACK.cpp:56] Could not initialize NNPACK! Reason: Unsupported hardware.
[W104 19:11:25.540901435 NNPACK.cpp:56] Could not initialize NNPACK! Reason: Unsupported hardware.
[W104 19:11:25.559367371 NNPACK.cpp:56] Could not initialize NNPACK! Reason: Unsupported hardware.
[W104 19:11:25.565812713 NNPACK.cpp:56] Could not initialize NNPACK! Reason: Unsupported hardware.
[W104 19:11:25.572579487 NNPACK.cpp:56] Could not initialize NNPACK! Reason: Unsupported hardware.
[W104 19:11:25.575171062 NNPACK.cpp:56] Could not initialize NNPACK! Reason: Unsupported hardware.
[W104 19:11:25.578132708 NNPACK.cpp:56] Could not initialize NNPACK! Reason: Unsupported hardware.
[W104 19:11:25.579915412 NNPACK.cpp:56] Could not initialize NNPACK! Reason: Unsupported hardware.
0: 640x640 (no detections), 158.9ms
Speed: 2.2ms preprocess, 158.9ms inference, 0.6ms postprocess per image at shape (1, 3, 640, 640)
INFO:     127.0.0.1:51702 - "POST /identify HTTP/1.1" 200 OK
Falling back to default species list

[W104 19:20:19.091027661 NNPACK.cpp:56] Could not initialize NNPACK! Reason: Unsupported hardware.
[W104 19:20:19.095756361 NNPACK.cpp:56] Could not initialize NNPACK! Reason: Unsupported hardware.
[W104 19:20:19.099679329 NNPACK.cpp:56] Could not initialize NNPACK! Reason: Unsupported hardware.
[W104 19:20:19.105376044 NNPACK.cpp:56] Could not initialize NNPACK! Reason: Unsupported hardware.
[W104 19:20:19.108846110 NNPACK.cpp:56] Could not initialize NNPACK! Reason: Unsupported hardware.
[W104 19:20:19.113970882 NNPACK.cpp:56] Could not initialize NNPACK! Reason: Unsupported hardware.
[W104 19:20:19.117278577 NNPACK.cpp:56] Could not initialize NNPACK! Reason: Unsupported hardware.
[W104 19:20:19.120278580 NNPACK.cpp:56] Could not initialize NNPACK! Reason: Unsupported hardware.
[W104 19:20:19.121028494 NNPACK.cpp:56] Could not initialize NNPACK! Reason: Unsupported hardware.
[W104 19:20:19.126089426 NNPACK.cpp:56] Could not initialize NNPACK! Reason: Unsupported hardware.
[W104 19:20:19.127811013 NNPACK.cpp:56] Could not initialize NNPACK! Reason: Unsupported hardware.
[W104 19:20:19.131325499 NNPACK.cpp:56] Could not initialize NNPACK! Reason: Unsupported hardware.
[W104 19:20:19.134131421 NNPACK.cpp:56] Could not initialize NNPACK! Reason: Unsupported hardware.
[W104 19:20:19.138072959 NNPACK.cpp:56] Could not initialize NNPACK! Reason: Unsupported hardware.
[W104 19:20:19.140466010 NNPACK.cpp:56] Could not initialize NNPACK! Reason: Unsupported hardware.
[W104 19:20:19.143381703 NNPACK.cpp:56] Could not initialize NNPACK! Reason: Unsupported hardware.
[W104 19:20:19.145497002 NNPACK.cpp:56] Could not initialize NNPACK! Reason: Unsupported hardware.
[W104 19:20:19.148307104 NNPACK.cpp:56] Could not initialize NNPACK! Reason: Unsupported hardware.
[W104 19:20:19.156531101 NNPACK.cpp:56] Could not initialize NNPACK! Reason: Unsupported hardware.
[W104 19:20:19.168116982 NNPACK.cpp:56] Could not initialize NNPACK! Reason: Unsupported hardware.
[W104 19:20:19.172099549 NNPACK.cpp:56] Could not initialize NNPACK! Reason: Unsupported hardware.
[W104 19:20:19.176775481 NNPACK.cpp:56] Could not initialize NNPACK! Reason: Unsupported hardware.
[W104 19:20:19.178381908 NNPACK.cpp:56] Could not initialize NNPACK! Reason: Unsupported hardware.
[W104 19:20:19.178777340 NNPACK.cpp:56] Could not initialize NNPACK! Reason: Unsupported hardware.
[W104 19:20:19.180488447 NNPACK.cpp:56] Could not initialize NNPACK! Reason: Unsupported hardware.
[W104 19:20:19.180989779 NNPACK.cpp:56] Could not initialize NNPACK! Reason: Unsupported hardware.
[W104 19:20:19.182677407 NNPACK.cpp:56] Could not initialize NNPACK! Reason: Unsupported hardware.
0: 384x640 (no detections), 98.3ms
Speed: 1.6ms preprocess, 98.3ms inference, 0.9ms postprocess per image at shape (1, 3, 384, 640)
INFO:     127.0.0.1:54808 - "POST /identify HTTP/1.1" 200 OK
Falling back to default species list

[W104 19:20:53.935915140 NNPACK.cpp:56] Could not initialize NNPACK! Reason: Unsupported hardware.
[W104 19:20:53.940681182 NNPACK.cpp:56] Could not initialize NNPACK! Reason: Unsupported hardware.
[W104 19:20:53.944480049 NNPACK.cpp:56] Could not initialize NNPACK! Reason: Unsupported hardware.
[W104 19:20:53.950099574 NNPACK.cpp:56] Could not initialize NNPACK! Reason: Unsupported hardware.
[W104 19:20:53.953563860 NNPACK.cpp:56] Could not initialize NNPACK! Reason: Unsupported hardware.
[W104 19:20:53.958667784 NNPACK.cpp:56] Could not initialize NNPACK! Reason: Unsupported hardware.
[W104 19:20:53.961794887 NNPACK.cpp:56] Could not initialize NNPACK! Reason: Unsupported hardware.
[W104 19:20:53.964556109 NNPACK.cpp:56] Could not initialize NNPACK! Reason: Unsupported hardware.
[W104 19:20:53.965312103 NNPACK.cpp:56] Could not initialize NNPACK! Reason: Unsupported hardware.
[W104 19:20:53.970670528 NNPACK.cpp:56] Could not initialize NNPACK! Reason: Unsupported hardware.
[W104 19:20:53.972538935 NNPACK.cpp:56] Could not initialize NNPACK! Reason: Unsupported hardware.
[W104 19:20:53.976255332 NNPACK.cpp:56] Could not initialize NNPACK! Reason: Unsupported hardware.
[W104 19:20:53.979185136 NNPACK.cpp:56] Could not initialize NNPACK! Reason: Unsupported hardware.
[W104 19:20:53.983400715 NNPACK.cpp:56] Could not initialize NNPACK! Reason: Unsupported hardware.
[W104 19:20:53.985637945 NNPACK.cpp:56] Could not initialize NNPACK! Reason: Unsupported hardware.
[W104 19:20:53.988683399 NNPACK.cpp:56] Could not initialize NNPACK! Reason: Unsupported hardware.
[W104 19:20:53.990676858 NNPACK.cpp:56] Could not initialize NNPACK! Reason: Unsupported hardware.
[W104 19:20:53.993627391 NNPACK.cpp:56] Could not initialize NNPACK! Reason: Unsupported hardware.
[W104 19:20:53.002018319 NNPACK.cpp:56] Could not initialize NNPACK! Reason: Unsupported hardware.
[W104 19:20:53.013795902 NNPACK.cpp:56] Could not initialize NNPACK! Reason: Unsupported hardware.
[W104 19:20:53.017860490 NNPACK.cpp:56] Could not initialize NNPACK! Reason: Unsupported hardware.
[W104 19:20:53.022251090 NNPACK.cpp:56] Could not initialize NNPACK! Reason: Unsupported hardware.
[W104 19:20:53.023635927 NNPACK.cpp:56] Could not initialize NNPACK! Reason: Unsupported hardware.
[W104 19:20:53.024056568 NNPACK.cpp:56] Could not initialize NNPACK! Reason: Unsupported hardware.
[W104 19:20:53.025506365 NNPACK.cpp:56] Could not initialize NNPACK! Reason: Unsupported hardware.
[W104 19:20:53.026077807 NNPACK.cpp:56] Could not initialize NNPACK! Reason: Unsupported hardware.
[W104 19:20:53.027193173 NNPACK.cpp:56] Could not initialize NNPACK! Reason: Unsupported hardware.
0: 384x640 (no detections), 97.3ms
Speed: 1.7ms preprocess, 97.3ms inference, 0.5ms postprocess per image at shape (1, 3, 384, 640)
INFO:     127.0.0.1:50380 - "POST /identify HTTP/1.1" 200 OK
Falling back to default species list

[W104 19:25:49.539537983 NNPACK.cpp:56] Could not initialize NNPACK! Reason: Unsupported hardware.
[W104 19:25:49.544059356 NNPACK.cpp:56] Could not initialize NNPACK! Reason: Unsupported hardware.
[W104 19:25:49.547746505 NNPACK.cpp:56] Could not initialize NNPACK! Reason: Unsupported hardware.
[W104 19:25:49.553180823 NNPACK.cpp:56] Could not initialize NNPACK! Reason: Unsupported hardware.
[W104 19:25:49.556398279 NNPACK.cpp:56] Could not initialize NNPACK! Reason: Unsupported hardware.
[W104 19:25:49.561215733 NNPACK.cpp:56] Could not initialize NNPACK! Reason: Unsupported hardware.
[W104 19:25:49.564240109 NNPACK.cpp:56] Could not initialize NNPACK! Reason: Unsupported hardware.
[W104 19:25:49.566840132 NNPACK.cpp:56] Could not initialize NNPACK! Reason: Unsupported hardware.
[W104 19:25:49.567559995 NNPACK.cpp:56] Could not initialize NNPACK! Reason: Unsupported hardware.
[W104 19:25:49.572493181 NNPACK.cpp:56] Could not initialize NNPACK! Reason: Unsupported hardware.
[W104 19:25:49.574202579 NNPACK.cpp:56] Could not initialize NNPACK! Reason: Unsupported hardware.
[W104 19:25:49.577643096 NNPACK.cpp:56] Could not initialize NNPACK! Reason: Unsupported hardware.
[W104 19:25:49.580430591 NNPACK.cpp:56] Could not initialize NNPACK! Reason: Unsupported hardware.
[W104 19:25:49.584357051 NNPACK.cpp:56] Could not initialize NNPACK! Reason: Unsupported hardware.
[W104 19:25:49.586497592 NNPACK.cpp:56] Could not initialize NNPACK! Reason: Unsupported hardware.
[W104 19:25:49.589376266 NNPACK.cpp:56] Could not initialize NNPACK! Reason: Unsupported hardware.
[W104 19:25:49.591297646 NNPACK.cpp:56] Could not initialize NNPACK! Reason: Unsupported hardware.
[W104 19:25:49.594079560 NNPACK.cpp:56] Could not initialize NNPACK! Reason: Unsupported hardware.
[W104 19:25:49.602114420 NNPACK.cpp:56] Could not initialize NNPACK! Reason: Unsupported hardware.
[W104 19:25:49.613028196 NNPACK.cpp:56] Could not initialize NNPACK! Reason: Unsupported hardware.
[W104 19:25:49.616780195 NNPACK.cpp:56] Could not initialize NNPACK! Reason: Unsupported hardware.
[W104 19:25:49.620881696 NNPACK.cpp:56] Could not initialize NNPACK! Reason: Unsupported hardware.
[W104 19:25:49.622195952 NNPACK.cpp:56] Could not initialize NNPACK! Reason: Unsupported hardware.
[W104 19:25:49.622572505 NNPACK.cpp:56] Could not initialize NNPACK! Reason: Unsupported hardware.
[W104 19:25:49.623946781 NNPACK.cpp:56] Could not initialize NNPACK! Reason: Unsupported hardware.
[W104 19:25:49.624486565 NNPACK.cpp:56] Could not initialize NNPACK! Reason: Unsupported hardware.
[W104 19:25:49.625476049 NNPACK.cpp:56] Could not initialize NNPACK! Reason: Unsupported hardware.
0: 384x640 1 suitcase, 92.0ms
Speed: 1.7ms preprocess, 92.0ms inference, 0.7ms postprocess per image at shape (1, 3, 384, 640)
INFO:     127.0.0.1:55426 - "POST /identify HTTP/1.1" 200 OK
Falling back to default species list

[W104 19:26:25.336319093 NNPACK.cpp:56] Could not initialize NNPACK! Reason: Unsupported hardware.
[W104 19:26:25.341188178 NNPACK.cpp:56] Could not initialize NNPACK! Reason: Unsupported hardware.
[W104 19:26:25.345064677 NNPACK.cpp:56] Could not initialize NNPACK! Reason: Unsupported hardware.
[W104 19:26:25.350690906 NNPACK.cpp:56] Could not initialize NNPACK! Reason: Unsupported hardware.
[W104 19:26:25.353980333 NNPACK.cpp:56] Could not initialize NNPACK! Reason: Unsupported hardware.
[W104 19:26:25.358931738 NNPACK.cpp:56] Could not initialize NNPACK! Reason: Unsupported hardware.
[W104 19:26:25.361983074 NNPACK.cpp:56] Could not initialize NNPACK! Reason: Unsupported hardware.
[W104 19:26:25.364699708 NNPACK.cpp:56] Could not initialize NNPACK! Reason: Unsupported hardware.
[W104 19:26:25.365448172 NNPACK.cpp:56] Could not initialize NNPACK! Reason: Unsupported hardware.
[W104 19:26:25.370437437 NNPACK.cpp:56] Could not initialize NNPACK! Reason: Unsupported hardware.
[W104 19:26:25.372249337 NNPACK.cpp:56] Could not initialize NNPACK! Reason: Unsupported hardware.
[W104 19:26:25.375823885 NNPACK.cpp:56] Could not initialize NNPACK! Reason: Unsupported hardware.
[W104 19:26:25.378948621 NNPACK.cpp:56] Could not initialize NNPACK! Reason: Unsupported hardware.
[W104 19:26:25.382945661 NNPACK.cpp:56] Could not initialize NNPACK! Reason: Unsupported hardware.
[W104 19:26:25.385144862 NNPACK.cpp:56] Could not initialize NNPACK! Reason: Unsupported hardware.
[W104 19:26:25.388061988 NNPACK.cpp:56] Could not initialize NNPACK! Reason: Unsupported hardware.
[W104 19:26:25.390096808 NNPACK.cpp:56] Could not initialize NNPACK! Reason: Unsupported hardware.
[W104 19:26:25.392935832 NNPACK.cpp:56] Could not initialize NNPACK! Reason: Unsupported hardware.
[W104 19:26:25.400992033 NNPACK.cpp:56] Could not initialize NNPACK! Reason: Unsupported hardware.
[W104 19:26:25.412110751 NNPACK.cpp:56] Could not initialize NNPACK! Reason: Unsupported hardware.
[W104 19:26:25.415978651 NNPACK.cpp:56] Could not initialize NNPACK! Reason: Unsupported hardware.
[W104 19:26:25.420159452 NNPACK.cpp:56] Could not initialize NNPACK! Reason: Unsupported hardware.
[W104 19:26:25.421523319 NNPACK.cpp:56] Could not initialize NNPACK! Reason: Unsupported hardware.
[W104 19:26:25.421900731 NNPACK.cpp:56] Could not initialize NNPACK! Reason: Unsupported hardware.
[W104 19:26:25.423300998 NNPACK.cpp:56] Could not initialize NNPACK! Reason: Unsupported hardware.
[W104 19:26:25.423800131 NNPACK.cpp:56] Could not initialize NNPACK! Reason: Unsupported hardware.
[W104 19:26:25.424850236 NNPACK.cpp:56] Could not initialize NNPACK! Reason: Unsupported hardware.
0: 384x640 1 suitcase, 94.5ms
Speed: 1.6ms preprocess, 94.5ms inference, 0.7ms postprocess per image at shape (1, 3, 384, 640)
INFO:     127.0.0.1:35596 - "POST /identify HTTP/1.1" 200 OK
Falling back to default species list

[W104 19:27:00.785327374 NNPACK.cpp:56] Could not initialize NNPACK! Reason: Unsupported hardware.
[W104 19:27:00.790610472 NNPACK.cpp:56] Could not initialize NNPACK! Reason: Unsupported hardware.
[W104 19:27:00.794426712 NNPACK.cpp:56] Could not initialize NNPACK! Reason: Unsupported hardware.
[W104 19:27:00.799846760 NNPACK.cpp:56] Could not initialize NNPACK! Reason: Unsupported hardware.
[W104 19:27:00.803155956 NNPACK.cpp:56] Could not initialize NNPACK! Reason: Unsupported hardware.
[W104 19:27:00.808030412 NNPACK.cpp:56] Could not initialize NNPACK! Reason: Unsupported hardware.
[W104 19:27:00.811061007 NNPACK.cpp:56] Could not initialize NNPACK! Reason: Unsupported hardware.
[W104 19:27:00.813708850 NNPACK.cpp:56] Could not initialize NNPACK! Reason: Unsupported hardware.
[W104 19:27:00.814441455 NNPACK.cpp:56] Could not initialize NNPACK! Reason: Unsupported hardware.
[W104 19:27:00.819418890 NNPACK.cpp:56] Could not initialize NNPACK! Reason: Unsupported hardware.
[W104 19:27:00.821179959 NNPACK.cpp:56] Could not initialize NNPACK! Reason: Unsupported hardware.
[W104 19:27:00.824809068 NNPACK.cpp:56] Could not initialize NNPACK! Reason: Unsupported hardware.
[W104 19:27:00.827931025 NNPACK.cpp:56] Could not initialize NNPACK! Reason: Unsupported hardware.
[W104 19:27:00.832489008 NNPACK.cpp:56] Could not initialize NNPACK! Reason: Unsupported hardware.
[W104 19:27:00.834825160 NNPACK.cpp:56] Could not initialize NNPACK! Reason: Unsupported hardware.
[W104 19:27:00.837753465 NNPACK.cpp:56] Could not initialize NNPACK! Reason: Unsupported hardware.
[W104 19:27:00.839680155 NNPACK.cpp:56] Could not initialize NNPACK! Reason: Unsupported hardware.
[W104 19:27:00.842495770 NNPACK.cpp:56] Could not initialize NNPACK! Reason: Unsupported hardware.
[W104 19:27:00.850581131 NNPACK.cpp:56] Could not initialize NNPACK! Reason: Unsupported hardware.
[W104 19:27:00.861648288 NNPACK.cpp:56] Could not initialize NNPACK! Reason: Unsupported hardware.
[W104 19:27:00.865398538 NNPACK.cpp:56] Could not initialize NNPACK! Reason: Unsupported hardware.
[W104 19:27:00.869526409 NNPACK.cpp:56] Could not initialize NNPACK! Reason: Unsupported hardware.
[W104 19:27:00.870859976 NNPACK.cpp:56] Could not initialize NNPACK! Reason: Unsupported hardware.
[W104 19:27:00.871273448 NNPACK.cpp:56] Could not initialize NNPACK! Reason: Unsupported hardware.
[W104 19:27:00.872666555 NNPACK.cpp:56] Could not initialize NNPACK! Reason: Unsupported hardware.
[W104 19:27:00.873215158 NNPACK.cpp:56] Could not initialize NNPACK! Reason: Unsupported hardware.
[W104 19:27:00.874248394 NNPACK.cpp:56] Could not initialize NNPACK! Reason: Unsupported hardware.
0: 384x640 (no detections), 95.0ms
Speed: 1.7ms preprocess, 95.0ms inference, 0.5ms postprocess per image at shape (1, 3, 384, 640)
INFO:     127.0.0.1:39656 - "POST /identify HTTP/1.1" 200 OK
Falling back to default species list

[W104 19:27:47.541758185 NNPACK.cpp:56] Could not initialize NNPACK! Reason: Unsupported hardware.
[W104 19:27:47.546246338 NNPACK.cpp:56] Could not initialize NNPACK! Reason: Unsupported hardware.
[W104 19:27:47.549939198 NNPACK.cpp:56] Could not initialize NNPACK! Reason: Unsupported hardware.
[W104 19:27:47.555437947 NNPACK.cpp:56] Could not initialize NNPACK! Reason: Unsupported hardware.
[W104 19:27:47.558762554 NNPACK.cpp:56] Could not initialize NNPACK! Reason: Unsupported hardware.
[W104 19:27:47.563813980 NNPACK.cpp:56] Could not initialize NNPACK! Reason: Unsupported hardware.
[W104 19:27:47.566820596 NNPACK.cpp:56] Could not initialize NNPACK! Reason: Unsupported hardware.
[W104 19:27:47.569449370 NNPACK.cpp:56] Could not initialize NNPACK! Reason: Unsupported hardware.
[W104 19:27:47.570171503 NNPACK.cpp:56] Could not initialize NNPACK! Reason: Unsupported hardware.
[W104 19:27:47.575101280 NNPACK.cpp:56] Could not initialize NNPACK! Reason: Unsupported hardware.
[W104 19:27:47.576821659 NNPACK.cpp:56] Could not initialize NNPACK! Reason: Unsupported hardware.
[W104 19:27:47.580309426 NNPACK.cpp:56] Could not initialize NNPACK! Reason: Unsupported hardware.
[W104 19:27:47.583155171 NNPACK.cpp:56] Could not initialize NNPACK! Reason: Unsupported hardware.
[W104 19:27:47.587121652 NNPACK.cpp:56] Could not initialize NNPACK! Reason: Unsupported hardware.
[W104 19:27:47.589392174 NNPACK.cpp:56] Could not initialize NNPACK! Reason: Unsupported hardware.
[W104 19:27:47.592282288 NNPACK.cpp:56] Could not initialize NNPACK! Reason: Unsupported hardware.
[W104 19:27:47.594170748 NNPACK.cpp:56] Could not initialize NNPACK! Reason: Unsupported hardware.
[W104 19:27:47.596924213 NNPACK.cpp:56] Could not initialize NNPACK! Reason: Unsupported hardware.
[W104 19:27:47.604936075 NNPACK.cpp:56] Could not initialize NNPACK! Reason: Unsupported hardware.
[W104 19:27:47.615943382 NNPACK.cpp:56] Could not initialize NNPACK! Reason: Unsupported hardware.
[W104 19:27:47.619698852 NNPACK.cpp:56] Could not initialize NNPACK! Reason: Unsupported hardware.
[W104 19:27:47.623834623 NNPACK.cpp:56] Could not initialize NNPACK! Reason: Unsupported hardware.
[W104 19:27:47.625171271 NNPACK.cpp:56] Could not initialize NNPACK! Reason: Unsupported hardware.
[W104 19:27:47.625544582 NNPACK.cpp:56] Could not initialize NNPACK! Reason: Unsupported hardware.
[W104 19:27:47.626916960 NNPACK.cpp:56] Could not initialize NNPACK! Reason: Unsupported hardware.
[W104 19:27:47.627435052 NNPACK.cpp:56] Could not initialize NNPACK! Reason: Unsupported hardware.
[W104 19:27:47.628475828 NNPACK.cpp:56] Could not initialize NNPACK! Reason: Unsupported hardware.
0: 384x640 (no detections), 92.4ms
Speed: 1.5ms preprocess, 92.4ms inference, 0.4ms postprocess per image at shape (1, 3, 384, 640)
INFO:     127.0.0.1:59506 - "POST /identify HTTP/1.1" 200 OK
Falling back to default species list

[W104 19:28:33.217817183 NNPACK.cpp:56] Could not initialize NNPACK! Reason: Unsupported hardware.
[W104 19:28:33.229406314 NNPACK.cpp:56] Could not initialize NNPACK! Reason: Unsupported hardware.
[W104 19:28:33.233203354 NNPACK.cpp:56] Could not initialize NNPACK! Reason: Unsupported hardware.
[W104 19:28:33.238783084 NNPACK.cpp:56] Could not initialize NNPACK! Reason: Unsupported hardware.
[W104 19:28:33.242213572 NNPACK.cpp:56] Could not initialize NNPACK! Reason: Unsupported hardware.
[W104 19:28:33.247181028 NNPACK.cpp:56] Could not initialize NNPACK! Reason: Unsupported hardware.
[W104 19:28:33.250171124 NNPACK.cpp:56] Could not initialize NNPACK! Reason: Unsupported hardware.
[W104 19:28:33.252784657 NNPACK.cpp:56] Could not initialize NNPACK! Reason: Unsupported hardware.
[W104 19:28:33.253503231 NNPACK.cpp:56] Could not initialize NNPACK! Reason: Unsupported hardware.
[W104 19:28:33.258421237 NNPACK.cpp:56] Could not initialize NNPACK! Reason: Unsupported hardware.
[W104 19:28:33.260149015 NNPACK.cpp:56] Could not initialize NNPACK! Reason: Unsupported hardware.
[W104 19:28:33.263596074 NNPACK.cpp:56] Could not initialize NNPACK! Reason: Unsupported hardware.
[W104 19:28:33.266491420 NNPACK.cpp:56] Could not initialize NNPACK! Reason: Unsupported hardware.
[W104 19:28:33.270448470 NNPACK.cpp:56] Could not initialize NNPACK! Reason: Unsupported hardware.
[W104 19:28:33.272570692 NNPACK.cpp:56] Could not initialize NNPACK! Reason: Unsupported hardware.
[W104 19:28:33.275506467 NNPACK.cpp:56] Could not initialize NNPACK! Reason: Unsupported hardware.
[W104 19:28:33.277417187 NNPACK.cpp:56] Could not initialize NNPACK! Reason: Unsupported hardware.
[W104 19:28:33.280230582 NNPACK.cpp:56] Could not initialize NNPACK! Reason: Unsupported hardware.
[W104 19:28:33.288253814 NNPACK.cpp:56] Could not initialize NNPACK! Reason: Unsupported hardware.
[W104 19:28:33.299260192 NNPACK.cpp:56] Could not initialize NNPACK! Reason: Unsupported hardware.
[W104 19:28:33.303027222 NNPACK.cpp:56] Could not initialize NNPACK! Reason: Unsupported hardware.
[W104 19:28:33.307157384 NNPACK.cpp:56] Could not initialize NNPACK! Reason: Unsupported hardware.
[W104 19:28:33.308471171 NNPACK.cpp:56] Could not initialize NNPACK! Reason: Unsupported hardware.
[W104 19:28:33.308876313 NNPACK.cpp:56] Could not initialize NNPACK! Reason: Unsupported hardware.
[W104 19:28:33.310296580 NNPACK.cpp:56] Could not initialize NNPACK! Reason: Unsupported hardware.
[W104 19:28:33.310803853 NNPACK.cpp:56] Could not initialize NNPACK! Reason: Unsupported hardware.
[W104 19:28:33.311837138 NNPACK.cpp:56] Could not initialize NNPACK! Reason: Unsupported hardware.
0: 384x640 (no detections), 99.8ms
Speed: 1.5ms preprocess, 99.8ms inference, 0.5ms postprocess per image at shape (1, 3, 384, 640)
INFO:     127.0.0.1:60160 - "POST /identify HTTP/1.1" 200 OK
Falling back to default species list

[W104 19:39:10.704242238 NNPACK.cpp:56] Could not initialize NNPACK! Reason: Unsupported hardware.
[W104 19:39:10.708899381 NNPACK.cpp:56] Could not initialize NNPACK! Reason: Unsupported hardware.
[W104 19:39:10.712713112 NNPACK.cpp:56] Could not initialize NNPACK! Reason: Unsupported hardware.
[W104 19:39:10.718337062 NNPACK.cpp:56] Could not initialize NNPACK! Reason: Unsupported hardware.
[W104 19:39:10.721638374 NNPACK.cpp:56] Could not initialize NNPACK! Reason: Unsupported hardware.
[W104 19:39:10.726646904 NNPACK.cpp:56] Could not initialize NNPACK! Reason: Unsupported hardware.
[W104 19:39:10.729772504 NNPACK.cpp:56] Could not initialize NNPACK! Reason: Unsupported hardware.
[W104 19:39:10.732546298 NNPACK.cpp:56] Could not initialize NNPACK! Reason: Unsupported hardware.
[W104 19:39:10.733299559 NNPACK.cpp:56] Could not initialize NNPACK! Reason: Unsupported hardware.
[W104 19:39:10.738413241 NNPACK.cpp:56] Could not initialize NNPACK! Reason: Unsupported hardware.
[W104 19:39:10.740232320 NNPACK.cpp:56] Could not initialize NNPACK! Reason: Unsupported hardware.
[W104 19:39:10.743845358 NNPACK.cpp:56] Could not initialize NNPACK! Reason: Unsupported hardware.
[W104 19:39:10.747157240 NNPACK.cpp:56] Could not initialize NNPACK! Reason: Unsupported hardware.
[W104 19:39:10.751321236 NNPACK.cpp:56] Could not initialize NNPACK! Reason: Unsupported hardware.
[W104 19:39:10.753541681 NNPACK.cpp:56] Could not initialize NNPACK! Reason: Unsupported hardware.
[W104 19:39:10.756577520 NNPACK.cpp:56] Could not initialize NNPACK! Reason: Unsupported hardware.
[W104 19:39:10.758509991 NNPACK.cpp:56] Could not initialize NNPACK! Reason: Unsupported hardware.
[W104 19:39:10.761436507 NNPACK.cpp:56] Could not initialize NNPACK! Reason: Unsupported hardware.
[W104 19:39:10.769562756 NNPACK.cpp:56] Could not initialize NNPACK! Reason: Unsupported hardware.
[W104 19:39:10.780787225 NNPACK.cpp:56] Could not initialize NNPACK! Reason: Unsupported hardware.
[W104 19:39:10.784720338 NNPACK.cpp:56] Could not initialize NNPACK! Reason: Unsupported hardware.
[W104 19:39:10.788995606 NNPACK.cpp:56] Could not initialize NNPACK! Reason: Unsupported hardware.
[W104 19:39:10.790439309 NNPACK.cpp:56] Could not initialize NNPACK! Reason: Unsupported hardware.
[W104 19:39:10.790873586 NNPACK.cpp:56] Could not initialize NNPACK! Reason: Unsupported hardware.
[W104 19:39:10.792332549 NNPACK.cpp:56] Could not initialize NNPACK! Reason: Unsupported hardware.
[W104 19:39:10.792860527 NNPACK.cpp:56] Could not initialize NNPACK! Reason: Unsupported hardware.
[W104 19:39:10.794026906 NNPACK.cpp:56] Could not initialize NNPACK! Reason: Unsupported hardware.
0: 384x640 (no detections), 95.7ms
Speed: 1.7ms preprocess, 95.7ms inference, 0.5ms postprocess per image at shape (1, 3, 384, 640)
INFO:     127.0.0.1:45192 - "POST /identify HTTP/1.1" 200 OK
Falling back to default species list

[W104 19:39:29.676841123 NNPACK.cpp:56] Could not initialize NNPACK! Reason: Unsupported hardware.
[W104 19:39:29.681836311 NNPACK.cpp:56] Could not initialize NNPACK! Reason: Unsupported hardware.
[W104 19:39:29.685519389 NNPACK.cpp:56] Could not initialize NNPACK! Reason: Unsupported hardware.
[W104 19:39:29.690941553 NNPACK.cpp:56] Could not initialize NNPACK! Reason: Unsupported hardware.
[W104 19:39:29.694225485 NNPACK.cpp:56] Could not initialize NNPACK! Reason: Unsupported hardware.
[W104 19:39:29.699102581 NNPACK.cpp:56] Could not initialize NNPACK! Reason: Unsupported hardware.
[W104 19:39:29.702062868 NNPACK.cpp:56] Could not initialize NNPACK! Reason: Unsupported hardware.
[W104 19:39:29.704670888 NNPACK.cpp:56] Could not initialize NNPACK! Reason: Unsupported hardware.
[W104 19:39:29.705399750 NNPACK.cpp:56] Could not initialize NNPACK! Reason: Unsupported hardware.
[W104 19:39:29.710330627 NNPACK.cpp:56] Could not initialize NNPACK! Reason: Unsupported hardware.
[W104 19:39:29.712080434 NNPACK.cpp:56] Could not initialize NNPACK! Reason: Unsupported hardware.
[W104 19:39:29.715536329 NNPACK.cpp:56] Could not initialize NNPACK! Reason: Unsupported hardware.
[W104 19:39:29.718301451 NNPACK.cpp:56] Could not initialize NNPACK! Reason: Unsupported hardware.
[W104 19:39:29.722272964 NNPACK.cpp:56] Could not initialize NNPACK! Reason: Unsupported hardware.
[W104 19:39:29.724432467 NNPACK.cpp:56] Could not initialize NNPACK! Reason: Unsupported hardware.
[W104 19:39:29.727351383 NNPACK.cpp:56] Could not initialize NNPACK! Reason: Unsupported hardware.
[W104 19:39:29.729279194 NNPACK.cpp:56] Could not initialize NNPACK! Reason: Unsupported hardware.
[W104 19:39:29.732128758 NNPACK.cpp:56] Could not initialize NNPACK! Reason: Unsupported hardware.
[W104 19:39:29.740168104 NNPACK.cpp:56] Could not initialize NNPACK! Reason: Unsupported hardware.
[W104 19:39:29.751159225 NNPACK.cpp:56] Could not initialize NNPACK! Reason: Unsupported hardware.
[W104 19:39:29.754873113 NNPACK.cpp:56] Could not initialize NNPACK! Reason: Unsupported hardware.
[W104 19:39:29.759024998 NNPACK.cpp:56] Could not initialize NNPACK! Reason: Unsupported hardware.
[W104 19:39:29.760320639 NNPACK.cpp:56] Could not initialize NNPACK! Reason: Unsupported hardware.
[W104 19:39:29.760691194 NNPACK.cpp:56] Could not initialize NNPACK! Reason: Unsupported hardware.
[W104 19:39:29.762101687 NNPACK.cpp:56] Could not initialize NNPACK! Reason: Unsupported hardware.
[W104 19:39:29.762596254 NNPACK.cpp:56] Could not initialize NNPACK! Reason: Unsupported hardware.
[W104 19:39:29.763603470 NNPACK.cpp:56] Could not initialize NNPACK! Reason: Unsupported hardware.
0: 384x640 1 cat, 92.9ms
Speed: 1.7ms preprocess, 92.9ms inference, 0.7ms postprocess per image at shape (1, 3, 384, 640)
INFO:     127.0.0.1:49128 - "POST /identify HTTP/1.1" 200 OK
Falling back to default species list

[W104 19:40:05.871133054 NNPACK.cpp:56] Could not initialize NNPACK! Reason: Unsupported hardware.
[W104 19:40:05.875627312 NNPACK.cpp:56] Could not initialize NNPACK! Reason: Unsupported hardware.
[W104 19:40:05.879420130 NNPACK.cpp:56] Could not initialize NNPACK! Reason: Unsupported hardware.
[W104 19:40:05.884894353 NNPACK.cpp:56] Could not initialize NNPACK! Reason: Unsupported hardware.
[W104 19:40:05.888264663 NNPACK.cpp:56] Could not initialize NNPACK! Reason: Unsupported hardware.
[W104 19:40:05.893276630 NNPACK.cpp:56] Could not initialize NNPACK! Reason: Unsupported hardware.
[W104 19:40:05.896277775 NNPACK.cpp:56] Could not initialize NNPACK! Reason: Unsupported hardware.
[W104 19:40:05.898941366 NNPACK.cpp:56] Could not initialize NNPACK! Reason: Unsupported hardware.
[W104 19:40:05.899669687 NNPACK.cpp:56] Could not initialize NNPACK! Reason: Unsupported hardware.
[W104 19:40:05.904628031 NNPACK.cpp:56] Could not initialize NNPACK! Reason: Unsupported hardware.
[W104 19:40:05.906424529 NNPACK.cpp:56] Could not initialize NNPACK! Reason: Unsupported hardware.
[W104 19:40:05.910022093 NNPACK.cpp:56] Could not initialize NNPACK! Reason: Unsupported hardware.
[W104 19:40:05.913069670 NNPACK.cpp:56] Could not initialize NNPACK! Reason: Unsupported hardware.
[W104 19:40:05.917024260 NNPACK.cpp:56] Could not initialize NNPACK! Reason: Unsupported hardware.
[W104 19:40:05.919197823 NNPACK.cpp:56] Could not initialize NNPACK! Reason: Unsupported hardware.
[W104 19:40:05.922094396 NNPACK.cpp:56] Could not initialize NNPACK! Reason: Unsupported hardware.
[W104 19:40:05.924046436 NNPACK.cpp:56] Could not initialize NNPACK! Reason: Unsupported hardware.
[W104 19:40:05.926884070 NNPACK.cpp:56] Could not initialize NNPACK! Reason: Unsupported hardware.
[W104 19:40:05.935119064 NNPACK.cpp:56] Could not initialize NNPACK! Reason: Unsupported hardware.
[W104 19:40:05.946184032 NNPACK.cpp:56] Could not initialize NNPACK! Reason: Unsupported hardware.
[W104 19:40:05.949968499 NNPACK.cpp:56] Could not initialize NNPACK! Reason: Unsupported hardware.
[W104 19:40:05.954137872 NNPACK.cpp:56] Could not initialize NNPACK! Reason: Unsupported hardware.
[W104 19:40:05.955444632 NNPACK.cpp:56] Could not initialize NNPACK! Reason: Unsupported hardware.
[W104 19:40:05.955815618 NNPACK.cpp:56] Could not initialize NNPACK! Reason: Unsupported hardware.
[W104 19:40:05.957232150 NNPACK.cpp:56] Could not initialize NNPACK! Reason: Unsupported hardware.
[W104 19:40:05.957742067 NNPACK.cpp:56] Could not initialize NNPACK! Reason: Unsupported hardware.
[W104 19:40:05.958781163 NNPACK.cpp:56] Could not initialize NNPACK! Reason: Unsupported hardware.
0: 384x640 1 person, 93.5ms
Speed: 1.6ms preprocess, 93.5ms inference, 0.7ms postprocess per image at shape (1, 3, 384, 640)
INFO:     127.0.0.1:33326 - "POST /identify HTTP/1.1" 200 OK
Falling back to default species list

[W104 19:40:24.826851293 NNPACK.cpp:56] Could not initialize NNPACK! Reason: Unsupported hardware.
[W104 19:40:24.831316410 NNPACK.cpp:56] Could not initialize NNPACK! Reason: Unsupported hardware.
[W104 19:40:24.835021295 NNPACK.cpp:56] Could not initialize NNPACK! Reason: Unsupported hardware.
[W104 19:40:24.840380806 NNPACK.cpp:56] Could not initialize NNPACK! Reason: Unsupported hardware.
[W104 19:40:24.843605243 NNPACK.cpp:56] Could not initialize NNPACK! Reason: Unsupported hardware.
[W104 19:40:24.848393935 NNPACK.cpp:56] Could not initialize NNPACK! Reason: Unsupported hardware.
[W104 19:40:24.851320999 NNPACK.cpp:56] Could not initialize NNPACK! Reason: Unsupported hardware.
[W104 19:40:24.853925877 NNPACK.cpp:56] Could not initialize NNPACK! Reason: Unsupported hardware.
[W104 19:40:24.854662469 NNPACK.cpp:56] Could not initialize NNPACK! Reason: Unsupported hardware.
[W104 19:40:24.859489720 NNPACK.cpp:56] Could not initialize NNPACK! Reason: Unsupported hardware.
[W104 19:40:24.861542641 NNPACK.cpp:56] Could not initialize NNPACK! Reason: Unsupported hardware.
[W104 19:40:24.864951602 NNPACK.cpp:56] Could not initialize NNPACK! Reason: Unsupported hardware.
[W104 19:40:24.867672842 NNPACK.cpp:56] Could not initialize NNPACK! Reason: Unsupported hardware.
[W104 19:40:24.871597741 NNPACK.cpp:56] Could not initialize NNPACK! Reason: Unsupported hardware.
[W104 19:40:24.873698462 NNPACK.cpp:56] Could not initialize NNPACK! Reason: Unsupported hardware.
[W104 19:40:24.876692648 NNPACK.cpp:56] Could not initialize NNPACK! Reason: Unsupported hardware.
[W104 19:40:24.878594736 NNPACK.cpp:56] Could not initialize NNPACK! Reason: Unsupported hardware.
[W104 19:40:24.881408298 NNPACK.cpp:56] Could not initialize NNPACK! Reason: Unsupported hardware.
[W104 19:40:24.889496618 NNPACK.cpp:56] Could not initialize NNPACK! Reason: Unsupported hardware.
[W104 19:40:24.900484483 NNPACK.cpp:56] Could not initialize NNPACK! Reason: Unsupported hardware.
[W104 19:40:24.904207269 NNPACK.cpp:56] Could not initialize NNPACK! Reason: Unsupported hardware.
[W104 19:40:24.908319850 NNPACK.cpp:56] Could not initialize NNPACK! Reason: Unsupported hardware.
[W104 19:40:24.909607938 NNPACK.cpp:56] Could not initialize NNPACK! Reason: Unsupported hardware.
[W104 19:40:24.909981324 NNPACK.cpp:56] Could not initialize NNPACK! Reason: Unsupported hardware.
[W104 19:40:24.911361185 NNPACK.cpp:56] Could not initialize NNPACK! Reason: Unsupported hardware.
[W104 19:40:24.911864592 NNPACK.cpp:56] Could not initialize NNPACK! Reason: Unsupported hardware.
[W104 19:40:24.912862777 NNPACK.cpp:56] Could not initialize NNPACK! Reason: Unsupported hardware.
0: 384x640 1 person, 91.8ms
Speed: 1.6ms preprocess, 91.8ms inference, 0.7ms postprocess per image at shape (1, 3, 384, 640)
INFO:     127.0.0.1:60490 - "POST /identify HTTP/1.1" 200 OK
Falling back to default species list

[W104 19:40:44.103450695 NNPACK.cpp:56] Could not initialize NNPACK! Reason: Unsupported hardware.
[W104 19:40:44.107969752 NNPACK.cpp:56] Could not initialize NNPACK! Reason: Unsupported hardware.
[W104 19:40:44.111765938 NNPACK.cpp:56] Could not initialize NNPACK! Reason: Unsupported hardware.
[W104 19:40:44.117409380 NNPACK.cpp:56] Could not initialize NNPACK! Reason: Unsupported hardware.
[W104 19:40:44.120804240 NNPACK.cpp:56] Could not initialize NNPACK! Reason: Unsupported hardware.
[W104 19:40:44.125840464 NNPACK.cpp:56] Could not initialize NNPACK! Reason: Unsupported hardware.
[W104 19:40:44.128881278 NNPACK.cpp:56] Could not initialize NNPACK! Reason: Unsupported hardware.
[W104 19:40:44.131642709 NNPACK.cpp:56] Could not initialize NNPACK! Reason: Unsupported hardware.
[W104 19:40:44.132381120 NNPACK.cpp:56] Could not initialize NNPACK! Reason: Unsupported hardware.
[W104 19:40:44.137445874 NNPACK.cpp:56] Could not initialize NNPACK! Reason: Unsupported hardware.
[W104 19:40:44.139266111 NNPACK.cpp:56] Could not initialize NNPACK! Reason: Unsupported hardware.
[W104 19:40:44.142850454 NNPACK.cpp:56] Could not initialize NNPACK! Reason: Unsupported hardware.
[W104 19:40:44.145980030 NNPACK.cpp:56] Could not initialize NNPACK! Reason: Unsupported hardware.
[W104 19:40:44.150034879 NNPACK.cpp:56] Could not initialize NNPACK! Reason: Unsupported hardware.
[W104 19:40:44.152219781 NNPACK.cpp:56] Could not initialize NNPACK! Reason: Unsupported hardware.
[W104 19:40:44.155203135 NNPACK.cpp:56] Could not initialize NNPACK! Reason: Unsupported hardware.
[W104 19:40:44.157188974 NNPACK.cpp:56] Could not initialize NNPACK! Reason: Unsupported hardware.
[W104 19:40:44.160077007 NNPACK.cpp:56] Could not initialize NNPACK! Reason: Unsupported hardware.
[W104 19:40:44.168252227 NNPACK.cpp:56] Could not initialize NNPACK! Reason: Unsupported hardware.
[W104 19:40:44.179574672 NNPACK.cpp:56] Could not initialize NNPACK! Reason: Unsupported hardware.
[W104 19:40:44.183479910 NNPACK.cpp:56] Could not initialize NNPACK! Reason: Unsupported hardware.
[W104 19:40:44.187726762 NNPACK.cpp:56] Could not initialize NNPACK! Reason: Unsupported hardware.
[W104 19:40:44.189077252 NNPACK.cpp:56] Could not initialize NNPACK! Reason: Unsupported hardware.
[W104 19:40:44.189467038 NNPACK.cpp:56] Could not initialize NNPACK! Reason: Unsupported hardware.
[W104 19:40:44.190897849 NNPACK.cpp:56] Could not initialize NNPACK! Reason: Unsupported hardware.
[W104 19:40:44.191434897 NNPACK.cpp:56] Could not initialize NNPACK! Reason: Unsupported hardware.
[W104 19:40:44.192542393 NNPACK.cpp:56] Could not initialize NNPACK! Reason: Unsupported hardware.
0: 384x640 1 person, 95.0ms
Speed: 1.6ms preprocess, 95.0ms inference, 0.8ms postprocess per image at shape (1, 3, 384, 640)
INFO:     127.0.0.1:54208 - "POST /identify HTTP/1.1" 200 OK
Falling back to default species list

[W104 19:41:31.322405225 NNPACK.cpp:56] Could not initialize NNPACK! Reason: Unsupported hardware.
[W104 19:41:31.327180703 NNPACK.cpp:56] Could not initialize NNPACK! Reason: Unsupported hardware.
[W104 19:41:31.330925095 NNPACK.cpp:56] Could not initialize NNPACK! Reason: Unsupported hardware.
[W104 19:41:31.336498974 NNPACK.cpp:56] Could not initialize NNPACK! Reason: Unsupported hardware.
[W104 19:41:31.339741991 NNPACK.cpp:56] Could not initialize NNPACK! Reason: Unsupported hardware.
[W104 19:41:31.344620229 NNPACK.cpp:56] Could not initialize NNPACK! Reason: Unsupported hardware.
[W104 19:41:31.347630162 NNPACK.cpp:56] Could not initialize NNPACK! Reason: Unsupported hardware.
[W104 19:41:31.350293620 NNPACK.cpp:56] Could not initialize NNPACK! Reason: Unsupported hardware.
[W104 19:41:31.351067991 NNPACK.cpp:56] Could not initialize NNPACK! Reason: Unsupported hardware.
[W104 19:41:31.356034571 NNPACK.cpp:56] Could not initialize NNPACK! Reason: Unsupported hardware.
[W104 19:41:31.357752375 NNPACK.cpp:56] Could not initialize NNPACK! Reason: Unsupported hardware.
[W104 19:41:31.361289996 NNPACK.cpp:56] Could not initialize NNPACK! Reason: Unsupported hardware.
[W104 19:41:31.364538101 NNPACK.cpp:56] Could not initialize NNPACK! Reason: Unsupported hardware.
[W104 19:41:31.368564288 NNPACK.cpp:56] Could not initialize NNPACK! Reason: Unsupported hardware.
[W104 19:41:31.370768439 NNPACK.cpp:56] Could not initialize NNPACK! Reason: Unsupported hardware.
[W104 19:41:31.373747582 NNPACK.cpp:56] Could not initialize NNPACK! Reason: Unsupported hardware.
[W104 19:41:31.375755390 NNPACK.cpp:56] Could not initialize NNPACK! Reason: Unsupported hardware.
[W104 19:41:31.378579340 NNPACK.cpp:56] Could not initialize NNPACK! Reason: Unsupported hardware.
[W104 19:41:31.386749045 NNPACK.cpp:56] Could not initialize NNPACK! Reason: Unsupported hardware.
[W104 19:41:31.397837433 NNPACK.cpp:56] Could not initialize NNPACK! Reason: Unsupported hardware.
[W104 19:41:31.401778958 NNPACK.cpp:56] Could not initialize NNPACK! Reason: Unsupported hardware.
[W104 19:41:31.405941267 NNPACK.cpp:56] Could not initialize NNPACK! Reason: Unsupported hardware.
[W104 19:41:31.407303037 NNPACK.cpp:56] Could not initialize NNPACK! Reason: Unsupported hardware.
[W104 19:41:31.407675462 NNPACK.cpp:56] Could not initialize NNPACK! Reason: Unsupported hardware.
[W104 19:41:31.409096622 NNPACK.cpp:56] Could not initialize NNPACK! Reason: Unsupported hardware.
[W104 19:41:31.409598549 NNPACK.cpp:56] Could not initialize NNPACK! Reason: Unsupported hardware.
[W104 19:41:31.410703764 NNPACK.cpp:56] Could not initialize NNPACK! Reason: Unsupported hardware.
0: 384x640 (no detections), 94.2ms
Speed: 1.6ms preprocess, 94.2ms inference, 0.4ms postprocess per image at shape (1, 3, 384, 640)
INFO:     127.0.0.1:45772 - "POST /identify HTTP/1.1" 200 OK
Falling back to default species list

[W104 19:41:50.524883680 NNPACK.cpp:56] Could not initialize NNPACK! Reason: Unsupported hardware.
[W104 19:41:50.529401633 NNPACK.cpp:56] Could not initialize NNPACK! Reason: Unsupported hardware.
[W104 19:41:50.533316088 NNPACK.cpp:56] Could not initialize NNPACK! Reason: Unsupported hardware.
[W104 19:41:50.538767574 NNPACK.cpp:56] Could not initialize NNPACK! Reason: Unsupported hardware.
[W104 19:41:50.542081950 NNPACK.cpp:56] Could not initialize NNPACK! Reason: Unsupported hardware.
[W104 19:41:50.546954498 NNPACK.cpp:56] Could not initialize NNPACK! Reason: Unsupported hardware.
[W104 19:41:50.550842482 NNPACK.cpp:56] Could not initialize NNPACK! Reason: Unsupported hardware.
[W104 19:41:50.553672522 NNPACK.cpp:56] Could not initialize NNPACK! Reason: Unsupported hardware.
[W104 19:41:50.554407381 NNPACK.cpp:56] Could not initialize NNPACK! Reason: Unsupported hardware.
[W104 19:41:50.559363151 NNPACK.cpp:56] Could not initialize NNPACK! Reason: Unsupported hardware.
[W104 19:41:50.561105705 NNPACK.cpp:56] Could not initialize NNPACK! Reason: Unsupported hardware.
[W104 19:41:50.564568844 NNPACK.cpp:56] Could not initialize NNPACK! Reason: Unsupported hardware.
[W104 19:41:50.567684537 NNPACK.cpp:56] Could not initialize NNPACK! Reason: Unsupported hardware.
[W104 19:41:50.571657582 NNPACK.cpp:56] Could not initialize NNPACK! Reason: Unsupported hardware.
[W104 19:41:50.573797262 NNPACK.cpp:56] Could not initialize NNPACK! Reason: Unsupported hardware.
[W104 19:41:50.576762184 NNPACK.cpp:56] Could not initialize NNPACK! Reason: Unsupported hardware.
[W104 19:41:50.578705831 NNPACK.cpp:56] Could not initialize NNPACK! Reason: Unsupported hardware.
[W104 19:41:50.581508430 NNPACK.cpp:56] Could not initialize NNPACK! Reason: Unsupported hardware.
[W104 19:41:50.589532462 NNPACK.cpp:56] Could not initialize NNPACK! Reason: Unsupported hardware.
[W104 19:41:50.601078943 NNPACK.cpp:56] Could not initialize NNPACK! Reason: Unsupported hardware.
[W104 19:41:50.605279932 NNPACK.cpp:56] Could not initialize NNPACK! Reason: Unsupported hardware.
[W104 19:41:50.609471920 NNPACK.cpp:56] Could not initialize NNPACK! Reason: Unsupported hardware.
[W104 19:41:50.610834009 NNPACK.cpp:56] Could not initialize NNPACK! Reason: Unsupported hardware.
[W104 19:41:50.611245595 NNPACK.cpp:56] Could not initialize NNPACK! Reason: Unsupported hardware.
[W104 19:41:50.612636235 NNPACK.cpp:56] Could not initialize NNPACK! Reason: Unsupported hardware.
[W104 19:41:50.613228823 NNPACK.cpp:56] Could not initialize NNPACK! Reason: Unsupported hardware.
[W104 19:41:50.614726624 NNPACK.cpp:56] Could not initialize NNPACK! Reason: Unsupported hardware.
0: 384x640 1 person, 95.9ms
Speed: 1.6ms preprocess, 95.9ms inference, 1.1ms postprocess per image at shape (1, 3, 384, 640)
INFO:     127.0.0.1:56506 - "POST /identify HTTP/1.1" 200 OK
Falling back to default species list

[W104 19:42:06.795819955 NNPACK.cpp:56] Could not initialize NNPACK! Reason: Unsupported hardware.
[W104 19:42:06.800628942 NNPACK.cpp:56] Could not initialize NNPACK! Reason: Unsupported hardware.
[W104 19:42:06.804504295 NNPACK.cpp:56] Could not initialize NNPACK! Reason: Unsupported hardware.
[W104 19:42:06.809960420 NNPACK.cpp:56] Could not initialize NNPACK! Reason: Unsupported hardware.
[W104 19:42:06.813198795 NNPACK.cpp:56] Could not initialize NNPACK! Reason: Unsupported hardware.
[W104 19:42:06.818071043 NNPACK.cpp:56] Could not initialize NNPACK! Reason: Unsupported hardware.
[W104 19:42:06.821024133 NNPACK.cpp:56] Could not initialize NNPACK! Reason: Unsupported hardware.
[W104 19:42:06.823711980 NNPACK.cpp:56] Could not initialize NNPACK! Reason: Unsupported hardware.
[W104 19:42:06.824443510 NNPACK.cpp:56] Could not initialize NNPACK! Reason: Unsupported hardware.
[W104 19:42:06.829432739 NNPACK.cpp:56] Could not initialize NNPACK! Reason: Unsupported hardware.
[W104 19:42:06.831249864 NNPACK.cpp:56] Could not initialize NNPACK! Reason: Unsupported hardware.
[W104 19:42:06.834728252 NNPACK.cpp:56] Could not initialize NNPACK! Reason: Unsupported hardware.
[W104 19:42:06.837641752 NNPACK.cpp:56] Could not initialize NNPACK! Reason: Unsupported hardware.
[W104 19:42:06.841647267 NNPACK.cpp:56] Could not initialize NNPACK! Reason: Unsupported hardware.
[W104 19:42:06.843792576 NNPACK.cpp:56] Could not initialize NNPACK! Reason: Unsupported hardware.
[W104 19:42:06.846771328 NNPACK.cpp:56] Could not initialize NNPACK! Reason: Unsupported hardware.
[W104 19:42:06.848729485 NNPACK.cpp:56] Could not initialize NNPACK! Reason: Unsupported hardware.
[W104 19:42:06.851542583 NNPACK.cpp:56] Could not initialize NNPACK! Reason: Unsupported hardware.
[W104 19:42:06.859611115 NNPACK.cpp:56] Could not initialize NNPACK! Reason: Unsupported hardware.
[W104 19:42:06.870727008 NNPACK.cpp:56] Could not initialize NNPACK! Reason: Unsupported hardware.
[W104 19:42:06.874894226 NNPACK.cpp:56] Could not initialize NNPACK! Reason: Unsupported hardware.
[W104 19:42:06.879119514 NNPACK.cpp:56] Could not initialize NNPACK! Reason: Unsupported hardware.
[W104 19:42:06.880424042 NNPACK.cpp:56] Could not initialize NNPACK! Reason: Unsupported hardware.
[W104 19:42:06.880823057 NNPACK.cpp:56] Could not initialize NNPACK! Reason: Unsupported hardware.
[W104 19:42:06.882248917 NNPACK.cpp:56] Could not initialize NNPACK! Reason: Unsupported hardware.
[W104 19:42:06.882747624 NNPACK.cpp:56] Could not initialize NNPACK! Reason: Unsupported hardware.
[W104 19:42:06.883754357 NNPACK.cpp:56] Could not initialize NNPACK! Reason: Unsupported hardware.
0: 384x640 1 person, 105.5ms
Speed: 1.6ms preprocess, 105.5ms inference, 0.8ms postprocess per image at shape (1, 3, 384, 640)
INFO:     127.0.0.1:42512 - "POST /identify HTTP/1.1" 200 OK
Falling back to default species list

[W104 19:42:22.617508795 NNPACK.cpp:56] Could not initialize NNPACK! Reason: Unsupported hardware.
[W104 19:42:22.622345350 NNPACK.cpp:56] Could not initialize NNPACK! Reason: Unsupported hardware.
[W104 19:42:22.626247824 NNPACK.cpp:56] Could not initialize NNPACK! Reason: Unsupported hardware.
[W104 19:42:22.631883611 NNPACK.cpp:56] Could not initialize NNPACK! Reason: Unsupported hardware.
[W104 19:42:22.635393079 NNPACK.cpp:56] Could not initialize NNPACK! Reason: Unsupported hardware.
[W104 19:42:22.640457117 NNPACK.cpp:56] Could not initialize NNPACK! Reason: Unsupported hardware.
[W104 19:42:22.643554930 NNPACK.cpp:56] Could not initialize NNPACK! Reason: Unsupported hardware.
[W104 19:42:22.646217846 NNPACK.cpp:56] Could not initialize NNPACK! Reason: Unsupported hardware.
[W104 19:42:22.646935585 NNPACK.cpp:56] Could not initialize NNPACK! Reason: Unsupported hardware.
[W104 19:42:22.651956724 NNPACK.cpp:56] Could not initialize NNPACK! Reason: Unsupported hardware.
[W104 19:42:22.653828730 NNPACK.cpp:56] Could not initialize NNPACK! Reason: Unsupported hardware.
[W104 19:42:22.657403149 NNPACK.cpp:56] Could not initialize NNPACK! Reason: Unsupported hardware.
[W104 19:42:22.660546081 NNPACK.cpp:56] Could not initialize NNPACK! Reason: Unsupported hardware.
[W104 19:42:22.664727258 NNPACK.cpp:56] Could not initialize NNPACK! Reason: Unsupported hardware.
[W104 19:42:22.667232143 NNPACK.cpp:56] Could not initialize NNPACK! Reason: Unsupported hardware.
[W104 19:42:22.670221913 NNPACK.cpp:56] Could not initialize NNPACK! Reason: Unsupported hardware.
[W104 19:42:22.672286851 NNPACK.cpp:56] Could not initialize NNPACK! Reason: Unsupported hardware.
[W104 19:42:22.675336623 NNPACK.cpp:56] Could not initialize NNPACK! Reason: Unsupported hardware.
[W104 19:42:22.683559175 NNPACK.cpp:56] Could not initialize NNPACK! Reason: Unsupported hardware.
[W104 19:42:22.694742397 NNPACK.cpp:56] Could not initialize NNPACK! Reason: Unsupported hardware.
[W104 19:42:22.698549359 NNPACK.cpp:56] Could not initialize NNPACK! Reason: Unsupported hardware.
[W104 19:42:22.702818767 NNPACK.cpp:56] Could not initialize NNPACK! Reason: Unsupported hardware.
[W104 19:42:22.704208156 NNPACK.cpp:56] Could not initialize NNPACK! Reason: Unsupported hardware.
[W104 19:42:22.704586571 NNPACK.cpp:56] Could not initialize NNPACK! Reason: Unsupported hardware.
[W104 19:42:22.705946650 NNPACK.cpp:56] Could not initialize NNPACK! Reason: Unsupported hardware.
[W104 19:42:22.706495297 NNPACK.cpp:56] Could not initialize NNPACK! Reason: Unsupported hardware.
[W104 19:42:22.707926137 NNPACK.cpp:56] Could not initialize NNPACK! Reason: Unsupported hardware.
0: 384x640 1 person, 96.8ms
Speed: 1.6ms preprocess, 96.8ms inference, 1.2ms postprocess per image at shape (1, 3, 384, 640)
INFO:     127.0.0.1:43768 - "POST /identify HTTP/1.1" 200 OK
Falling back to default species list

[W104 19:42:39.221338825 NNPACK.cpp:56] Could not initialize NNPACK! Reason: Unsupported hardware.
[W104 19:42:39.225976838 NNPACK.cpp:56] Could not initialize NNPACK! Reason: Unsupported hardware.
[W104 19:42:39.229834900 NNPACK.cpp:56] Could not initialize NNPACK! Reason: Unsupported hardware.
[W104 19:42:39.235479386 NNPACK.cpp:56] Could not initialize NNPACK! Reason: Unsupported hardware.
[W104 19:42:39.238781890 NNPACK.cpp:56] Could not initialize NNPACK! Reason: Unsupported hardware.
[W104 19:42:39.243712356 NNPACK.cpp:56] Could not initialize NNPACK! Reason: Unsupported hardware.
[W104 19:42:39.247098882 NNPACK.cpp:56] Could not initialize NNPACK! Reason: Unsupported hardware.
[W104 19:42:39.249824329 NNPACK.cpp:56] Could not initialize NNPACK! Reason: Unsupported hardware.
[W104 19:42:39.250570618 NNPACK.cpp:56] Could not initialize NNPACK! Reason: Unsupported hardware.
[W104 19:42:39.255511645 NNPACK.cpp:56] Could not initialize NNPACK! Reason: Unsupported hardware.
[W104 19:42:39.257366040 NNPACK.cpp:56] Could not initialize NNPACK! Reason: Unsupported hardware.
[W104 19:42:39.260934029 NNPACK.cpp:56] Could not initialize NNPACK! Reason: Unsupported hardware.
[W104 19:42:39.264244023 NNPACK.cpp:56] Could not initialize NNPACK! Reason: Unsupported hardware.
[W104 19:42:39.268680122 NNPACK.cpp:56] Could not initialize NNPACK! Reason: Unsupported hardware.
[W104 19:42:39.270957964 NNPACK.cpp:56] Could not initialize NNPACK! Reason: Unsupported hardware.
[W104 19:42:39.273940163 NNPACK.cpp:56] Could not initialize NNPACK! Reason: Unsupported hardware.
[W104 19:42:39.275884879 NNPACK.cpp:56] Could not initialize NNPACK! Reason: Unsupported hardware.
[W104 19:42:39.278733627 NNPACK.cpp:56] Could not initialize NNPACK! Reason: Unsupported hardware.
[W104 19:42:39.286988159 NNPACK.cpp:56] Could not initialize NNPACK! Reason: Unsupported hardware.
[W104 19:42:39.299714820 NNPACK.cpp:56] Could not initialize NNPACK! Reason: Unsupported hardware.
[W104 19:42:39.303821086 NNPACK.cpp:56] Could not initialize NNPACK! Reason: Unsupported hardware.
[W104 19:42:39.308120553 NNPACK.cpp:56] Could not initialize NNPACK! Reason: Unsupported hardware.
[W104 19:42:39.309522182 NNPACK.cpp:56] Could not initialize NNPACK! Reason: Unsupported hardware.
[W104 19:42:39.309907357 NNPACK.cpp:56] Could not initialize NNPACK! Reason: Unsupported hardware.
[W104 19:42:39.311357567 NNPACK.cpp:56] Could not initialize NNPACK! Reason: Unsupported hardware.
[W104 19:42:39.311903864 NNPACK.cpp:56] Could not initialize NNPACK! Reason: Unsupported hardware.
[W104 19:42:39.313089571 NNPACK.cpp:56] Could not initialize NNPACK! Reason: Unsupported hardware.
0: 384x640 (no detections), 97.7ms
Speed: 1.7ms preprocess, 97.7ms inference, 0.5ms postprocess per image at shape (1, 3, 384, 640)
INFO:     127.0.0.1:39088 - "POST /identify HTTP/1.1" 200 OK
Falling back to default species list

[W104 19:43:21.989431321 NNPACK.cpp:56] Could not initialize NNPACK! Reason: Unsupported hardware.
[W104 19:43:21.994092222 NNPACK.cpp:56] Could not initialize NNPACK! Reason: Unsupported hardware.
[W104 19:43:21.997768020 NNPACK.cpp:56] Could not initialize NNPACK! Reason: Unsupported hardware.
[W104 19:43:21.003214831 NNPACK.cpp:56] Could not initialize NNPACK! Reason: Unsupported hardware.
[W104 19:43:21.006549534 NNPACK.cpp:56] Could not initialize NNPACK! Reason: Unsupported hardware.
[W104 19:43:21.011450839 NNPACK.cpp:56] Could not initialize NNPACK! Reason: Unsupported hardware.
[W104 19:43:21.014469238 NNPACK.cpp:56] Could not initialize NNPACK! Reason: Unsupported hardware.
[W104 19:43:21.017168574 NNPACK.cpp:56] Could not initialize NNPACK! Reason: Unsupported hardware.
[W104 19:43:21.017881103 NNPACK.cpp:56] Could not initialize NNPACK! Reason: Unsupported hardware.
[W104 19:43:21.022761986 NNPACK.cpp:56] Could not initialize NNPACK! Reason: Unsupported hardware.
[W104 19:43:21.024626881 NNPACK.cpp:56] Could not initialize NNPACK! Reason: Unsupported hardware.
[W104 19:43:21.028180657 NNPACK.cpp:56] Could not initialize NNPACK! Reason: Unsupported hardware.
[W104 19:43:21.031557632 NNPACK.cpp:56] Could not initialize NNPACK! Reason: Unsupported hardware.
[W104 19:43:21.035817428 NNPACK.cpp:56] Could not initialize NNPACK! Reason: Unsupported hardware.
[W104 19:43:21.038149868 NNPACK.cpp:56] Could not initialize NNPACK! Reason: Unsupported hardware.
[W104 19:43:21.041090967 NNPACK.cpp:56] Could not initialize NNPACK! Reason: Unsupported hardware.
[W104 19:43:21.043025032 NNPACK.cpp:56] Could not initialize NNPACK! Reason: Unsupported hardware.
[W104 19:43:21.045902989 NNPACK.cpp:56] Could not initialize NNPACK! Reason: Unsupported hardware.
[W104 19:43:21.053992965 NNPACK.cpp:56] Could not initialize NNPACK! Reason: Unsupported hardware.
[W104 19:43:21.065183062 NNPACK.cpp:56] Could not initialize NNPACK! Reason: Unsupported hardware.
[W104 19:43:21.069082633 NNPACK.cpp:56] Could not initialize NNPACK! Reason: Unsupported hardware.
[W104 19:43:21.073645032 NNPACK.cpp:56] Could not initialize NNPACK! Reason: Unsupported hardware.
[W104 19:43:21.075026371 NNPACK.cpp:56] Could not initialize NNPACK! Reason: Unsupported hardware.
[W104 19:43:21.075410016 NNPACK.cpp:56] Could not initialize NNPACK! Reason: Unsupported hardware.
[W104 19:43:21.076808123 NNPACK.cpp:56] Could not initialize NNPACK! Reason: Unsupported hardware.
[W104 19:43:21.077337741 NNPACK.cpp:56] Could not initialize NNPACK! Reason: Unsupported hardware.
[W104 19:43:21.078515326 NNPACK.cpp:56] Could not initialize NNPACK! Reason: Unsupported hardware.
0: 384x640 (no detections), 94.9ms
Speed: 1.6ms preprocess, 94.9ms inference, 0.5ms postprocess per image at shape (1, 3, 384, 640)
INFO:     127.0.0.1:59060 - "POST /identify HTTP/1.1" 200 OK
Falling back to default species list

[W104 19:43:37.579275388 NNPACK.cpp:56] Could not initialize NNPACK! Reason: Unsupported hardware.
[W104 19:43:37.583951379 NNPACK.cpp:56] Could not initialize NNPACK! Reason: Unsupported hardware.
[W104 19:43:37.587626016 NNPACK.cpp:56] Could not initialize NNPACK! Reason: Unsupported hardware.
[W104 19:43:37.593128177 NNPACK.cpp:56] Could not initialize NNPACK! Reason: Unsupported hardware.
[W104 19:43:37.596414710 NNPACK.cpp:56] Could not initialize NNPACK! Reason: Unsupported hardware.
[W104 19:43:37.601426845 NNPACK.cpp:56] Could not initialize NNPACK! Reason: Unsupported hardware.
[W104 19:43:37.604508045 NNPACK.cpp:56] Could not initialize NNPACK! Reason: Unsupported hardware.
[W104 19:43:37.607259060 NNPACK.cpp:56] Could not initialize NNPACK! Reason: Unsupported hardware.
[W104 19:43:37.607982000 NNPACK.cpp:56] Could not initialize NNPACK! Reason: Unsupported hardware.
[W104 19:43:37.613059235 NNPACK.cpp:56] Could not initialize NNPACK! Reason: Unsupported hardware.
[W104 19:43:37.614838378 NNPACK.cpp:56] Could not initialize NNPACK! Reason: Unsupported hardware.
[W104 19:43:37.618405755 NNPACK.cpp:56] Could not initialize NNPACK! Reason: Unsupported hardware.
[W104 19:43:37.621492594 NNPACK.cpp:56] Could not initialize NNPACK! Reason: Unsupported hardware.
[W104 19:43:37.625568647 NNPACK.cpp:56] Could not initialize NNPACK! Reason: Unsupported hardware.
[W104 19:43:37.627799806 NNPACK.cpp:56] Could not initialize NNPACK! Reason: Unsupported hardware.
[W104 19:43:37.630801205 NNPACK.cpp:56] Could not initialize NNPACK! Reason: Unsupported hardware.
[W104 19:43:37.632824041 NNPACK.cpp:56] Could not initialize NNPACK! Reason: Unsupported hardware.
[W104 19:43:37.635731138 NNPACK.cpp:56] Could not initialize NNPACK! Reason: Unsupported hardware.
[W104 19:43:37.643967256 NNPACK.cpp:56] Could not initialize NNPACK! Reason: Unsupported hardware.
[W104 19:43:37.655207151 NNPACK.cpp:56] Could not initialize NNPACK! Reason: Unsupported hardware.
[W104 19:43:37.659050591 NNPACK.cpp:56] Could not initialize NNPACK! Reason: Unsupported hardware.
[W104 19:43:37.663229445 NNPACK.cpp:56] Could not initialize NNPACK! Reason: Unsupported hardware.
[W104 19:43:37.664564092 NNPACK.cpp:56] Could not initialize NNPACK! Reason: Unsupported hardware.
[W104 19:43:37.664953567 NNPACK.cpp:56] Could not initialize NNPACK! Reason: Unsupported hardware.
[W104 19:43:37.666379126 NNPACK.cpp:56] Could not initialize NNPACK! Reason: Unsupported hardware.
[W104 19:43:37.666902022 NNPACK.cpp:56] Could not initialize NNPACK! Reason: Unsupported hardware.
[W104 19:43:37.668074898 NNPACK.cpp:56] Could not initialize NNPACK! Reason: Unsupported hardware.
0: 384x640 (no detections), 94.9ms
Speed: 1.6ms preprocess, 94.9ms inference, 0.5ms postprocess per image at shape (1, 3, 384, 640)
INFO:     127.0.0.1:58154 - "POST /identify HTTP/1.1" 200 OK
Falling back to default species list

[W104 19:43:52.728325579 NNPACK.cpp:56] Could not initialize NNPACK! Reason: Unsupported hardware.
[W104 19:43:52.733031560 NNPACK.cpp:56] Could not initialize NNPACK! Reason: Unsupported hardware.
[W104 19:43:52.736781288 NNPACK.cpp:56] Could not initialize NNPACK! Reason: Unsupported hardware.
[W104 19:43:52.742445670 NNPACK.cpp:56] Could not initialize NNPACK! Reason: Unsupported hardware.
[W104 19:43:52.745923325 NNPACK.cpp:56] Could not initialize NNPACK! Reason: Unsupported hardware.
[W104 19:43:52.750921489 NNPACK.cpp:56] Could not initialize NNPACK! Reason: Unsupported hardware.
[W104 19:43:52.753982808 NNPACK.cpp:56] Could not initialize NNPACK! Reason: Unsupported hardware.
[W104 19:43:52.756751944 NNPACK.cpp:56] Could not initialize NNPACK! Reason: Unsupported hardware.
[W104 19:43:52.757487283 NNPACK.cpp:56] Could not initialize NNPACK! Reason: Unsupported hardware.
[W104 19:43:52.762604669 NNPACK.cpp:56] Could not initialize NNPACK! Reason: Unsupported hardware.
[W104 19:43:52.764398191 NNPACK.cpp:56] Could not initialize NNPACK! Reason: Unsupported hardware.
[W104 19:43:52.767960087 NNPACK.cpp:56] Could not initialize NNPACK! Reason: Unsupported hardware.
[W104 19:43:52.771253270 NNPACK.cpp:56] Could not initialize NNPACK! Reason: Unsupported hardware.
[W104 19:43:52.775347702 NNPACK.cpp:56] Could not initialize NNPACK! Reason: Unsupported hardware.
[W104 19:43:52.777565071 NNPACK.cpp:56] Could not initialize NNPACK! Reason: Unsupported hardware.
[W104 19:43:52.780606069 NNPACK.cpp:56] Could not initialize NNPACK! Reason: Unsupported hardware.
[W104 19:43:52.782659546 NNPACK.cpp:56] Could not initialize NNPACK! Reason: Unsupported hardware.
[W104 19:43:52.785589493 NNPACK.cpp:56] Could not initialize NNPACK! Reason: Unsupported hardware.
[W104 19:43:52.793783098 NNPACK.cpp:56] Could not initialize NNPACK! Reason: Unsupported hardware.
[W104 19:43:52.804901341 NNPACK.cpp:56] Could not initialize NNPACK! Reason: Unsupported hardware.
[W104 19:43:52.808835922 NNPACK.cpp:56] Could not initialize NNPACK! Reason: Unsupported hardware.
[W104 19:43:52.813092756 NNPACK.cpp:56] Could not initialize NNPACK! Reason: Unsupported hardware.
[W104 19:43:52.814468113 NNPACK.cpp:56] Could not initialize NNPACK! Reason: Unsupported hardware.
[W104 19:43:52.814853669 NNPACK.cpp:56] Could not initialize NNPACK! Reason: Unsupported hardware.
[W104 19:43:52.816306847 NNPACK.cpp:56] Could not initialize NNPACK! Reason: Unsupported hardware.
[W104 19:43:52.816833924 NNPACK.cpp:56] Could not initialize NNPACK! Reason: Unsupported hardware.
[W104 19:43:52.818033199 NNPACK.cpp:56] Could not initialize NNPACK! Reason: Unsupported hardware.
0: 384x640 (no detections), 95.7ms
Speed: 1.6ms preprocess, 95.7ms inference, 0.5ms postprocess per image at shape (1, 3, 384, 640)
INFO:     127.0.0.1:46458 - "POST /identify HTTP/1.1" 200 OK
Falling back to default species list

[W104 19:44:07.007334316 NNPACK.cpp:56] Could not initialize NNPACK! Reason: Unsupported hardware.
[W104 19:44:07.011972325 NNPACK.cpp:56] Could not initialize NNPACK! Reason: Unsupported hardware.
[W104 19:44:07.015694462 NNPACK.cpp:56] Could not initialize NNPACK! Reason: Unsupported hardware.
[W104 19:44:07.021315722 NNPACK.cpp:56] Could not initialize NNPACK! Reason: Unsupported hardware.
[W104 19:44:07.024593695 NNPACK.cpp:56] Could not initialize NNPACK! Reason: Unsupported hardware.
[W104 19:44:07.029403016 NNPACK.cpp:56] Could not initialize NNPACK! Reason: Unsupported hardware.
[W104 19:44:07.032369443 NNPACK.cpp:56] Could not initialize NNPACK! Reason: Unsupported hardware.
[W104 19:44:07.034968436 NNPACK.cpp:56] Could not initialize NNPACK! Reason: Unsupported hardware.
[W104 19:44:07.035693006 NNPACK.cpp:56] Could not initialize NNPACK! Reason: Unsupported hardware.
[W104 19:44:07.040527527 NNPACK.cpp:56] Could not initialize NNPACK! Reason: Unsupported hardware.
[W104 19:44:07.042334880 NNPACK.cpp:56] Could not initialize NNPACK! Reason: Unsupported hardware.
[W104 19:44:07.045859115 NNPACK.cpp:56] Could not initialize NNPACK! Reason: Unsupported hardware.
[W104 19:44:07.048709721 NNPACK.cpp:56] Could not initialize NNPACK! Reason: Unsupported hardware.
[W104 19:44:07.052703531 NNPACK.cpp:56] Could not initialize NNPACK! Reason: Unsupported hardware.
[W104 19:44:07.054900689 NNPACK.cpp:56] Could not initialize NNPACK! Reason: Unsupported hardware.
[W104 19:44:07.058080980 NNPACK.cpp:56] Could not initialize NNPACK! Reason: Unsupported hardware.
[W104 19:44:07.060078065 NNPACK.cpp:56] Could not initialize NNPACK! Reason: Unsupported hardware.
[W104 19:44:07.062939641 NNPACK.cpp:56] Could not initialize NNPACK! Reason: Unsupported hardware.
[W104 19:44:07.071140675 NNPACK.cpp:56] Could not initialize NNPACK! Reason: Unsupported hardware.
[W104 19:44:07.082458399 NNPACK.cpp:56] Could not initialize NNPACK! Reason: Unsupported hardware.
[W104 19:44:07.086282168 NNPACK.cpp:56] Could not initialize NNPACK! Reason: Unsupported hardware.
[W104 19:44:08.090653273 NNPACK.cpp:56] Could not initialize NNPACK! Reason: Unsupported hardware.
[W104 19:44:08.092046681 NNPACK.cpp:56] Could not initialize NNPACK! Reason: Unsupported hardware.
[W104 19:44:08.092420416 NNPACK.cpp:56] Could not initialize NNPACK! Reason: Unsupported hardware.
[W104 19:44:08.093811474 NNPACK.cpp:56] Could not initialize NNPACK! Reason: Unsupported hardware.
[W104 19:44:08.094346920 NNPACK.cpp:56] Could not initialize NNPACK! Reason: Unsupported hardware.
[W104 19:44:08.095491285 NNPACK.cpp:56] Could not initialize NNPACK! Reason: Unsupported hardware.
0: 384x640 (no detections), 94.2ms
Speed: 1.7ms preprocess, 94.2ms inference, 0.5ms postprocess per image at shape (1, 3, 384, 640)
INFO:     127.0.0.1:55566 - "POST /identify HTTP/1.1" 200 OK
Falling back to default species list

[W104 19:44:22.887134899 NNPACK.cpp:56] Could not initialize NNPACK! Reason: Unsupported hardware.
[W104 19:44:22.891651746 NNPACK.cpp:56] Could not initialize NNPACK! Reason: Unsupported hardware.
[W104 19:44:22.895320902 NNPACK.cpp:56] Could not initialize NNPACK! Reason: Unsupported hardware.
[W104 19:44:22.900883162 NNPACK.cpp:56] Could not initialize NNPACK! Reason: Unsupported hardware.
[W104 19:44:22.904282765 NNPACK.cpp:56] Could not initialize NNPACK! Reason: Unsupported hardware.
[W104 19:44:22.909239447 NNPACK.cpp:56] Could not initialize NNPACK! Reason: Unsupported hardware.
[W104 19:44:22.912251965 NNPACK.cpp:56] Could not initialize NNPACK! Reason: Unsupported hardware.
[W104 19:44:22.914887828 NNPACK.cpp:56] Could not initialize NNPACK! Reason: Unsupported hardware.
[W104 19:44:22.915615787 NNPACK.cpp:56] Could not initialize NNPACK! Reason: Unsupported hardware.
[W104 19:44:22.920518749 NNPACK.cpp:56] Could not initialize NNPACK! Reason: Unsupported hardware.
[W104 19:44:22.922280592 NNPACK.cpp:56] Could not initialize NNPACK! Reason: Unsupported hardware.
[W104 19:44:22.925837986 NNPACK.cpp:56] Could not initialize NNPACK! Reason: Unsupported hardware.
[W104 19:44:22.929140237 NNPACK.cpp:56] Could not initialize NNPACK! Reason: Unsupported hardware.
[W104 19:44:22.933171198 NNPACK.cpp:56] Could not initialize NNPACK! Reason: Unsupported hardware.
[W104 19:44:22.935337425 NNPACK.cpp:56] Could not initialize NNPACK! Reason: Unsupported hardware.
[W104 19:44:22.938226872 NNPACK.cpp:56] Could not initialize NNPACK! Reason: Unsupported hardware.
[W104 19:44:22.940123556 NNPACK.cpp:56] Could not initialize NNPACK! Reason: Unsupported hardware.
[W104 19:44:22.942874510 NNPACK.cpp:56] Could not initialize NNPACK! Reason: Unsupported hardware.
[W104 19:44:22.950974712 NNPACK.cpp:56] Could not initialize NNPACK! Reason: Unsupported hardware.
[W104 19:44:22.961995501 NNPACK.cpp:56] Could not initialize NNPACK! Reason: Unsupported hardware.
[W104 19:44:22.965961411 NNPACK.cpp:56] Could not initialize NNPACK! Reason: Unsupported hardware.
[W104 19:44:22.970126623 NNPACK.cpp:56] Could not initialize NNPACK! Reason: Unsupported hardware.
[W104 19:44:22.971437779 NNPACK.cpp:56] Could not initialize NNPACK! Reason: Unsupported hardware.
[W104 19:44:22.971844824 NNPACK.cpp:56] Could not initialize NNPACK! Reason: Unsupported hardware.
[W104 19:44:22.973235492 NNPACK.cpp:56] Could not initialize NNPACK! Reason: Unsupported hardware.
[W104 19:44:22.973742048 NNPACK.cpp:56] Could not initialize NNPACK! Reason: Unsupported hardware.
[W104 19:44:22.974897473 NNPACK.cpp:56] Could not initialize NNPACK! Reason: Unsupported hardware.
0: 384x640 (no detections), 93.6ms
Speed: 1.5ms preprocess, 93.6ms inference, 0.5ms postprocess per image at shape (1, 3, 384, 640)
INFO:     127.0.0.1:54918 - "POST /identify HTTP/1.1" 200 OK
Falling back to default species list

[W104 19:50:11.310874929 NNPACK.cpp:56] Could not initialize NNPACK! Reason: Unsupported hardware.
[W104 19:50:11.324875258 NNPACK.cpp:56] Could not initialize NNPACK! Reason: Unsupported hardware.
[W104 19:50:11.329841890 NNPACK.cpp:56] Could not initialize NNPACK! Reason: Unsupported hardware.
[W104 19:50:11.336837295 NNPACK.cpp:56] Could not initialize NNPACK! Reason: Unsupported hardware.
[W104 19:50:11.341196581 NNPACK.cpp:56] Could not initialize NNPACK! Reason: Unsupported hardware.
[W104 19:50:11.347419367 NNPACK.cpp:56] Could not initialize NNPACK! Reason: Unsupported hardware.
[W104 19:50:11.351330009 NNPACK.cpp:56] Could not initialize NNPACK! Reason: Unsupported hardware.
[W104 19:50:11.354864007 NNPACK.cpp:56] Could not initialize NNPACK! Reason: Unsupported hardware.
[W104 19:50:11.355824376 NNPACK.cpp:56] Could not initialize NNPACK! Reason: Unsupported hardware.
[W104 19:50:11.361811500 NNPACK.cpp:56] Could not initialize NNPACK! Reason: Unsupported hardware.
[W104 19:50:11.364059084 NNPACK.cpp:56] Could not initialize NNPACK! Reason: Unsupported hardware.
[W104 19:50:11.368323999 NNPACK.cpp:56] Could not initialize NNPACK! Reason: Unsupported hardware.
[W104 19:50:11.369943816 NNPACK.cpp:56] Could not initialize NNPACK! Reason: Unsupported hardware.
[W104 19:50:11.374835349 NNPACK.cpp:56] Could not initialize NNPACK! Reason: Unsupported hardware.
[W104 19:50:11.377731939 NNPACK.cpp:56] Could not initialize NNPACK! Reason: Unsupported hardware.
[W104 19:50:11.381296257 NNPACK.cpp:56] Could not initialize NNPACK! Reason: Unsupported hardware.
[W104 19:50:11.383797813 NNPACK.cpp:56] Could not initialize NNPACK! Reason: Unsupported hardware.
[W104 19:50:11.387296811 NNPACK.cpp:56] Could not initialize NNPACK! Reason: Unsupported hardware.
[W104 19:50:11.397532579 NNPACK.cpp:56] Could not initialize NNPACK! Reason: Unsupported hardware.
[W104 19:50:11.411817401 NNPACK.cpp:56] Could not initialize NNPACK! Reason: Unsupported hardware.
[W104 19:50:11.416671233 NNPACK.cpp:56] Could not initialize NNPACK! Reason: Unsupported hardware.
[W104 19:50:11.422394923 NNPACK.cpp:56] Could not initialize NNPACK! Reason: Unsupported hardware.
[W104 19:50:11.424240972 NNPACK.cpp:56] Could not initialize NNPACK! Reason: Unsupported hardware.
[W104 19:50:11.424716788 NNPACK.cpp:56] Could not initialize NNPACK! Reason: Unsupported hardware.
[W104 19:50:11.427625229 NNPACK.cpp:56] Could not initialize NNPACK! Reason: Unsupported hardware.
[W104 19:50:11.429314017 NNPACK.cpp:56] Could not initialize NNPACK! Reason: Unsupported hardware.
0: 480x640 1 person, 1 suitcase, 2 books, 126.3ms
Speed: 1.4ms preprocess, 126.3ms inference, 0.7ms postprocess per image at shape (1, 3, 480, 640)
INFO:     127.0.0.1:58474 - "POST /identify HTTP/1.1" 200 OK
Falling back to default species list

[W104 19:50:21.267963405 NNPACK.cpp:56] Could not initialize NNPACK! Reason: Unsupported hardware.
[W104 19:50:21.273455602 NNPACK.cpp:56] Could not initialize NNPACK! Reason: Unsupported hardware.
[W104 19:50:21.277912250 NNPACK.cpp:56] Could not initialize NNPACK! Reason: Unsupported hardware.
[W104 19:50:21.284471999 NNPACK.cpp:56] Could not initialize NNPACK! Reason: Unsupported hardware.
[W104 19:50:21.288508862 NNPACK.cpp:56] Could not initialize NNPACK! Reason: Unsupported hardware.
[W104 19:50:21.294374724 NNPACK.cpp:56] Could not initialize NNPACK! Reason: Unsupported hardware.
[W104 19:50:21.298025573 NNPACK.cpp:56] Could not initialize NNPACK! Reason: Unsupported hardware.
[W104 19:50:21.301378387 NNPACK.cpp:56] Could not initialize NNPACK! Reason: Unsupported hardware.
[W104 19:50:21.302297018 NNPACK.cpp:56] Could not initialize NNPACK! Reason: Unsupported hardware.
[W104 19:50:21.308250201 NNPACK.cpp:56] Could not initialize NNPACK! Reason: Unsupported hardware.
[W104 19:50:21.310445614 NNPACK.cpp:56] Could not initialize NNPACK! Reason: Unsupported hardware.
[W104 19:50:21.314683129 NNPACK.cpp:56] Could not initialize NNPACK! Reason: Unsupported hardware.
[W104 19:50:21.316366766 NNPACK.cpp:56] Could not initialize NNPACK! Reason: Unsupported hardware.
[W104 19:50:21.321309978 NNPACK.cpp:56] Could not initialize NNPACK! Reason: Unsupported hardware.
[W104 19:50:21.324020328 NNPACK.cpp:56] Could not initialize NNPACK! Reason: Unsupported hardware.
[W104 19:50:21.327576615 NNPACK.cpp:56] Could not initialize NNPACK! Reason: Unsupported hardware.
[W104 19:50:21.329900820 NNPACK.cpp:56] Could not initialize NNPACK! Reason: Unsupported hardware.
[W104 19:50:21.333328785 NNPACK.cpp:56] Could not initialize NNPACK! Reason: Unsupported hardware.
[W104 19:50:21.343375452 NNPACK.cpp:56] Could not initialize NNPACK! Reason: Unsupported hardware.
[W104 19:50:21.357275499 NNPACK.cpp:56] Could not initialize NNPACK! Reason: Unsupported hardware.
[W104 19:50:21.362056520 NNPACK.cpp:56] Could not initialize NNPACK! Reason: Unsupported hardware.
[W104 19:50:21.367274915 NNPACK.cpp:56] Could not initialize NNPACK! Reason: Unsupported hardware.
[W104 19:50:21.368850121 NNPACK.cpp:56] Could not initialize NNPACK! Reason: Unsupported hardware.
[W104 19:50:21.369371567 NNPACK.cpp:56] Could not initialize NNPACK! Reason: Unsupported hardware.
[W104 19:50:21.371646202 NNPACK.cpp:56] Could not initialize NNPACK! Reason: Unsupported hardware.
[W104 19:50:21.372995445 NNPACK.cpp:56] Could not initialize NNPACK! Reason: Unsupported hardware.
0: 480x640 1 person, 1 suitcase, 1 book, 112.2ms
Speed: 1.4ms preprocess, 112.2ms inference, 0.8ms postprocess per image at shape (1, 3, 480, 640)
INFO:     127.0.0.1:47474 - "POST /identify HTTP/1.1" 200 OK
Falling back to default species list

[W104 19:50:29.528547040 NNPACK.cpp:56] Could not initialize NNPACK! Reason: Unsupported hardware.
[W104 19:50:29.534209979 NNPACK.cpp:56] Could not initialize NNPACK! Reason: Unsupported hardware.
[W104 19:50:29.538857938 NNPACK.cpp:56] Could not initialize NNPACK! Reason: Unsupported hardware.
[W104 19:50:29.545613090 NNPACK.cpp:56] Could not initialize NNPACK! Reason: Unsupported hardware.
[W104 19:50:29.549767394 NNPACK.cpp:56] Could not initialize NNPACK! Reason: Unsupported hardware.
[W104 19:50:29.555818328 NNPACK.cpp:56] Could not initialize NNPACK! Reason: Unsupported hardware.
[W104 19:50:29.559561837 NNPACK.cpp:56] Could not initialize NNPACK! Reason: Unsupported hardware.
[W104 19:50:29.562852641 NNPACK.cpp:56] Could not initialize NNPACK! Reason: Unsupported hardware.
[W104 19:50:29.563795032 NNPACK.cpp:56] Could not initialize NNPACK! Reason: Unsupported hardware.
[W104 19:50:29.569857526 NNPACK.cpp:56] Could not initialize NNPACK! Reason: Unsupported hardware.
[W104 19:50:29.572160780 NNPACK.cpp:56] Could not initialize NNPACK! Reason: Unsupported hardware.
[W104 19:50:29.576557336 NNPACK.cpp:56] Could not initialize NNPACK! Reason: Unsupported hardware.
[W104 19:50:29.578294054 NNPACK.cpp:56] Could not initialize NNPACK! Reason: Unsupported hardware.
[W104 19:50:29.583341598 NNPACK.cpp:56] Could not initialize NNPACK! Reason: Unsupported hardware.
[W104 19:50:29.586105747 NNPACK.cpp:56] Could not initialize NNPACK! Reason: Unsupported hardware.
[W104 19:50:29.589796646 NNPACK.cpp:56] Could not initialize NNPACK! Reason: Unsupported hardware.
[W104 19:50:29.592146051 NNPACK.cpp:56] Could not initialize NNPACK! Reason: Unsupported hardware.
[W104 19:50:29.595657328 NNPACK.cpp:56] Could not initialize NNPACK! Reason: Unsupported hardware.
[W104 19:50:29.605947336 NNPACK.cpp:56] Could not initialize NNPACK! Reason: Unsupported hardware.
[W104 19:50:29.619769202 NNPACK.cpp:56] Could not initialize NNPACK! Reason: Unsupported hardware.
[W104 19:50:29.624537892 NNPACK.cpp:56] Could not initialize NNPACK! Reason: Unsupported hardware.
[W104 19:50:29.629712737 NNPACK.cpp:56] Could not initialize NNPACK! Reason: Unsupported hardware.
[W104 19:50:29.631368195 NNPACK.cpp:56] Could not initialize NNPACK! Reason: Unsupported hardware.
[W104 19:50:29.631843239 NNPACK.cpp:56] Could not initialize NNPACK! Reason: Unsupported hardware.
[W104 19:50:29.634177424 NNPACK.cpp:56] Could not initialize NNPACK! Reason: Unsupported hardware.
[W104 19:50:29.635642130 NNPACK.cpp:56] Could not initialize NNPACK! Reason: Unsupported hardware.
0: 480x640 1 person, 1 couch, 1 tv, 1 remote, 114.4ms
Speed: 1.5ms preprocess, 114.4ms inference, 0.8ms postprocess per image at shape (1, 3, 480, 640)
INFO:     127.0.0.1:47488 - "POST /identify HTTP/1.1" 200 OK
Falling back to default species list

[W104 19:50:37.715427924 NNPACK.cpp:56] Could not initialize NNPACK! Reason: Unsupported hardware.
[W104 19:50:37.720894760 NNPACK.cpp:56] Could not initialize NNPACK! Reason: Unsupported hardware.
[W104 19:50:37.725472969 NNPACK.cpp:56] Could not initialize NNPACK! Reason: Unsupported hardware.
[W104 19:50:37.732084989 NNPACK.cpp:56] Could not initialize NNPACK! Reason: Unsupported hardware.
[W104 19:50:37.736047330 NNPACK.cpp:56] Could not initialize NNPACK! Reason: Unsupported hardware.
[W104 19:50:37.741927172 NNPACK.cpp:56] Could not initialize NNPACK! Reason: Unsupported hardware.
[W104 19:50:37.745598991 NNPACK.cpp:56] Could not initialize NNPACK! Reason: Unsupported hardware.
[W104 19:50:37.748818344 NNPACK.cpp:56] Could not initialize NNPACK! Reason: Unsupported hardware.
[W104 19:50:37.749732984 NNPACK.cpp:56] Could not initialize NNPACK! Reason: Unsupported hardware.
[W104 19:50:37.755754018 NNPACK.cpp:56] Could not initialize NNPACK! Reason: Unsupported hardware.
[W104 19:50:37.758070472 NNPACK.cpp:56] Could not initialize NNPACK! Reason: Unsupported hardware.
[W104 19:50:37.762292166 NNPACK.cpp:56] Could not initialize NNPACK! Reason: Unsupported hardware.
[W104 19:50:37.763904143 NNPACK.cpp:56] Could not initialize NNPACK! Reason: Unsupported hardware.
[W104 19:50:37.768726194 NNPACK.cpp:56] Could not initialize NNPACK! Reason: Unsupported hardware.
[W104 19:50:37.771317611 NNPACK.cpp:56] Could not initialize NNPACK! Reason: Unsupported hardware.
[W104 19:50:37.774814687 NNPACK.cpp:56] Could not initialize NNPACK! Reason: Unsupported hardware.
[W104 19:50:37.777183403 NNPACK.cpp:56] Could not initialize NNPACK! Reason: Unsupported hardware.
[W104 19:50:37.780697249 NNPACK.cpp:56] Could not initialize NNPACK! Reason: Unsupported hardware.
[W104 19:50:37.790739995 NNPACK.cpp:56] Could not initialize NNPACK! Reason: Unsupported hardware.
[W104 19:50:37.804405269 NNPACK.cpp:56] Could not initialize NNPACK! Reason: Unsupported hardware.
[W104 19:50:37.809090438 NNPACK.cpp:56] Could not initialize NNPACK! Reason: Unsupported hardware.
[W104 19:50:37.814161942 NNPACK.cpp:56] Could not initialize NNPACK! Reason: Unsupported hardware.
[W104 19:50:37.815770119 NNPACK.cpp:56] Could not initialize NNPACK! Reason: Unsupported hardware.
[W104 19:50:37.816273854 NNPACK.cpp:56] Could not initialize NNPACK! Reason: Unsupported hardware.
[W104 19:50:37.818510697 NNPACK.cpp:56] Could not initialize NNPACK! Reason: Unsupported hardware.
[W104 19:50:37.819850172 NNPACK.cpp:56] Could not initialize NNPACK! Reason: Unsupported hardware.
0: 480x640 1 person, 111.6ms
Speed: 1.4ms preprocess, 111.6ms inference, 0.7ms postprocess per image at shape (1, 3, 480, 640)
INFO:     127.0.0.1:49660 - "POST /identify HTTP/1.1" 200 OK
Falling back to default species list

[W104 19:50:46.643408496 NNPACK.cpp:56] Could not initialize NNPACK! Reason: Unsupported hardware.
[W104 19:50:46.648985904 NNPACK.cpp:56] Could not initialize NNPACK! Reason: Unsupported hardware.
[W104 19:50:46.653642343 NNPACK.cpp:56] Could not initialize NNPACK! Reason: Unsupported hardware.
[W104 19:50:46.660325153 NNPACK.cpp:56] Could not initialize NNPACK! Reason: Unsupported hardware.
[W104 19:50:46.664347565 NNPACK.cpp:56] Could not initialize NNPACK! Reason: Unsupported hardware.
[W104 19:50:46.670321608 NNPACK.cpp:56] Could not initialize NNPACK! Reason: Unsupported hardware.
[W104 19:50:46.674078647 NNPACK.cpp:56] Could not initialize NNPACK! Reason: Unsupported hardware.
[W104 19:50:46.677466943 NNPACK.cpp:56] Could not initialize NNPACK! Reason: Unsupported hardware.
[W104 19:50:46.678396013 NNPACK.cpp:56] Could not initialize NNPACK! Reason: Unsupported hardware.
[W104 19:50:46.684452596 NNPACK.cpp:56] Could not initialize NNPACK! Reason: Unsupported hardware.
[W104 19:50:46.686733430 NNPACK.cpp:56] Could not initialize NNPACK! Reason: Unsupported hardware.
[W104 19:50:46.691110466 NNPACK.cpp:56] Could not initialize NNPACK! Reason: Unsupported hardware.
[W104 19:50:46.692812954 NNPACK.cpp:56] Could not initialize NNPACK! Reason: Unsupported hardware.
[W104 19:50:46.697760756 NNPACK.cpp:56] Could not initialize NNPACK! Reason: Unsupported hardware.
[W104 19:50:46.700406363 NNPACK.cpp:56] Could not initialize NNPACK! Reason: Unsupported hardware.
[W104 19:50:46.704042232 NNPACK.cpp:56] Could not initialize NNPACK! Reason: Unsupported hardware.
[W104 19:50:46.706432096 NNPACK.cpp:56] Could not initialize NNPACK! Reason: Unsupported hardware.
[W104 19:50:46.709964164 NNPACK.cpp:56] Could not initialize NNPACK! Reason: Unsupported hardware.
[W104 19:50:46.720205281 NNPACK.cpp:56] Could not initialize NNPACK! Reason: Unsupported hardware.
[W104 19:50:46.733907225 NNPACK.cpp:56] Could not initialize NNPACK! Reason: Unsupported hardware.
[W104 19:50:46.738689145 NNPACK.cpp:56] Could not initialize NNPACK! Reason: Unsupported hardware.
[W104 19:50:46.743862889 NNPACK.cpp:56] Could not initialize NNPACK! Reason: Unsupported hardware.
[W104 19:50:46.745454156 NNPACK.cpp:56] Could not initialize NNPACK! Reason: Unsupported hardware.
[W104 19:50:46.745920331 NNPACK.cpp:56] Could not initialize NNPACK! Reason: Unsupported hardware.
[W104 19:50:46.748224375 NNPACK.cpp:56] Could not initialize NNPACK! Reason: Unsupported hardware.
[W104 19:50:46.749583089 NNPACK.cpp:56] Could not initialize NNPACK! Reason: Unsupported hardware.
0: 480x640 1 person, 1 suitcase, 113.4ms
Speed: 1.5ms preprocess, 113.4ms inference, 0.8ms postprocess per image at shape (1, 3, 480, 640)
INFO:     127.0.0.1:53044 - "POST /identify HTTP/1.1" 200 OK
Falling back to default species list

[W104 20:09:00.601130499 NNPACK.cpp:56] Could not initialize NNPACK! Reason: Unsupported hardware.
[W104 20:09:00.606683260 NNPACK.cpp:56] Could not initialize NNPACK! Reason: Unsupported hardware.
[W104 20:09:00.611242303 NNPACK.cpp:56] Could not initialize NNPACK! Reason: Unsupported hardware.
[W104 20:09:00.617947141 NNPACK.cpp:56] Could not initialize NNPACK! Reason: Unsupported hardware.
[W104 20:09:00.621994891 NNPACK.cpp:56] Could not initialize NNPACK! Reason: Unsupported hardware.
[W104 20:09:00.628096235 NNPACK.cpp:56] Could not initialize NNPACK! Reason: Unsupported hardware.
[W104 20:09:00.631865043 NNPACK.cpp:56] Could not initialize NNPACK! Reason: Unsupported hardware.
[W104 20:09:00.635206267 NNPACK.cpp:56] Could not initialize NNPACK! Reason: Unsupported hardware.
[W104 20:09:00.636156884 NNPACK.cpp:56] Could not initialize NNPACK! Reason: Unsupported hardware.
[W104 20:09:00.642105737 NNPACK.cpp:56] Could not initialize NNPACK! Reason: Unsupported hardware.
[W104 20:09:00.644379253 NNPACK.cpp:56] Could not initialize NNPACK! Reason: Unsupported hardware.
[W104 20:09:00.648683434 NNPACK.cpp:56] Could not initialize NNPACK! Reason: Unsupported hardware.
[W104 20:09:00.650406457 NNPACK.cpp:56] Could not initialize NNPACK! Reason: Unsupported hardware.
[W104 20:09:00.655379874 NNPACK.cpp:56] Could not initialize NNPACK! Reason: Unsupported hardware.
[W104 20:09:00.658038613 NNPACK.cpp:56] Could not initialize NNPACK! Reason: Unsupported hardware.
[W104 20:09:00.661619189 NNPACK.cpp:56] Could not initialize NNPACK! Reason: Unsupported hardware.
[W104 20:09:00.664028326 NNPACK.cpp:56] Could not initialize NNPACK! Reason: Unsupported hardware.
[W104 20:09:00.667526342 NNPACK.cpp:56] Could not initialize NNPACK! Reason: Unsupported hardware.
[W104 20:09:00.677640306 NNPACK.cpp:56] Could not initialize NNPACK! Reason: Unsupported hardware.
[W104 20:09:00.691448346 NNPACK.cpp:56] Could not initialize NNPACK! Reason: Unsupported hardware.
[W104 20:09:00.696199460 NNPACK.cpp:56] Could not initialize NNPACK! Reason: Unsupported hardware.
[W104 20:09:00.701358598 NNPACK.cpp:56] Could not initialize NNPACK! Reason: Unsupported hardware.
[W104 20:09:00.702970660 NNPACK.cpp:56] Could not initialize NNPACK! Reason: Unsupported hardware.
[W104 20:09:00.703482744 NNPACK.cpp:56] Could not initialize NNPACK! Reason: Unsupported hardware.
[W104 20:09:00.705828221 NNPACK.cpp:56] Could not initialize NNPACK! Reason: Unsupported hardware.
[W104 20:09:00.707223241 NNPACK.cpp:56] Could not initialize NNPACK! Reason: Unsupported hardware.
0: 480x640 1 person, 113.4ms
Speed: 1.5ms preprocess, 113.4ms inference, 0.8ms postprocess per image at shape (1, 3, 480, 640)
INFO:     127.0.0.1:41608 - "POST /identify HTTP/1.1" 200 OK
Falling back to default species list

[W104 20:09:08.748789434 NNPACK.cpp:56] Could not initialize NNPACK! Reason: Unsupported hardware.
[W104 20:09:08.754563626 NNPACK.cpp:56] Could not initialize NNPACK! Reason: Unsupported hardware.
[W104 20:09:08.759285180 NNPACK.cpp:56] Could not initialize NNPACK! Reason: Unsupported hardware.
[W104 20:09:08.766052929 NNPACK.cpp:56] Could not initialize NNPACK! Reason: Unsupported hardware.
[W104 20:09:08.770238289 NNPACK.cpp:56] Could not initialize NNPACK! Reason: Unsupported hardware.
[W104 20:09:08.776355914 NNPACK.cpp:56] Could not initialize NNPACK! Reason: Unsupported hardware.
[W104 20:09:08.780210222 NNPACK.cpp:56] Could not initialize NNPACK! Reason: Unsupported hardware.
[W104 20:09:08.783678698 NNPACK.cpp:56] Could not initialize NNPACK! Reason: Unsupported hardware.
[W104 20:09:08.784635265 NNPACK.cpp:56] Could not initialize NNPACK! Reason: Unsupported hardware.
[W104 20:09:08.790785120 NNPACK.cpp:56] Could not initialize NNPACK! Reason: Unsupported hardware.
[W104 20:09:08.793132067 NNPACK.cpp:56] Could not initialize NNPACK! Reason: Unsupported hardware.
[W104 20:09:08.797547979 NNPACK.cpp:56] Could not initialize NNPACK! Reason: Unsupported hardware.
[W104 20:09:08.799333122 NNPACK.cpp:56] Could not initialize NNPACK! Reason: Unsupported hardware.
[W104 20:09:08.804582271 NNPACK.cpp:56] Could not initialize NNPACK! Reason: Unsupported hardware.
[W104 20:09:08.807463231 NNPACK.cpp:56] Could not initialize NNPACK! Reason: Unsupported hardware.
[W104 20:09:08.811153058 NNPACK.cpp:56] Could not initialize NNPACK! Reason: Unsupported hardware.
[W104 20:09:08.813592596 NNPACK.cpp:56] Could not initialize NNPACK! Reason: Unsupported hardware.
[W104 20:09:08.817224382 NNPACK.cpp:56] Could not initialize NNPACK! Reason: Unsupported hardware.
[W104 20:09:08.827706939 NNPACK.cpp:56] Could not initialize NNPACK! Reason: Unsupported hardware.
[W104 20:09:08.841891482 NNPACK.cpp:56] Could not initialize NNPACK! Reason: Unsupported hardware.
[W104 20:09:08.846760478 NNPACK.cpp:56] Could not initialize NNPACK! Reason: Unsupported hardware.
[W104 20:09:08.852068976 NNPACK.cpp:56] Could not initialize NNPACK! Reason: Unsupported hardware.
[W104 20:09:08.853736738 NNPACK.cpp:56] Could not initialize NNPACK! Reason: Unsupported hardware.
[W104 20:09:08.854271072 NNPACK.cpp:56] Could not initialize NNPACK! Reason: Unsupported hardware.
[W104 20:09:08.856648450 NNPACK.cpp:56] Could not initialize NNPACK! Reason: Unsupported hardware.
[W104 20:09:08.858110090 NNPACK.cpp:56] Could not initialize NNPACK! Reason: Unsupported hardware.
0: 480x640 1 person, 116.9ms
Speed: 3.1ms preprocess, 116.9ms inference, 0.8ms postprocess per image at shape (1, 3, 480, 640)
INFO:     127.0.0.1:52292 - "POST /identify HTTP/1.1" 200 OK
Falling back to default species list

[W104 20:09:17.023345204 NNPACK.cpp:56] Could not initialize NNPACK! Reason: Unsupported hardware.
[W104 20:09:17.028947185 NNPACK.cpp:56] Could not initialize NNPACK! Reason: Unsupported hardware.
[W104 20:09:17.033641819 NNPACK.cpp:56] Could not initialize NNPACK! Reason: Unsupported hardware.
[W104 20:09:17.040425829 NNPACK.cpp:56] Could not initialize NNPACK! Reason: Unsupported hardware.
[W104 20:09:17.044488398 NNPACK.cpp:56] Could not initialize NNPACK! Reason: Unsupported hardware.
[W104 20:09:17.050463912 NNPACK.cpp:56] Could not initialize NNPACK! Reason: Unsupported hardware.
[W104 20:09:17.054165539 NNPACK.cpp:56] Could not initialize NNPACK! Reason: Unsupported hardware.
[W104 20:09:17.057440583 NNPACK.cpp:56] Could not initialize NNPACK! Reason: Unsupported hardware.
[W104 20:09:17.058359930 NNPACK.cpp:56] Could not initialize NNPACK! Reason: Unsupported hardware.
[W104 20:09:17.064307913 NNPACK.cpp:56] Could not initialize NNPACK! Reason: Unsupported hardware.
[W104 20:09:17.066555819 NNPACK.cpp:56] Could not initialize NNPACK! Reason: Unsupported hardware.
[W104 20:09:17.070882042 NNPACK.cpp:56] Could not initialize NNPACK! Reason: Unsupported hardware.
[W104 20:09:17.072560773 NNPACK.cpp:56] Could not initialize NNPACK! Reason: Unsupported hardware.
[W104 20:09:17.077545420 NNPACK.cpp:56] Could not initialize NNPACK! Reason: Unsupported hardware.
[W104 20:09:17.080241550 NNPACK.cpp:56] Could not initialize NNPACK! Reason: Unsupported hardware.
[W104 20:09:17.083852996 NNPACK.cpp:56] Could not initialize NNPACK! Reason: Unsupported hardware.
[W104 20:09:17.086182353 NNPACK.cpp:56] Could not initialize NNPACK! Reason: Unsupported hardware.
[W104 20:09:18.089658879 NNPACK.cpp:56] Could not initialize NNPACK! Reason: Unsupported hardware.
[W104 20:09:18.099729002 NNPACK.cpp:56] Could not initialize NNPACK! Reason: Unsupported hardware.
[W104 20:09:18.113503783 NNPACK.cpp:56] Could not initialize NNPACK! Reason: Unsupported hardware.
[W104 20:09:18.118222347 NNPACK.cpp:56] Could not initialize NNPACK! Reason: Unsupported hardware.
[W104 20:09:18.123386666 NNPACK.cpp:56] Could not initialize NNPACK! Reason: Unsupported hardware.
[W104 20:09:18.124946967 NNPACK.cpp:56] Could not initialize NNPACK! Reason: Unsupported hardware.
[W104 20:09:18.125440041 NNPACK.cpp:56] Could not initialize NNPACK! Reason: Unsupported hardware.
[W104 20:09:18.127724917 NNPACK.cpp:56] Could not initialize NNPACK! Reason: Unsupported hardware.
[W104 20:09:18.129112808 NNPACK.cpp:56] Could not initialize NNPACK! Reason: Unsupported hardware.
0: 480x640 1 person, 113.0ms
Speed: 1.6ms preprocess, 113.0ms inference, 0.8ms postprocess per image at shape (1, 3, 480, 640)
INFO:     127.0.0.1:36566 - "POST /identify HTTP/1.1" 200 OK
Falling back to default species list

[W104 20:09:26.758030574 NNPACK.cpp:56] Could not initialize NNPACK! Reason: Unsupported hardware.
[W104 20:09:26.763528535 NNPACK.cpp:56] Could not initialize NNPACK! Reason: Unsupported hardware.
[W104 20:09:26.768034848 NNPACK.cpp:56] Could not initialize NNPACK! Reason: Unsupported hardware.
[W104 20:09:26.774644746 NNPACK.cpp:56] Could not initialize NNPACK! Reason: Unsupported hardware.
[W104 20:09:26.778706675 NNPACK.cpp:56] Could not initialize NNPACK! Reason: Unsupported hardware.
[W104 20:09:26.784637769 NNPACK.cpp:56] Could not initialize NNPACK! Reason: Unsupported hardware.
[W104 20:09:26.788346166 NNPACK.cpp:56] Could not initialize NNPACK! Reason: Unsupported hardware.
[W104 20:09:26.792614697 NNPACK.cpp:56] Could not initialize NNPACK! Reason: Unsupported hardware.
[W104 20:09:26.793545495 NNPACK.cpp:56] Could not initialize NNPACK! Reason: Unsupported hardware.
[W104 20:09:26.799444008 NNPACK.cpp:56] Could not initialize NNPACK! Reason: Unsupported hardware.
[W104 20:09:26.801668814 NNPACK.cpp:56] Could not initialize NNPACK! Reason: Unsupported hardware.
[W104 20:09:26.805928545 NNPACK.cpp:56] Could not initialize NNPACK! Reason: Unsupported hardware.
[W104 20:09:26.807623648 NNPACK.cpp:56] Could not initialize NNPACK! Reason: Unsupported hardware.
[W104 20:09:26.812496243 NNPACK.cpp:56] Could not initialize NNPACK! Reason: Unsupported hardware.
[W104 20:09:26.815159363 NNPACK.cpp:56] Could not initialize NNPACK! Reason: Unsupported hardware.
[W104 20:09:26.818695198 NNPACK.cpp:56] Could not initialize NNPACK! Reason: Unsupported hardware.
[W104 20:09:26.821063527 NNPACK.cpp:56] Could not initialize NNPACK! Reason: Unsupported hardware.
[W104 20:09:26.832263968 NNPACK.cpp:56] Could not initialize NNPACK! Reason: Unsupported hardware.
[W104 20:09:26.842339362 NNPACK.cpp:56] Could not initialize NNPACK! Reason: Unsupported hardware.
[W104 20:09:26.856039842 NNPACK.cpp:56] Could not initialize NNPACK! Reason: Unsupported hardware.
[W104 20:09:26.860720886 NNPACK.cpp:56] Could not initialize NNPACK! Reason: Unsupported hardware.
[W104 20:09:26.865889605 NNPACK.cpp:56] Could not initialize NNPACK! Reason: Unsupported hardware.
[W104 20:09:26.867530187 NNPACK.cpp:56] Could not initialize NNPACK! Reason: Unsupported hardware.
[W104 20:09:26.868049580 NNPACK.cpp:56] Could not initialize NNPACK! Reason: Unsupported hardware.
[W104 20:09:26.870337327 NNPACK.cpp:56] Could not initialize NNPACK! Reason: Unsupported hardware.
[W104 20:09:26.871799198 NNPACK.cpp:56] Could not initialize NNPACK! Reason: Unsupported hardware.
0: 480x640 1 person, 121.0ms
Speed: 1.4ms preprocess, 121.0ms inference, 0.8ms postprocess per image at shape (1, 3, 480, 640)
INFO:     127.0.0.1:59304 - "POST /identify HTTP/1.1" 200 OK
Falling back to default species list

[W104 20:09:35.499898771 NNPACK.cpp:56] Could not initialize NNPACK! Reason: Unsupported hardware.
[W104 20:09:35.505506373 NNPACK.cpp:56] Could not initialize NNPACK! Reason: Unsupported hardware.
[W104 20:09:35.510281547 NNPACK.cpp:56] Could not initialize NNPACK! Reason: Unsupported hardware.
[W104 20:09:35.517013157 NNPACK.cpp:56] Could not initialize NNPACK! Reason: Unsupported hardware.
[W104 20:09:35.521057386 NNPACK.cpp:56] Could not initialize NNPACK! Reason: Unsupported hardware.
[W104 20:09:35.527036500 NNPACK.cpp:56] Could not initialize NNPACK! Reason: Unsupported hardware.
[W104 20:09:35.530730767 NNPACK.cpp:56] Could not initialize NNPACK! Reason: Unsupported hardware.
[W104 20:09:35.534025492 NNPACK.cpp:56] Could not initialize NNPACK! Reason: Unsupported hardware.
[W104 20:09:35.534957978 NNPACK.cpp:56] Could not initialize NNPACK! Reason: Unsupported hardware.
[W104 20:09:35.540951112 NNPACK.cpp:56] Could not initialize NNPACK! Reason: Unsupported hardware.
[W104 20:09:35.543240900 NNPACK.cpp:56] Could not initialize NNPACK! Reason: Unsupported hardware.
[W104 20:09:35.547534191 NNPACK.cpp:56] Could not initialize NNPACK! Reason: Unsupported hardware.
[W104 20:09:35.549230604 NNPACK.cpp:56] Could not initialize NNPACK! Reason: Unsupported hardware.
[W104 20:09:35.554130540 NNPACK.cpp:56] Could not initialize NNPACK! Reason: Unsupported hardware.
[W104 20:09:35.556842549 NNPACK.cpp:56] Could not initialize NNPACK! Reason: Unsupported hardware.
[W104 20:09:35.560449046 NNPACK.cpp:56] Could not initialize NNPACK! Reason: Unsupported hardware.
[W104 20:09:35.562848153 NNPACK.cpp:56] Could not initialize NNPACK! Reason: Unsupported hardware.
[W104 20:09:35.566301739 NNPACK.cpp:56] Could not initialize NNPACK! Reason: Unsupported hardware.
[W104 20:09:35.576466484 NNPACK.cpp:56] Could not initialize NNPACK! Reason: Unsupported hardware.
[W104 20:09:35.590269615 NNPACK.cpp:56] Could not initialize NNPACK! Reason: Unsupported hardware.
[W104 20:09:35.594944009 NNPACK.cpp:56] Could not initialize NNPACK! Reason: Unsupported hardware.
[W104 20:09:35.600150538 NNPACK.cpp:56] Could not initialize NNPACK! Reason: Unsupported hardware.
[W104 20:09:35.601735180 NNPACK.cpp:56] Could not initialize NNPACK! Reason: Unsupported hardware.
[W104 20:09:35.602243653 NNPACK.cpp:56] Could not initialize NNPACK! Reason: Unsupported hardware.
[W104 20:09:35.604548500 NNPACK.cpp:56] Could not initialize NNPACK! Reason: Unsupported hardware.
[W104 20:09:35.605924960 NNPACK.cpp:56] Could not initialize NNPACK! Reason: Unsupported hardware.
0: 480x640 1 person, 113.3ms
Speed: 1.6ms preprocess, 113.3ms inference, 0.8ms postprocess per image at shape (1, 3, 480, 640)
INFO:     127.0.0.1:42568 - "POST /identify HTTP/1.1" 200 OK
Falling back to default species list

[W104 20:10:01.653084103 NNPACK.cpp:56] Could not initialize NNPACK! Reason: Unsupported hardware.
[W104 20:10:01.658776816 NNPACK.cpp:56] Could not initialize NNPACK! Reason: Unsupported hardware.
[W104 20:10:01.663441971 NNPACK.cpp:56] Could not initialize NNPACK! Reason: Unsupported hardware.
[W104 20:10:01.670550363 NNPACK.cpp:56] Could not initialize NNPACK! Reason: Unsupported hardware.
[W104 20:10:01.674696533 NNPACK.cpp:56] Could not initialize NNPACK! Reason: Unsupported hardware.
[W104 20:10:01.680941249 NNPACK.cpp:56] Could not initialize NNPACK! Reason: Unsupported hardware.
[W104 20:10:01.684848208 NNPACK.cpp:56] Could not initialize NNPACK! Reason: Unsupported hardware.
[W104 20:10:01.688221484 NNPACK.cpp:56] Could not initialize NNPACK! Reason: Unsupported hardware.
[W104 20:10:01.689185990 NNPACK.cpp:56] Could not initialize NNPACK! Reason: Unsupported hardware.
[W104 20:10:01.695380797 NNPACK.cpp:56] Could not initialize NNPACK! Reason: Unsupported hardware.
[W104 20:10:01.697692204 NNPACK.cpp:56] Could not initialize NNPACK! Reason: Unsupported hardware.
[W104 20:10:01.702108276 NNPACK.cpp:56] Could not initialize NNPACK! Reason: Unsupported hardware.
[W104 20:10:01.703828169 NNPACK.cpp:56] Could not initialize NNPACK! Reason: Unsupported hardware.
[W104 20:10:01.708856456 NNPACK.cpp:56] Could not initialize NNPACK! Reason: Unsupported hardware.
[W104 20:10:01.711651947 NNPACK.cpp:56] Could not initialize NNPACK! Reason: Unsupported hardware.
[W104 20:10:01.715309864 NNPACK.cpp:56] Could not initialize NNPACK! Reason: Unsupported hardware.
[W104 20:10:01.717762752 NNPACK.cpp:56] Could not initialize NNPACK! Reason: Unsupported hardware.
[W104 20:10:01.721334708 NNPACK.cpp:56] Could not initialize NNPACK! Reason: Unsupported hardware.
[W104 20:10:01.731493724 NNPACK.cpp:56] Could not initialize NNPACK! Reason: Unsupported hardware.
[W104 20:10:01.745421327 NNPACK.cpp:56] Could not initialize NNPACK! Reason: Unsupported hardware.
[W104 20:10:01.750340363 NNPACK.cpp:56] Could not initialize NNPACK! Reason: Unsupported hardware.
[W104 20:10:01.755598512 NNPACK.cpp:56] Could not initialize NNPACK! Reason: Unsupported hardware.
[W104 20:10:01.757252884 NNPACK.cpp:56] Could not initialize NNPACK! Reason: Unsupported hardware.
[W104 20:10:01.757753688 NNPACK.cpp:56] Could not initialize NNPACK! Reason: Unsupported hardware.
[W104 20:10:01.760128486 NNPACK.cpp:56] Could not initialize NNPACK! Reason: Unsupported hardware.
[W104 20:10:01.761501716 NNPACK.cpp:56] Could not initialize NNPACK! Reason: Unsupported hardware.
0: 480x640 1 person, 116.1ms
Speed: 1.5ms preprocess, 116.1ms inference, 0.8ms postprocess per image at shape (1, 3, 480, 640)
INFO:     127.0.0.1:32984 - "POST /identify HTTP/1.1" 200 OK
Falling back to default species list

[W104 20:10:09.809434820 NNPACK.cpp:56] Could not initialize NNPACK! Reason: Unsupported hardware.
[W104 20:10:09.815346324 NNPACK.cpp:56] Could not initialize NNPACK! Reason: Unsupported hardware.
[W104 20:10:09.819909267 NNPACK.cpp:56] Could not initialize NNPACK! Reason: Unsupported hardware.
[W104 20:10:09.826576546 NNPACK.cpp:56] Could not initialize NNPACK! Reason: Unsupported hardware.
[W104 20:10:09.830597386 NNPACK.cpp:56] Could not initialize NNPACK! Reason: Unsupported hardware.
[W104 20:10:09.836599301 NNPACK.cpp:56] Could not initialize NNPACK! Reason: Unsupported hardware.
[W104 20:10:09.840269518 NNPACK.cpp:56] Could not initialize NNPACK! Reason: Unsupported hardware.
[W104 20:10:09.843468942 NNPACK.cpp:56] Could not initialize NNPACK! Reason: Unsupported hardware.
[W104 20:10:09.844391539 NNPACK.cpp:56] Could not initialize NNPACK! Reason: Unsupported hardware.
[W104 20:10:09.850464824 NNPACK.cpp:56] Could not initialize NNPACK! Reason: Unsupported hardware.
[W104 20:10:09.852656620 NNPACK.cpp:56] Could not initialize NNPACK! Reason: Unsupported hardware.
[W104 20:10:09.856948931 NNPACK.cpp:56] Could not initialize NNPACK! Reason: Unsupported hardware.
[W104 20:10:09.858611934 NNPACK.cpp:56] Could not initialize NNPACK! Reason: Unsupported hardware.
[W104 20:10:09.863516921 NNPACK.cpp:56] Could not initialize NNPACK! Reason: Unsupported hardware.
[W104 20:10:09.866204980 NNPACK.cpp:56] Could not initialize NNPACK! Reason: Unsupported hardware.
[W104 20:10:09.869782217 NNPACK.cpp:56] Could not initialize NNPACK! Reason: Unsupported hardware.
[W104 20:10:09.872131344 NNPACK.cpp:56] Could not initialize NNPACK! Reason: Unsupported hardware.
[W104 20:10:09.875574890 NNPACK.cpp:56] Could not initialize NNPACK! Reason: Unsupported hardware.
[W104 20:10:09.885636215 NNPACK.cpp:56] Could not initialize NNPACK! Reason: Unsupported hardware.
[W104 20:10:09.899378047 NNPACK.cpp:56] Could not initialize NNPACK! Reason: Unsupported hardware.
[W104 20:10:09.904059321 NNPACK.cpp:56] Could not initialize NNPACK! Reason: Unsupported hardware.
[W104 20:10:09.909237270 NNPACK.cpp:56] Could not initialize NNPACK! Reason: Unsupported hardware.
[W104 20:10:09.910814001 NNPACK.cpp:56] Could not initialize NNPACK! Reason: Unsupported hardware.
[W104 20:10:09.911322155 NNPACK.cpp:56] Could not initialize NNPACK! Reason: Unsupported hardware.
[W104 20:10:09.913581952 NNPACK.cpp:56] Could not initialize NNPACK! Reason: Unsupported hardware.
[W104 20:10:09.914923481 NNPACK.cpp:56] Could not initialize NNPACK! Reason: Unsupported hardware.
0: 480x640 1 person, 112.8ms
Speed: 1.5ms preprocess, 112.8ms inference, 0.8ms postprocess per image at shape (1, 3, 480, 640)
INFO:     127.0.0.1:32988 - "POST /identify HTTP/1.1" 200 OK
Falling back to default species list

[W104 20:10:18.639692404 NNPACK.cpp:56] Could not initialize NNPACK! Reason: Unsupported hardware.
[W104 20:10:18.645139903 NNPACK.cpp:56] Could not initialize NNPACK! Reason: Unsupported hardware.
[W104 20:10:18.649560917 NNPACK.cpp:56] Could not initialize NNPACK! Reason: Unsupported hardware.
[W104 20:10:18.656147596 NNPACK.cpp:56] Could not initialize NNPACK! Reason: Unsupported hardware.
[W104 20:10:18.660150125 NNPACK.cpp:56] Could not initialize NNPACK! Reason: Unsupported hardware.
[W104 20:10:18.666057649 NNPACK.cpp:56] Could not initialize NNPACK! Reason: Unsupported hardware.
[W104 20:10:18.669705787 NNPACK.cpp:56] Could not initialize NNPACK! Reason: Unsupported hardware.
[W104 20:10:18.672972370 NNPACK.cpp:56] Could not initialize NNPACK! Reason: Unsupported hardware.
[W104 20:10:18.673906928 NNPACK.cpp:56] Could not initialize NNPACK! Reason: Unsupported hardware.
[W104 20:10:18.679993703 NNPACK.cpp:56] Could not initialize NNPACK! Reason: Unsupported hardware.
[W104 20:10:18.682232139 NNPACK.cpp:56] Could not initialize NNPACK! Reason: Unsupported hardware.
[W104 20:10:18.686435090 NNPACK.cpp:56] Could not initialize NNPACK! Reason: Unsupported hardware.
[W104 20:10:18.688123643 NNPACK.cpp:56] Could not initialize NNPACK! Reason: Unsupported hardware.
[W104 20:10:18.693059349 NNPACK.cpp:56] Could not initialize NNPACK! Reason: Unsupported hardware.
[W104 20:10:18.695735290 NNPACK.cpp:56] Could not initialize NNPACK! Reason: Unsupported hardware.
[W104 20:10:18.699269016 NNPACK.cpp:56] Could not initialize NNPACK! Reason: Unsupported hardware.
[W104 20:10:18.701579003 NNPACK.cpp:56] Could not initialize NNPACK! Reason: Unsupported hardware.
[W104 20:10:18.705028418 NNPACK.cpp:56] Could not initialize NNPACK! Reason: Unsupported hardware.
[W104 20:10:18.715030062 NNPACK.cpp:56] Could not initialize NNPACK! Reason: Unsupported hardware.
[W104 20:10:18.728616674 NNPACK.cpp:56] Could not initialize NNPACK! Reason: Unsupported hardware.
[W104 20:10:18.733441980 NNPACK.cpp:56] Could not initialize NNPACK! Reason: Unsupported hardware.
[W104 20:10:18.738569908 NNPACK.cpp:56] Could not initialize NNPACK! Reason: Unsupported hardware.
[W104 20:10:18.740154900 NNPACK.cpp:56] Could not initialize NNPACK! Reason: Unsupported hardware.
[W104 20:10:18.740630893 NNPACK.cpp:56] Could not initialize NNPACK! Reason: Unsupported hardware.
[W104 20:10:18.742898600 NNPACK.cpp:56] Could not initialize NNPACK! Reason: Unsupported hardware.
[W104 20:10:18.744303730 NNPACK.cpp:56] Could not initialize NNPACK! Reason: Unsupported hardware.
0: 480x640 1 person, 1 tv, 111.8ms
Speed: 1.4ms preprocess, 111.8ms inference, 0.8ms postprocess per image at shape (1, 3, 480, 640)
INFO:     127.0.0.1:43418 - "POST /identify HTTP/1.1" 200 OK
Falling back to default species list

[W104 20:10:27.484654927 NNPACK.cpp:56] Could not initialize NNPACK! Reason: Unsupported hardware.
[W104 20:10:27.490535411 NNPACK.cpp:56] Could not initialize NNPACK! Reason: Unsupported hardware.
[W104 20:10:27.495672270 NNPACK.cpp:56] Could not initialize NNPACK! Reason: Unsupported hardware.
[W104 20:10:27.502760192 NNPACK.cpp:56] Could not initialize NNPACK! Reason: Unsupported hardware.
[W104 20:10:27.507093714 NNPACK.cpp:56] Could not initialize NNPACK! Reason: Unsupported hardware.
[W104 20:10:27.513282750 NNPACK.cpp:56] Could not initialize NNPACK! Reason: Unsupported hardware.
[W104 20:10:27.517172899 NNPACK.cpp:56] Could not initialize NNPACK! Reason: Unsupported hardware.
[W104 20:10:27.520547924 NNPACK.cpp:56] Could not initialize NNPACK! Reason: Unsupported hardware.
[W104 20:10:27.521576663 NNPACK.cpp:56] Could not initialize NNPACK! Reason: Unsupported hardware.
[W104 20:10:27.527770369 NNPACK.cpp:56] Could not initialize NNPACK! Reason: Unsupported hardware.
[W104 20:10:27.530372748 NNPACK.cpp:56] Could not initialize NNPACK! Reason: Unsupported hardware.
[W104 20:10:27.534851171 NNPACK.cpp:56] Could not initialize NNPACK! Reason: Unsupported hardware.
[W104 20:10:27.536718275 NNPACK.cpp:56] Could not initialize NNPACK! Reason: Unsupported hardware.
[W104 20:10:27.542383297 NNPACK.cpp:56] Could not initialize NNPACK! Reason: Unsupported hardware.
[W104 20:10:27.545319558 NNPACK.cpp:56] Could not initialize NNPACK! Reason: Unsupported hardware.
[W104 20:10:27.549091857 NNPACK.cpp:56] Could not initialize NNPACK! Reason: Unsupported hardware.
[W104 20:10:27.551563686 NNPACK.cpp:56] Could not initialize NNPACK! Reason: Unsupported hardware.
[W104 20:10:27.555186762 NNPACK.cpp:56] Could not initialize NNPACK! Reason: Unsupported hardware.
[W104 20:10:27.565482159 NNPACK.cpp:56] Could not initialize NNPACK! Reason: Unsupported hardware.
[W104 20:10:27.579650085 NNPACK.cpp:56] Could not initialize NNPACK! Reason: Unsupported hardware.
[W104 20:10:27.584845843 NNPACK.cpp:56] Could not initialize NNPACK! Reason: Unsupported hardware.
[W104 20:10:27.590171703 NNPACK.cpp:56] Could not initialize NNPACK! Reason: Unsupported hardware.
[W104 20:10:27.591813965 NNPACK.cpp:56] Could not initialize NNPACK! Reason: Unsupported hardware.
[W104 20:10:27.592326389 NNPACK.cpp:56] Could not initialize NNPACK! Reason: Unsupported hardware.
[W104 20:10:27.594668436 NNPACK.cpp:56] Could not initialize NNPACK! Reason: Unsupported hardware.
[W104 20:10:27.596102877 NNPACK.cpp:56] Could not initialize NNPACK! Reason: Unsupported hardware.
0: 480x640 1 person, 118.9ms
Speed: 1.6ms preprocess, 118.9ms inference, 0.8ms postprocess per image at shape (1, 3, 480, 640)
INFO:     127.0.0.1:34356 - "POST /identify HTTP/1.1" 200 OK
Falling back to default species list

[W104 20:10:35.026724901 NNPACK.cpp:56] Could not initialize NNPACK! Reason: Unsupported hardware.
[W104 20:10:35.032338773 NNPACK.cpp:56] Could not initialize NNPACK! Reason: Unsupported hardware.
[W104 20:10:35.036943557 NNPACK.cpp:56] Could not initialize NNPACK! Reason: Unsupported hardware.
[W104 20:10:35.043613457 NNPACK.cpp:56] Could not initialize NNPACK! Reason: Unsupported hardware.
[W104 20:10:35.047658407 NNPACK.cpp:56] Could not initialize NNPACK! Reason: Unsupported hardware.
[W104 20:10:35.053601822 NNPACK.cpp:56] Could not initialize NNPACK! Reason: Unsupported hardware.
[W104 20:10:35.057474431 NNPACK.cpp:56] Could not initialize NNPACK! Reason: Unsupported hardware.
[W104 20:10:35.060730934 NNPACK.cpp:56] Could not initialize NNPACK! Reason: Unsupported hardware.
[W104 20:10:35.061643632 NNPACK.cpp:56] Could not initialize NNPACK! Reason: Unsupported hardware.
[W104 20:10:35.067756317 NNPACK.cpp:56] Could not initialize NNPACK! Reason: Unsupported hardware.
[W104 20:10:35.070022004 NNPACK.cpp:56] Could not initialize NNPACK! Reason: Unsupported hardware.
[W104 20:10:35.074295716 NNPACK.cpp:56] Could not initialize NNPACK! Reason: Unsupported hardware.
[W104 20:10:35.075993239 NNPACK.cpp:56] Could not initialize NNPACK! Reason: Unsupported hardware.
[W104 20:10:35.080935885 NNPACK.cpp:56] Could not initialize NNPACK! Reason: Unsupported hardware.
[W104 20:10:35.083561555 NNPACK.cpp:56] Could not initialize NNPACK! Reason: Unsupported hardware.
[W104 20:10:35.087159331 NNPACK.cpp:56] Could not initialize NNPACK! Reason: Unsupported hardware.
[W104 20:10:36.089549700 NNPACK.cpp:56] Could not initialize NNPACK! Reason: Unsupported hardware.
[W104 20:10:36.093220836 NNPACK.cpp:56] Could not initialize NNPACK! Reason: Unsupported hardware.
[W104 20:10:36.103282922 NNPACK.cpp:56] Could not initialize NNPACK! Reason: Unsupported hardware.
[W104 20:10:36.117688890 NNPACK.cpp:56] Could not initialize NNPACK! Reason: Unsupported hardware.
[W104 20:10:36.122382224 NNPACK.cpp:56] Could not initialize NNPACK! Reason: Unsupported hardware.
[W104 20:10:36.127517323 NNPACK.cpp:56] Could not initialize NNPACK! Reason: Unsupported hardware.
[W104 20:10:36.129113084 NNPACK.cpp:56] Could not initialize NNPACK! Reason: Unsupported hardware.
[W104 20:10:36.129578609 NNPACK.cpp:56] Could not initialize NNPACK! Reason: Unsupported hardware.
[W104 20:10:36.131823015 NNPACK.cpp:56] Could not initialize NNPACK! Reason: Unsupported hardware.
[W104 20:10:36.133182645 NNPACK.cpp:56] Could not initialize NNPACK! Reason: Unsupported hardware.
0: 480x640 1 person, 113.7ms
Speed: 1.4ms preprocess, 113.7ms inference, 0.8ms postprocess per image at shape (1, 3, 480, 640)
INFO:     127.0.0.1:39442 - "POST /identify HTTP/1.1" 200 OK
Falling back to default species list

[W104 20:11:01.085067655 NNPACK.cpp:56] Could not initialize NNPACK! Reason: Unsupported hardware.
[W104 20:11:02.091163080 NNPACK.cpp:56] Could not initialize NNPACK! Reason: Unsupported hardware.
[W104 20:11:02.095969247 NNPACK.cpp:56] Could not initialize NNPACK! Reason: Unsupported hardware.
[W104 20:11:02.103075580 NNPACK.cpp:56] Could not initialize NNPACK! Reason: Unsupported hardware.
[W104 20:11:02.107224891 NNPACK.cpp:56] Could not initialize NNPACK! Reason: Unsupported hardware.
[W104 20:11:02.113230776 NNPACK.cpp:56] Could not initialize NNPACK! Reason: Unsupported hardware.
[W104 20:11:02.117065695 NNPACK.cpp:56] Could not initialize NNPACK! Reason: Unsupported hardware.
[W104 20:11:02.120498821 NNPACK.cpp:56] Could not initialize NNPACK! Reason: Unsupported hardware.
[W104 20:11:02.121466798 NNPACK.cpp:56] Could not initialize NNPACK! Reason: Unsupported hardware.
[W104 20:11:02.127788496 NNPACK.cpp:56] Could not initialize NNPACK! Reason: Unsupported hardware.
[W104 20:11:02.130127893 NNPACK.cpp:56] Could not initialize NNPACK! Reason: Unsupported hardware.
[W104 20:11:02.134553656 NNPACK.cpp:56] Could not initialize NNPACK! Reason: Unsupported hardware.
[W104 20:11:02.136362310 NNPACK.cpp:56] Could not initialize NNPACK! Reason: Unsupported hardware.
[W104 20:11:02.141422967 NNPACK.cpp:56] Could not initialize NNPACK! Reason: Unsupported hardware.
[W104 20:11:02.144258569 NNPACK.cpp:56] Could not initialize NNPACK! Reason: Unsupported hardware.
[W104 20:11:02.147962297 NNPACK.cpp:56] Could not initialize NNPACK! Reason: Unsupported hardware.
[W104 20:11:02.150464826 NNPACK.cpp:56] Could not initialize NNPACK! Reason: Unsupported hardware.
[W104 20:11:02.154098713 NNPACK.cpp:56] Could not initialize NNPACK! Reason: Unsupported hardware.
[W104 20:11:02.164353050 NNPACK.cpp:56] Could not initialize NNPACK! Reason: Unsupported hardware.
[W104 20:11:02.178414406 NNPACK.cpp:56] Could not initialize NNPACK! Reason: Unsupported hardware.
[W104 20:11:02.183258751 NNPACK.cpp:56] Could not initialize NNPACK! Reason: Unsupported hardware.
[W104 20:11:02.188522521 NNPACK.cpp:56] Could not initialize NNPACK! Reason: Unsupported hardware.
[W104 20:11:02.190345865 NNPACK.cpp:56] Could not initialize NNPACK! Reason: Unsupported hardware.
[W104 20:11:02.190843629 NNPACK.cpp:56] Could not initialize NNPACK! Reason: Unsupported hardware.
[W104 20:11:02.193217816 NNPACK.cpp:56] Could not initialize NNPACK! Reason: Unsupported hardware.
[W104 20:11:02.194650047 NNPACK.cpp:56] Could not initialize NNPACK! Reason: Unsupported hardware.
0: 480x640 (no detections), 117.1ms
Speed: 1.5ms preprocess, 117.1ms inference, 0.5ms postprocess per image at shape (1, 3, 480, 640)
INFO:     127.0.0.1:49520 - "POST /identify HTTP/1.1" 200 OK
Falling back to default species list

[W104 20:11:10.405733893 NNPACK.cpp:56] Could not initialize NNPACK! Reason: Unsupported hardware.
[W104 20:11:10.411533577 NNPACK.cpp:56] Could not initialize NNPACK! Reason: Unsupported hardware.
[W104 20:11:10.416371713 NNPACK.cpp:56] Could not initialize NNPACK! Reason: Unsupported hardware.
[W104 20:11:10.422953012 NNPACK.cpp:56] Could not initialize NNPACK! Reason: Unsupported hardware.
[W104 20:11:10.427039783 NNPACK.cpp:56] Could not initialize NNPACK! Reason: Unsupported hardware.
[W104 20:11:10.433073758 NNPACK.cpp:56] Could not initialize NNPACK! Reason: Unsupported hardware.
[W104 20:11:10.436869897 NNPACK.cpp:56] Could not initialize NNPACK! Reason: Unsupported hardware.
[W104 20:11:10.440144302 NNPACK.cpp:56] Could not initialize NNPACK! Reason: Unsupported hardware.
[W104 20:11:10.441157259 NNPACK.cpp:56] Could not initialize NNPACK! Reason: Unsupported hardware.
[W104 20:11:10.447417417 NNPACK.cpp:56] Could not initialize NNPACK! Reason: Unsupported hardware.
[W104 20:11:10.449778824 NNPACK.cpp:56] Could not initialize NNPACK! Reason: Unsupported hardware.
[W104 20:11:10.454209508 NNPACK.cpp:56] Could not initialize NNPACK! Reason: Unsupported hardware.
[W104 20:11:10.456136742 NNPACK.cpp:56] Could not initialize NNPACK! Reason: Unsupported hardware.
[W104 20:11:10.461399352 NNPACK.cpp:56] Could not initialize NNPACK! Reason: Unsupported hardware.
[W104 20:11:10.464244873 NNPACK.cpp:56] Could not initialize NNPACK! Reason: Unsupported hardware.
[W104 20:11:10.467852290 NNPACK.cpp:56] Could not initialize NNPACK! Reason: Unsupported hardware.
[W104 20:11:10.470313169 NNPACK.cpp:56] Could not initialize NNPACK! Reason: Unsupported hardware.
[W104 20:11:10.473991106 NNPACK.cpp:56] Could not initialize NNPACK! Reason: Unsupported hardware.
[W104 20:11:10.484553505 NNPACK.cpp:56] Could not initialize NNPACK! Reason: Unsupported hardware.
[W104 20:11:10.498721702 NNPACK.cpp:56] Could not initialize NNPACK! Reason: Unsupported hardware.
[W104 20:11:10.503478338 NNPACK.cpp:56] Could not initialize NNPACK! Reason: Unsupported hardware.
[W104 20:11:10.508677187 NNPACK.cpp:56] Could not initialize NNPACK! Reason: Unsupported hardware.
[W104 20:11:10.510494090 NNPACK.cpp:56] Could not initialize NNPACK! Reason: Unsupported hardware.
[W104 20:11:10.510990114 NNPACK.cpp:56] Could not initialize NNPACK! Reason: Unsupported hardware.
[W104 20:11:10.513509964 NNPACK.cpp:56] Could not initialize NNPACK! Reason: Unsupported hardware.
[W104 20:11:10.514980654 NNPACK.cpp:56] Could not initialize NNPACK! Reason: Unsupported hardware.
0: 480x640 1 person, 116.8ms
Speed: 1.4ms preprocess, 116.8ms inference, 1.0ms postprocess per image at shape (1, 3, 480, 640)
INFO:     127.0.0.1:49536 - "POST /identify HTTP/1.1" 200 OK
Falling back to default species list

[W104 20:11:19.006601026 NNPACK.cpp:56] Could not initialize NNPACK! Reason: Unsupported hardware.
[W104 20:11:19.012463701 NNPACK.cpp:56] Could not initialize NNPACK! Reason: Unsupported hardware.
[W104 20:11:19.017181156 NNPACK.cpp:56] Could not initialize NNPACK! Reason: Unsupported hardware.
[W104 20:11:19.024087268 NNPACK.cpp:56] Could not initialize NNPACK! Reason: Unsupported hardware.
[W104 20:11:19.028216019 NNPACK.cpp:56] Could not initialize NNPACK! Reason: Unsupported hardware.
[W104 20:11:19.034317455 NNPACK.cpp:56] Could not initialize NNPACK! Reason: Unsupported hardware.
[W104 20:11:19.038081774 NNPACK.cpp:56] Could not initialize NNPACK! Reason: Unsupported hardware.
[W104 20:11:19.041467209 NNPACK.cpp:56] Could not initialize NNPACK! Reason: Unsupported hardware.
[W104 20:11:19.042421916 NNPACK.cpp:56] Could not initialize NNPACK! Reason: Unsupported hardware.
[W104 20:11:19.048586293 NNPACK.cpp:56] Could not initialize NNPACK! Reason: Unsupported hardware.
[W104 20:11:19.050892830 NNPACK.cpp:56] Could not initialize NNPACK! Reason: Unsupported hardware.
[W104 20:11:19.055292163 NNPACK.cpp:56] Could not initialize NNPACK! Reason: Unsupported hardware.
[W104 20:11:19.057032606 NNPACK.cpp:56] Could not initialize NNPACK! Reason: Unsupported hardware.
[W104 20:11:19.062028813 NNPACK.cpp:56] Could not initialize NNPACK! Reason: Unsupported hardware.
[W104 20:11:19.064750114 NNPACK.cpp:56] Could not initialize NNPACK! Reason: Unsupported hardware.
[W104 20:11:19.068411302 NNPACK.cpp:56] Could not initialize NNPACK! Reason: Unsupported hardware.
[W104 20:11:19.070760700 NNPACK.cpp:56] Could not initialize NNPACK! Reason: Unsupported hardware.
[W104 20:11:19.074344867 NNPACK.cpp:56] Could not initialize NNPACK! Reason: Unsupported hardware.
[W104 20:11:19.084445843 NNPACK.cpp:56] Could not initialize NNPACK! Reason: Unsupported hardware.
[W104 20:11:20.098261177 NNPACK.cpp:56] Could not initialize NNPACK! Reason: Unsupported hardware.
[W104 20:11:20.103042393 NNPACK.cpp:56] Could not initialize NNPACK! Reason: Unsupported hardware.
[W104 20:11:20.108191192 NNPACK.cpp:56] Could not initialize NNPACK! Reason: Unsupported hardware.
[W104 20:11:20.109772673 NNPACK.cpp:56] Could not initialize NNPACK! Reason: Unsupported hardware.
[W104 20:11:20.110273098 NNPACK.cpp:56] Could not initialize NNPACK! Reason: Unsupported hardware.
[W104 20:11:20.112583385 NNPACK.cpp:56] Could not initialize NNPACK! Reason: Unsupported hardware.
[W104 20:11:20.113976015 NNPACK.cpp:56] Could not initialize NNPACK! Reason: Unsupported hardware.
0: 480x640 1 person, 115.7ms
Speed: 1.6ms preprocess, 115.7ms inference, 0.8ms postprocess per image at shape (1, 3, 480, 640)
INFO:     127.0.0.1:35026 - "POST /identify HTTP/1.1" 200 OK
Falling back to default species list

[W104 20:11:28.657119028 NNPACK.cpp:56] Could not initialize NNPACK! Reason: Unsupported hardware.
[W104 20:11:28.662827561 NNPACK.cpp:56] Could not initialize NNPACK! Reason: Unsupported hardware.
[W104 20:11:28.667613226 NNPACK.cpp:56] Could not initialize NNPACK! Reason: Unsupported hardware.
[W104 20:11:28.674423809 NNPACK.cpp:56] Could not initialize NNPACK! Reason: Unsupported hardware.
[W104 20:11:28.678498329 NNPACK.cpp:56] Could not initialize NNPACK! Reason: Unsupported hardware.
[W104 20:11:28.684675576 NNPACK.cpp:56] Could not initialize NNPACK! Reason: Unsupported hardware.
[W104 20:11:28.688523095 NNPACK.cpp:56] Could not initialize NNPACK! Reason: Unsupported hardware.
[W104 20:11:28.691857779 NNPACK.cpp:56] Could not initialize NNPACK! Reason: Unsupported hardware.
[W104 20:11:28.692801647 NNPACK.cpp:56] Could not initialize NNPACK! Reason: Unsupported hardware.
[W104 20:11:28.699981491 NNPACK.cpp:56] Could not initialize NNPACK! Reason: Unsupported hardware.
[W104 20:11:28.702319189 NNPACK.cpp:56] Could not initialize NNPACK! Reason: Unsupported hardware.
[W104 20:11:28.706680922 NNPACK.cpp:56] Could not initialize NNPACK! Reason: Unsupported hardware.
[W104 20:11:28.708463545 NNPACK.cpp:56] Could not initialize NNPACK! Reason: Unsupported hardware.
[W104 20:11:28.713520953 NNPACK.cpp:56] Could not initialize NNPACK! Reason: Unsupported hardware.
[W104 20:11:28.716260824 NNPACK.cpp:56] Could not initialize NNPACK! Reason: Unsupported hardware.
[W104 20:11:28.719967741 NNPACK.cpp:56] Could not initialize NNPACK! Reason: Unsupported hardware.
[W104 20:11:28.722341250 NNPACK.cpp:56] Could not initialize NNPACK! Reason: Unsupported hardware.
[W104 20:11:28.725914016 NNPACK.cpp:56] Could not initialize NNPACK! Reason: Unsupported hardware.
[W104 20:11:28.736207355 NNPACK.cpp:56] Could not initialize NNPACK! Reason: Unsupported hardware.
[W104 20:11:28.750221711 NNPACK.cpp:56] Could not initialize NNPACK! Reason: Unsupported hardware.
[W104 20:11:28.754969496 NNPACK.cpp:56] Could not initialize NNPACK! Reason: Unsupported hardware.
[W104 20:11:28.760193486 NNPACK.cpp:56] Could not initialize NNPACK! Reason: Unsupported hardware.
[W104 20:11:28.761815777 NNPACK.cpp:56] Could not initialize NNPACK! Reason: Unsupported hardware.
[W104 20:11:28.762312982 NNPACK.cpp:56] Could not initialize NNPACK! Reason: Unsupported hardware.
[W104 20:11:28.764704030 NNPACK.cpp:56] Could not initialize NNPACK! Reason: Unsupported hardware.
[W104 20:11:28.766101049 NNPACK.cpp:56] Could not initialize NNPACK! Reason: Unsupported hardware.
0: 480x640 (no detections), 116.8ms
Speed: 1.7ms preprocess, 116.8ms inference, 0.5ms postprocess per image at shape (1, 3, 480, 640)
INFO:     127.0.0.1:41412 - "POST /identify HTTP/1.1" 200 OK
Falling back to default species list

[W104 20:11:37.090836018 NNPACK.cpp:56] Could not initialize NNPACK! Reason: Unsupported hardware.
[W104 20:11:37.097826140 NNPACK.cpp:56] Could not initialize NNPACK! Reason: Unsupported hardware.
[W104 20:11:37.103905516 NNPACK.cpp:56] Could not initialize NNPACK! Reason: Unsupported hardware.
[W104 20:11:37.112392011 NNPACK.cpp:56] Could not initialize NNPACK! Reason: Unsupported hardware.
[W104 20:11:37.117626890 NNPACK.cpp:56] Could not initialize NNPACK! Reason: Unsupported hardware.
[W104 20:11:37.123611415 NNPACK.cpp:56] Could not initialize NNPACK! Reason: Unsupported hardware.
[W104 20:11:37.127308443 NNPACK.cpp:56] Could not initialize NNPACK! Reason: Unsupported hardware.
[W104 20:11:37.130546378 NNPACK.cpp:56] Could not initialize NNPACK! Reason: Unsupported hardware.
[W104 20:11:37.131467085 NNPACK.cpp:56] Could not initialize NNPACK! Reason: Unsupported hardware.
[W104 20:11:37.137472490 NNPACK.cpp:56] Could not initialize NNPACK! Reason: Unsupported hardware.
[W104 20:11:37.139743577 NNPACK.cpp:56] Could not initialize NNPACK! Reason: Unsupported hardware.
[W104 20:11:37.144042260 NNPACK.cpp:56] Could not initialize NNPACK! Reason: Unsupported hardware.
[W104 20:11:37.145757443 NNPACK.cpp:56] Could not initialize NNPACK! Reason: Unsupported hardware.
[W104 20:11:37.150745551 NNPACK.cpp:56] Could not initialize NNPACK! Reason: Unsupported hardware.
[W104 20:11:37.153411141 NNPACK.cpp:56] Could not initialize NNPACK! Reason: Unsupported hardware.
[W104 20:11:37.156942077 NNPACK.cpp:56] Could not initialize NNPACK! Reason: Unsupported hardware.
[W104 20:11:37.159294335 NNPACK.cpp:56] Could not initialize NNPACK! Reason: Unsupported hardware.
[W104 20:11:37.162722681 NNPACK.cpp:56] Could not initialize NNPACK! Reason: Unsupported hardware.
[W104 20:11:37.172659336 NNPACK.cpp:56] Could not initialize NNPACK! Reason: Unsupported hardware.
[W104 20:11:37.186532551 NNPACK.cpp:56] Could not initialize NNPACK! Reason: Unsupported hardware.
[W104 20:11:37.191292767 NNPACK.cpp:56] Could not initialize NNPACK! Reason: Unsupported hardware.
[W104 20:11:37.196404986 NNPACK.cpp:56] Could not initialize NNPACK! Reason: Unsupported hardware.
[W104 20:11:37.198042829 NNPACK.cpp:56] Could not initialize NNPACK! Reason: Unsupported hardware.
[W104 20:11:37.198526662 NNPACK.cpp:56] Could not initialize NNPACK! Reason: Unsupported hardware.
[W104 20:11:37.200800639 NNPACK.cpp:56] Could not initialize NNPACK! Reason: Unsupported hardware.
[W104 20:11:37.202269261 NNPACK.cpp:56] Could not initialize NNPACK! Reason: Unsupported hardware.
0: 480x640 (no detections), 120.3ms
Speed: 1.4ms preprocess, 120.3ms inference, 0.5ms postprocess per image at shape (1, 3, 480, 640)
INFO:     127.0.0.1:50372 - "POST /identify HTTP/1.1" 200 OK
Falling back to default species list

[W105 15:18:33.900875965 NNPACK.cpp:56] Could not initialize NNPACK! Reason: Unsupported hardware.
[W105 15:18:33.905677011 NNPACK.cpp:56] Could not initialize NNPACK! Reason: Unsupported hardware.
[W105 15:18:33.909580168 NNPACK.cpp:56] Could not initialize NNPACK! Reason: Unsupported hardware.
[W105 15:18:33.915156732 NNPACK.cpp:56] Could not initialize NNPACK! Reason: Unsupported hardware.
[W105 15:18:33.918693896 NNPACK.cpp:56] Could not initialize NNPACK! Reason: Unsupported hardware.
[W105 15:18:33.923805044 NNPACK.cpp:56] Could not initialize NNPACK! Reason: Unsupported hardware.
[W105 15:18:33.926899155 NNPACK.cpp:56] Could not initialize NNPACK! Reason: Unsupported hardware.
[W105 15:18:33.929734531 NNPACK.cpp:56] Could not initialize NNPACK! Reason: Unsupported hardware.
[W105 15:18:33.930489889 NNPACK.cpp:56] Could not initialize NNPACK! Reason: Unsupported hardware.
[W105 15:18:33.935625538 NNPACK.cpp:56] Could not initialize NNPACK! Reason: Unsupported hardware.
[W105 15:18:33.937539676 NNPACK.cpp:56] Could not initialize NNPACK! Reason: Unsupported hardware.
[W105 15:18:33.941060140 NNPACK.cpp:56] Could not initialize NNPACK! Reason: Unsupported hardware.
[W105 15:18:33.944160130 NNPACK.cpp:56] Could not initialize NNPACK! Reason: Unsupported hardware.
[W105 15:18:33.949252699 NNPACK.cpp:56] Could not initialize NNPACK! Reason: Unsupported hardware.
[W105 15:18:33.951603301 NNPACK.cpp:56] Could not initialize NNPACK! Reason: Unsupported hardware.
[W105 15:18:33.954596781 NNPACK.cpp:56] Could not initialize NNPACK! Reason: Unsupported hardware.
[W105 15:18:33.956587090 NNPACK.cpp:56] Could not initialize NNPACK! Reason: Unsupported hardware.
[W105 15:18:33.959491177 NNPACK.cpp:56] Could not initialize NNPACK! Reason: Unsupported hardware.
[W105 15:18:33.967655485 NNPACK.cpp:56] Could not initialize NNPACK! Reason: Unsupported hardware.
[W105 15:18:33.978798113 NNPACK.cpp:56] Could not initialize NNPACK! Reason: Unsupported hardware.
[W105 15:18:33.982653220 NNPACK.cpp:56] Could not initialize NNPACK! Reason: Unsupported hardware.
[W105 15:18:33.986870760 NNPACK.cpp:56] Could not initialize NNPACK! Reason: Unsupported hardware.
[W105 15:18:33.988266593 NNPACK.cpp:56] Could not initialize NNPACK! Reason: Unsupported hardware.
[W105 15:18:33.988653047 NNPACK.cpp:56] Could not initialize NNPACK! Reason: Unsupported hardware.
[W105 15:18:33.990108311 NNPACK.cpp:56] Could not initialize NNPACK! Reason: Unsupported hardware.
[W105 15:18:33.990630226 NNPACK.cpp:56] Could not initialize NNPACK! Reason: Unsupported hardware.
[W105 15:18:33.992531065 NNPACK.cpp:56] Could not initialize NNPACK! Reason: Unsupported hardware.
0: 384x640 (no detections), 98.6ms
Speed: 1.7ms preprocess, 98.6ms inference, 0.5ms postprocess per image at shape (1, 3, 384, 640)
INFO:     127.0.0.1:52452 - "POST /identify HTTP/1.1" 200 OK
Falling back to default species list

[W105 15:18:54.923357718 NNPACK.cpp:56] Could not initialize NNPACK! Reason: Unsupported hardware.
[W105 15:18:54.927982302 NNPACK.cpp:56] Could not initialize NNPACK! Reason: Unsupported hardware.
[W105 15:18:54.931798449 NNPACK.cpp:56] Could not initialize NNPACK! Reason: Unsupported hardware.
[W105 15:18:54.937324222 NNPACK.cpp:56] Could not initialize NNPACK! Reason: Unsupported hardware.
[W105 15:18:54.940638293 NNPACK.cpp:56] Could not initialize NNPACK! Reason: Unsupported hardware.
[W105 15:18:54.945473339 NNPACK.cpp:56] Could not initialize NNPACK! Reason: Unsupported hardware.
[W105 15:18:54.948513038 NNPACK.cpp:56] Could not initialize NNPACK! Reason: Unsupported hardware.
[W105 15:18:54.951203924 NNPACK.cpp:56] Could not initialize NNPACK! Reason: Unsupported hardware.
[W105 15:18:54.951927891 NNPACK.cpp:56] Could not initialize NNPACK! Reason: Unsupported hardware.
[W105 15:18:54.957062801 NNPACK.cpp:56] Could not initialize NNPACK! Reason: Unsupported hardware.
[W105 15:18:54.958849907 NNPACK.cpp:56] Could not initialize NNPACK! Reason: Unsupported hardware.
[W105 15:18:54.962397141 NNPACK.cpp:56] Could not initialize NNPACK! Reason: Unsupported hardware.
[W105 15:18:54.965292779 NNPACK.cpp:56] Could not initialize NNPACK! Reason: Unsupported hardware.
[W105 15:18:54.969320098 NNPACK.cpp:56] Could not initialize NNPACK! Reason: Unsupported hardware.
[W105 15:18:54.971453368 NNPACK.cpp:56] Could not initialize NNPACK! Reason: Unsupported hardware.
[W105 15:18:54.974354655 NNPACK.cpp:56] Could not initialize NNPACK! Reason: Unsupported hardware.
[W105 15:18:54.976296394 NNPACK.cpp:56] Could not initialize NNPACK! Reason: Unsupported hardware.
[W105 15:18:54.979155912 NNPACK.cpp:56] Could not initialize NNPACK! Reason: Unsupported hardware.
[W105 15:18:54.988273099 NNPACK.cpp:56] Could not initialize NNPACK! Reason: Unsupported hardware.
[W105 15:18:54.999314995 NNPACK.cpp:56] Could not initialize NNPACK! Reason: Unsupported hardware.
[W105 15:18:54.003167232 NNPACK.cpp:56] Could not initialize NNPACK! Reason: Unsupported hardware.
[W105 15:18:54.007389782 NNPACK.cpp:56] Could not initialize NNPACK! Reason: Unsupported hardware.
[W105 15:18:54.008717384 NNPACK.cpp:56] Could not initialize NNPACK! Reason: Unsupported hardware.
[W105 15:18:54.009155929 NNPACK.cpp:56] Could not initialize NNPACK! Reason: Unsupported hardware.
[W105 15:18:54.011425830 NNPACK.cpp:56] Could not initialize NNPACK! Reason: Unsupported hardware.
[W105 15:18:54.012457460 NNPACK.cpp:56] Could not initialize NNPACK! Reason: Unsupported hardware.
[W105 15:18:54.013833483 NNPACK.cpp:56] Could not initialize NNPACK! Reason: Unsupported hardware.
0: 384x640 (no detections), 100.8ms
Speed: 1.7ms preprocess, 100.8ms inference, 0.5ms postprocess per image at shape (1, 3, 384, 640)
INFO:     127.0.0.1:53484 - "POST /identify HTTP/1.1" 200 OK
Falling back to default species list

[W105 15:19:17.144137687 NNPACK.cpp:56] Could not initialize NNPACK! Reason: Unsupported hardware.
[W105 15:19:17.148854543 NNPACK.cpp:56] Could not initialize NNPACK! Reason: Unsupported hardware.
[W105 15:19:17.152727370 NNPACK.cpp:56] Could not initialize NNPACK! Reason: Unsupported hardware.
[W105 15:19:17.158363822 NNPACK.cpp:56] Could not initialize NNPACK! Reason: Unsupported hardware.
[W105 15:19:17.161879766 NNPACK.cpp:56] Could not initialize NNPACK! Reason: Unsupported hardware.
[W105 15:19:17.167630031 NNPACK.cpp:56] Could not initialize NNPACK! Reason: Unsupported hardware.
[W105 15:19:17.170722271 NNPACK.cpp:56] Could not initialize NNPACK! Reason: Unsupported hardware.
[W105 15:19:17.173512717 NNPACK.cpp:56] Could not initialize NNPACK! Reason: Unsupported hardware.
[W105 15:19:17.174267994 NNPACK.cpp:56] Could not initialize NNPACK! Reason: Unsupported hardware.
[W105 15:19:17.179308153 NNPACK.cpp:56] Could not initialize NNPACK! Reason: Unsupported hardware.
[W105 15:19:17.181132830 NNPACK.cpp:56] Could not initialize NNPACK! Reason: Unsupported hardware.
[W105 15:19:17.184639304 NNPACK.cpp:56] Could not initialize NNPACK! Reason: Unsupported hardware.
[W105 15:19:17.187783133 NNPACK.cpp:56] Could not initialize NNPACK! Reason: Unsupported hardware.
[W105 15:19:17.191859062 NNPACK.cpp:56] Could not initialize NNPACK! Reason: Unsupported hardware.
[W105 15:19:17.194160254 NNPACK.cpp:56] Could not initialize NNPACK! Reason: Unsupported hardware.
[W105 15:19:17.197113093 NNPACK.cpp:56] Could not initialize NNPACK! Reason: Unsupported hardware.
[W105 15:19:17.199051861 NNPACK.cpp:56] Could not initialize NNPACK! Reason: Unsupported hardware.
[W105 15:19:17.201957058 NNPACK.cpp:56] Could not initialize NNPACK! Reason: Unsupported hardware.
[W105 15:19:17.210068006 NNPACK.cpp:56] Could not initialize NNPACK! Reason: Unsupported hardware.
[W105 15:19:17.221216602 NNPACK.cpp:56] Could not initialize NNPACK! Reason: Unsupported hardware.
[W105 15:19:17.225102530 NNPACK.cpp:56] Could not initialize NNPACK! Reason: Unsupported hardware.
[W105 15:19:17.229311990 NNPACK.cpp:56] Could not initialize NNPACK! Reason: Unsupported hardware.
[W105 15:19:17.230893895 NNPACK.cpp:56] Could not initialize NNPACK! Reason: Unsupported hardware.
[W105 15:19:17.231353289 NNPACK.cpp:56] Could not initialize NNPACK! Reason: Unsupported hardware.
[W105 15:19:17.232838033 NNPACK.cpp:56] Could not initialize NNPACK! Reason: Unsupported hardware.
[W105 15:19:17.233413729 NNPACK.cpp:56] Could not initialize NNPACK! Reason: Unsupported hardware.
[W105 15:19:17.234531469 NNPACK.cpp:56] Could not initialize NNPACK! Reason: Unsupported hardware.
0: 384x640 (no detections), 96.5ms
Speed: 1.7ms preprocess, 96.5ms inference, 0.5ms postprocess per image at shape (1, 3, 384, 640)
INFO:     127.0.0.1:47346 - "POST /identify HTTP/1.1" 200 OK
Falling back to default species list

[W105 15:19:45.454045742 NNPACK.cpp:56] Could not initialize NNPACK! Reason: Unsupported hardware.
[W105 15:19:45.458763967 NNPACK.cpp:56] Could not initialize NNPACK! Reason: Unsupported hardware.
[W105 15:19:45.462662384 NNPACK.cpp:56] Could not initialize NNPACK! Reason: Unsupported hardware.
[W105 15:19:45.468123575 NNPACK.cpp:56] Could not initialize NNPACK! Reason: Unsupported hardware.
[W105 15:19:45.471418507 NNPACK.cpp:56] Could not initialize NNPACK! Reason: Unsupported hardware.
[W105 15:19:45.476305743 NNPACK.cpp:56] Could not initialize NNPACK! Reason: Unsupported hardware.
[W105 15:19:45.479302992 NNPACK.cpp:56] Could not initialize NNPACK! Reason: Unsupported hardware.
[W105 15:19:45.481944907 NNPACK.cpp:56] Could not initialize NNPACK! Reason: Unsupported hardware.
[W105 15:19:45.482675874 NNPACK.cpp:56] Could not initialize NNPACK! Reason: Unsupported hardware.
[W105 15:19:45.487931334 NNPACK.cpp:56] Could not initialize NNPACK! Reason: Unsupported hardware.
[W105 15:19:45.489810231 NNPACK.cpp:56] Could not initialize NNPACK! Reason: Unsupported hardware.
[W105 15:19:45.493385156 NNPACK.cpp:56] Could not initialize NNPACK! Reason: Unsupported hardware.
[W105 15:19:45.496553666 NNPACK.cpp:56] Could not initialize NNPACK! Reason: Unsupported hardware.
[W105 15:19:45.500534074 NNPACK.cpp:56] Could not initialize NNPACK! Reason: Unsupported hardware.
[W105 15:19:45.502671404 NNPACK.cpp:56] Could not initialize NNPACK! Reason: Unsupported hardware.
[W105 15:19:45.505616732 NNPACK.cpp:56] Could not initialize NNPACK! Reason: Unsupported hardware.
[W105 15:19:45.507530300 NNPACK.cpp:56] Could not initialize NNPACK! Reason: Unsupported hardware.
[W105 15:19:45.510423957 NNPACK.cpp:56] Could not initialize NNPACK! Reason: Unsupported hardware.
[W105 15:19:45.518516785 NNPACK.cpp:56] Could not initialize NNPACK! Reason: Unsupported hardware.
[W105 15:19:45.529565939 NNPACK.cpp:56] Could not initialize NNPACK! Reason: Unsupported hardware.
[W105 15:19:45.533346155 NNPACK.cpp:56] Could not initialize NNPACK! Reason: Unsupported hardware.
[W105 15:19:45.537579805 NNPACK.cpp:56] Could not initialize NNPACK! Reason: Unsupported hardware.
[W105 15:19:45.538951779 NNPACK.cpp:56] Could not initialize NNPACK! Reason: Unsupported hardware.
[W105 15:19:45.539364522 NNPACK.cpp:56] Could not initialize NNPACK! Reason: Unsupported hardware.
[W105 15:19:45.540786016 NNPACK.cpp:56] Could not initialize NNPACK! Reason: Unsupported hardware.
[W105 15:19:45.541322611 NNPACK.cpp:56] Could not initialize NNPACK! Reason: Unsupported hardware.
[W105 15:19:45.542369800 NNPACK.cpp:56] Could not initialize NNPACK! Reason: Unsupported hardware.
0: 384x640 1 potted plant, 94.4ms
Speed: 1.7ms preprocess, 94.4ms inference, 0.7ms postprocess per image at shape (1, 3, 384, 640)
INFO:     127.0.0.1:55982 - "POST /identify HTTP/1.1" 200 OK
Falling back to default species list

[W105 15:20:04.324100276 NNPACK.cpp:56] Could not initialize NNPACK! Reason: Unsupported hardware.
[W105 15:20:04.329061342 NNPACK.cpp:56] Could not initialize NNPACK! Reason: Unsupported hardware.
[W105 15:20:04.332973799 NNPACK.cpp:56] Could not initialize NNPACK! Reason: Unsupported hardware.
[W105 15:20:04.339655793 NNPACK.cpp:56] Could not initialize NNPACK! Reason: Unsupported hardware.
[W105 15:20:04.343923984 NNPACK.cpp:56] Could not initialize NNPACK! Reason: Unsupported hardware.
[W105 15:20:04.350759248 NNPACK.cpp:56] Could not initialize NNPACK! Reason: Unsupported hardware.
[W105 15:20:04.353974529 NNPACK.cpp:56] Could not initialize NNPACK! Reason: Unsupported hardware.
[W105 15:20:04.356943927 NNPACK.cpp:56] Could not initialize NNPACK! Reason: Unsupported hardware.
[W105 15:20:04.357682874 NNPACK.cpp:56] Could not initialize NNPACK! Reason: Unsupported hardware.
[W105 15:20:04.362904023 NNPACK.cpp:56] Could not initialize NNPACK! Reason: Unsupported hardware.
[W105 15:20:04.364804021 NNPACK.cpp:56] Could not initialize NNPACK! Reason: Unsupported hardware.
[W105 15:20:04.368514766 NNPACK.cpp:56] Could not initialize NNPACK! Reason: Unsupported hardware.
[W105 15:20:04.372052000 NNPACK.cpp:56] Could not initialize NNPACK! Reason: Unsupported hardware.
[W105 15:20:04.376211680 NNPACK.cpp:56] Could not initialize NNPACK! Reason: Unsupported hardware.
[W105 15:20:04.378561902 NNPACK.cpp:56] Could not initialize NNPACK! Reason: Unsupported hardware.
[W105 15:20:04.381640590 NNPACK.cpp:56] Could not initialize NNPACK! Reason: Unsupported hardware.
[W105 15:20:04.383659449 NNPACK.cpp:56] Could not initialize NNPACK! Reason: Unsupported hardware.
[W105 15:20:04.386558707 NNPACK.cpp:56] Could not initialize NNPACK! Reason: Unsupported hardware.
[W105 15:20:04.394832726 NNPACK.cpp:56] Could not initialize NNPACK! Reason: Unsupported hardware.
[W105 15:20:04.406576487 NNPACK.cpp:56] Could not initialize NNPACK! Reason: Unsupported hardware.
[W105 15:20:04.410571015 NNPACK.cpp:56] Could not initialize NNPACK! Reason: Unsupported hardware.
[W105 15:20:04.414972457 NNPACK.cpp:56] Could not initialize NNPACK! Reason: Unsupported hardware.
[W105 15:20:04.416365910 NNPACK.cpp:56] Could not initialize NNPACK! Reason: Unsupported hardware.
[W105 15:20:04.416796964 NNPACK.cpp:56] Could not initialize NNPACK! Reason: Unsupported hardware.
[W105 15:20:04.418220328 NNPACK.cpp:56] Could not initialize NNPACK! Reason: Unsupported hardware.
[W105 15:20:04.418746932 NNPACK.cpp:56] Could not initialize NNPACK! Reason: Unsupported hardware.
[W105 15:20:04.419851263 NNPACK.cpp:56] Could not initialize NNPACK! Reason: Unsupported hardware.
0: 384x640 (no detections), 103.2ms
Speed: 2.3ms preprocess, 103.2ms inference, 0.5ms postprocess per image at shape (1, 3, 384, 640)
INFO:     127.0.0.1:47066 - "POST /identify HTTP/1.1" 200 OK
Falling back to default species list

[W105 15:20:56.573319762 NNPACK.cpp:56] Could not initialize NNPACK! Reason: Unsupported hardware.
[W105 15:20:56.587497395 NNPACK.cpp:56] Could not initialize NNPACK! Reason: Unsupported hardware.
[W105 15:20:56.591370382 NNPACK.cpp:56] Could not initialize NNPACK! Reason: Unsupported hardware.
[W105 15:20:56.596943775 NNPACK.cpp:56] Could not initialize NNPACK! Reason: Unsupported hardware.
[W105 15:20:56.600311577 NNPACK.cpp:56] Could not initialize NNPACK! Reason: Unsupported hardware.
[W105 15:20:56.605389214 NNPACK.cpp:56] Could not initialize NNPACK! Reason: Unsupported hardware.
[W105 15:20:56.608460623 NNPACK.cpp:56] Could not initialize NNPACK! Reason: Unsupported hardware.
[W105 15:20:56.611175209 NNPACK.cpp:56] Could not initialize NNPACK! Reason: Unsupported hardware.
[W105 15:20:56.611887195 NNPACK.cpp:56] Could not initialize NNPACK! Reason: Unsupported hardware.
[W105 15:20:56.616908983 NNPACK.cpp:56] Could not initialize NNPACK! Reason: Unsupported hardware.
[W105 15:20:56.618789790 NNPACK.cpp:56] Could not initialize NNPACK! Reason: Unsupported hardware.
[W105 15:20:56.622450575 NNPACK.cpp:56] Could not initialize NNPACK! Reason: Unsupported hardware.
[W105 15:20:56.625465453 NNPACK.cpp:56] Could not initialize NNPACK! Reason: Unsupported hardware.
[W105 15:20:56.631077606 NNPACK.cpp:56] Could not initialize NNPACK! Reason: Unsupported hardware.
[W105 15:20:56.634449818 NNPACK.cpp:56] Could not initialize NNPACK! Reason: Unsupported hardware.
[W105 15:20:56.637648878 NNPACK.cpp:56] Could not initialize NNPACK! Reason: Unsupported hardware.
[W105 15:20:56.639813658 NNPACK.cpp:56] Could not initialize NNPACK! Reason: Unsupported hardware.
[W105 15:20:56.642784586 NNPACK.cpp:56] Could not initialize NNPACK! Reason: Unsupported hardware.
[W105 15:20:56.650978473 NNPACK.cpp:56] Could not initialize NNPACK! Reason: Unsupported hardware.
[W105 15:20:56.662506972 NNPACK.cpp:56] Could not initialize NNPACK! Reason: Unsupported hardware.
[W105 15:20:56.666383749 NNPACK.cpp:56] Could not initialize NNPACK! Reason: Unsupported hardware.
[W105 15:20:56.670571488 NNPACK.cpp:56] Could not initialize NNPACK! Reason: Unsupported hardware.
[W105 15:20:56.671916810 NNPACK.cpp:56] Could not initialize NNPACK! Reason: Unsupported hardware.
[W105 15:20:56.672366615 NNPACK.cpp:56] Could not initialize NNPACK! Reason: Unsupported hardware.
[W105 15:20:56.673814418 NNPACK.cpp:56] Could not initialize NNPACK! Reason: Unsupported hardware.
[W105 15:20:56.674388034 NNPACK.cpp:56] Could not initialize NNPACK! Reason: Unsupported hardware.
[W105 15:20:56.675491374 NNPACK.cpp:56] Could not initialize NNPACK! Reason: Unsupported hardware.
0: 384x640 1 person, 108.4ms
Speed: 1.6ms preprocess, 108.4ms inference, 0.8ms postprocess per image at shape (1, 3, 384, 640)
INFO:     127.0.0.1:34544 - "POST /identify HTTP/1.1" 200 OK
Falling back to default species list

[W105 15:21:19.399407200 NNPACK.cpp:56] Could not initialize NNPACK! Reason: Unsupported hardware.
[W105 15:21:19.404127924 NNPACK.cpp:56] Could not initialize NNPACK! Reason: Unsupported hardware.
[W105 15:21:19.407741328 NNPACK.cpp:56] Could not initialize NNPACK! Reason: Unsupported hardware.
[W105 15:21:19.413286780 NNPACK.cpp:56] Could not initialize NNPACK! Reason: Unsupported hardware.
[W105 15:21:19.416565301 NNPACK.cpp:56] Could not initialize NNPACK! Reason: Unsupported hardware.
[W105 15:21:19.421522667 NNPACK.cpp:56] Could not initialize NNPACK! Reason: Unsupported hardware.
[W105 15:21:19.424551396 NNPACK.cpp:56] Could not initialize NNPACK! Reason: Unsupported hardware.
[W105 15:21:19.427214501 NNPACK.cpp:56] Could not initialize NNPACK! Reason: Unsupported hardware.
[W105 15:21:19.427940797 NNPACK.cpp:56] Could not initialize NNPACK! Reason: Unsupported hardware.
[W105 15:21:19.433074716 NNPACK.cpp:56] Could not initialize NNPACK! Reason: Unsupported hardware.
[W105 15:21:19.434851953 NNPACK.cpp:56] Could not initialize NNPACK! Reason: Unsupported hardware.
[W105 15:21:19.438385326 NNPACK.cpp:56] Could not initialize NNPACK! Reason: Unsupported hardware.
[W105 15:21:19.441522235 NNPACK.cpp:56] Could not initialize NNPACK! Reason: Unsupported hardware.
[W105 15:21:19.445838215 NNPACK.cpp:56] Could not initialize NNPACK! Reason: Unsupported hardware.
[W105 15:21:19.448146597 NNPACK.cpp:56] Could not initialize NNPACK! Reason: Unsupported hardware.
[W105 15:21:19.451183376 NNPACK.cpp:56] Could not initialize NNPACK! Reason: Unsupported hardware.
[W105 15:21:19.453153725 NNPACK.cpp:56] Could not initialize NNPACK! Reason: Unsupported hardware.
[W105 15:21:19.456026771 NNPACK.cpp:56] Could not initialize NNPACK! Reason: Unsupported hardware.
[W105 15:21:19.464156997 NNPACK.cpp:56] Could not initialize NNPACK! Reason: Unsupported hardware.
[W105 15:21:19.475286282 NNPACK.cpp:56] Could not initialize NNPACK! Reason: Unsupported hardware.
[W105 15:21:19.479197709 NNPACK.cpp:56] Could not initialize NNPACK! Reason: Unsupported hardware.
[W105 15:21:19.483396918 NNPACK.cpp:56] Could not initialize NNPACK! Reason: Unsupported hardware.
[W105 15:21:19.484699241 NNPACK.cpp:56] Could not initialize NNPACK! Reason: Unsupported hardware.
[W105 15:21:19.485097185 NNPACK.cpp:56] Could not initialize NNPACK! Reason: Unsupported hardware.
[W105 15:21:19.486520198 NNPACK.cpp:56] Could not initialize NNPACK! Reason: Unsupported hardware.
[W105 15:21:19.487057473 NNPACK.cpp:56] Could not initialize NNPACK! Reason: Unsupported hardware.
[W105 15:21:19.488159033 NNPACK.cpp:56] Could not initialize NNPACK! Reason: Unsupported hardware.
0: 384x640 (no detections), 94.8ms
Speed: 1.6ms preprocess, 94.8ms inference, 0.5ms postprocess per image at shape (1, 3, 384, 640)
INFO:     127.0.0.1:56048 - "POST /identify HTTP/1.1" 200 OK
Falling back to default species list

[W105 15:21:42.533179991 NNPACK.cpp:56] Could not initialize NNPACK! Reason: Unsupported hardware.
[W105 15:21:42.538038546 NNPACK.cpp:56] Could not initialize NNPACK! Reason: Unsupported hardware.
[W105 15:21:42.542136435 NNPACK.cpp:56] Could not initialize NNPACK! Reason: Unsupported hardware.
[W105 15:21:42.547936059 NNPACK.cpp:56] Could not initialize NNPACK! Reason: Unsupported hardware.
[W105 15:21:42.551267071 NNPACK.cpp:56] Could not initialize NNPACK! Reason: Unsupported hardware.
[W105 15:21:42.556281377 NNPACK.cpp:56] Could not initialize NNPACK! Reason: Unsupported hardware.
[W105 15:21:42.559467837 NNPACK.cpp:56] Could not initialize NNPACK! Reason: Unsupported hardware.
[W105 15:21:42.562240163 NNPACK.cpp:56] Could not initialize NNPACK! Reason: Unsupported hardware.
[W105 15:21:42.563017601 NNPACK.cpp:56] Could not initialize NNPACK! Reason: Unsupported hardware.
[W105 15:21:42.568067238 NNPACK.cpp:56] Could not initialize NNPACK! Reason: Unsupported hardware.
[W105 15:21:42.569892635 NNPACK.cpp:56] Could not initialize NNPACK! Reason: Unsupported hardware.
[W105 15:21:42.573753701 NNPACK.cpp:56] Could not initialize NNPACK! Reason: Unsupported hardware.
[W105 15:21:42.576915531 NNPACK.cpp:56] Could not initialize NNPACK! Reason: Unsupported hardware.
[W105 15:21:42.581122750 NNPACK.cpp:56] Could not initialize NNPACK! Reason: Unsupported hardware.
[W105 15:21:42.583395322 NNPACK.cpp:56] Could not initialize NNPACK! Reason: Unsupported hardware.
[W105 15:21:42.586459411 NNPACK.cpp:56] Could not initialize NNPACK! Reason: Unsupported hardware.
[W105 15:21:42.588662161 NNPACK.cpp:56] Could not initialize NNPACK! Reason: Unsupported hardware.
[W105 15:21:42.591692369 NNPACK.cpp:56] Could not initialize NNPACK! Reason: Unsupported hardware.
[W105 15:21:42.600096058 NNPACK.cpp:56] Could not initialize NNPACK! Reason: Unsupported hardware.
[W105 15:21:42.611334923 NNPACK.cpp:56] Could not initialize NNPACK! Reason: Unsupported hardware.
[W105 15:21:42.615442562 NNPACK.cpp:56] Could not initialize NNPACK! Reason: Unsupported hardware.
[W105 15:21:42.619773522 NNPACK.cpp:56] Could not initialize NNPACK! Reason: Unsupported hardware.
[W105 15:21:42.621152555 NNPACK.cpp:56] Could not initialize NNPACK! Reason: Unsupported hardware.
[W105 15:21:42.621609949 NNPACK.cpp:56] Could not initialize NNPACK! Reason: Unsupported hardware.
[W105 15:21:42.623080294 NNPACK.cpp:56] Could not initialize NNPACK! Reason: Unsupported hardware.
[W105 15:21:42.623599708 NNPACK.cpp:56] Could not initialize NNPACK! Reason: Unsupported hardware.
[W105 15:21:42.624722779 NNPACK.cpp:56] Could not initialize NNPACK! Reason: Unsupported hardware.
0: 384x640 (no detections), 97.6ms
Speed: 1.7ms preprocess, 97.6ms inference, 0.4ms postprocess per image at shape (1, 3, 384, 640)
INFO:     127.0.0.1:53876 - "POST /identify HTTP/1.1" 200 OK
Falling back to default species list

[W105 15:22:03.214481166 NNPACK.cpp:56] Could not initialize NNPACK! Reason: Unsupported hardware.
[W105 15:22:03.219277732 NNPACK.cpp:56] Could not initialize NNPACK! Reason: Unsupported hardware.
[W105 15:22:03.223203329 NNPACK.cpp:56] Could not initialize NNPACK! Reason: Unsupported hardware.
[W105 15:22:03.228897672 NNPACK.cpp:56] Could not initialize NNPACK! Reason: Unsupported hardware.
[W105 15:22:03.232363334 NNPACK.cpp:56] Could not initialize NNPACK! Reason: Unsupported hardware.
[W105 15:22:03.237360171 NNPACK.cpp:56] Could not initialize NNPACK! Reason: Unsupported hardware.
[W105 15:22:03.240444339 NNPACK.cpp:56] Could not initialize NNPACK! Reason: Unsupported hardware.
[W105 15:22:03.243166655 NNPACK.cpp:56] Could not initialize NNPACK! Reason: Unsupported hardware.
[W105 15:22:03.243903652 NNPACK.cpp:56] Could not initialize NNPACK! Reason: Unsupported hardware.
[W105 15:22:03.249041210 NNPACK.cpp:56] Could not initialize NNPACK! Reason: Unsupported hardware.
[W105 15:22:03.250787946 NNPACK.cpp:56] Could not initialize NNPACK! Reason: Unsupported hardware.
[W105 15:22:03.254359479 NNPACK.cpp:56] Could not initialize NNPACK! Reason: Unsupported hardware.
[W105 15:22:03.257221897 NNPACK.cpp:56] Could not initialize NNPACK! Reason: Unsupported hardware.
[W105 15:22:03.261375105 NNPACK.cpp:56] Could not initialize NNPACK! Reason: Unsupported hardware.
[W105 15:22:03.263599686 NNPACK.cpp:56] Could not initialize NNPACK! Reason: Unsupported hardware.
[W105 15:22:03.266576943 NNPACK.cpp:56] Could not initialize NNPACK! Reason: Unsupported hardware.
[W105 15:22:03.268547422 NNPACK.cpp:56] Could not initialize NNPACK! Reason: Unsupported hardware.
[W105 15:22:03.271406099 NNPACK.cpp:56] Could not initialize NNPACK! Reason: Unsupported hardware.
[W105 15:22:03.279631286 NNPACK.cpp:56] Could not initialize NNPACK! Reason: Unsupported hardware.
[W105 15:22:03.290818760 NNPACK.cpp:56] Could not initialize NNPACK! Reason: Unsupported hardware.
[W105 15:22:03.294678836 NNPACK.cpp:56] Could not initialize NNPACK! Reason: Unsupported hardware.
[W105 15:22:03.298914906 NNPACK.cpp:56] Could not initialize NNPACK! Reason: Unsupported hardware.
[W105 15:22:03.300336249 NNPACK.cpp:56] Could not initialize NNPACK! Reason: Unsupported hardware.
[W105 15:22:03.300730523 NNPACK.cpp:56] Could not initialize NNPACK! Reason: Unsupported hardware.
[W105 15:22:03.302175786 NNPACK.cpp:56] Could not initialize NNPACK! Reason: Unsupported hardware.
[W105 15:22:03.302707511 NNPACK.cpp:56] Could not initialize NNPACK! Reason: Unsupported hardware.
[W105 15:22:03.303870252 NNPACK.cpp:56] Could not initialize NNPACK! Reason: Unsupported hardware.
0: 384x640 (no detections), 95.3ms
Speed: 1.7ms preprocess, 95.3ms inference, 0.5ms postprocess per image at shape (1, 3, 384, 640)
INFO:     127.0.0.1:59720 - "POST /identify HTTP/1.1" 200 OK
Falling back to default species list

[W105 15:22:23.760643252 NNPACK.cpp:56] Could not initialize NNPACK! Reason: Unsupported hardware.
[W105 15:22:23.765171364 NNPACK.cpp:56] Could not initialize NNPACK! Reason: Unsupported hardware.
[W105 15:22:23.768870668 NNPACK.cpp:56] Could not initialize NNPACK! Reason: Unsupported hardware.
[W105 15:22:23.774372540 NNPACK.cpp:56] Could not initialize NNPACK! Reason: Unsupported hardware.
[W105 15:22:23.777694971 NNPACK.cpp:56] Could not initialize NNPACK! Reason: Unsupported hardware.
[W105 15:22:23.782652327 NNPACK.cpp:56] Could not initialize NNPACK! Reason: Unsupported hardware.
[W105 15:22:23.785730076 NNPACK.cpp:56] Could not initialize NNPACK! Reason: Unsupported hardware.
[W105 15:22:23.788467211 NNPACK.cpp:56] Could not initialize NNPACK! Reason: Unsupported hardware.
[W105 15:22:23.789189428 NNPACK.cpp:56] Could not initialize NNPACK! Reason: Unsupported hardware.
[W105 15:22:23.794339236 NNPACK.cpp:56] Could not initialize NNPACK! Reason: Unsupported hardware.
[W105 15:22:23.796155213 NNPACK.cpp:56] Could not initialize NNPACK! Reason: Unsupported hardware.
[W105 15:22:23.799775427 NNPACK.cpp:56] Could not initialize NNPACK! Reason: Unsupported hardware.
[W105 15:22:23.802872996 NNPACK.cpp:56] Could not initialize NNPACK! Reason: Unsupported hardware.
[W105 15:22:23.807027214 NNPACK.cpp:56] Could not initialize NNPACK! Reason: Unsupported hardware.
[W105 15:22:23.809292775 NNPACK.cpp:56] Could not initialize NNPACK! Reason: Unsupported hardware.
[W105 15:22:23.812279664 NNPACK.cpp:56] Could not initialize NNPACK! Reason: Unsupported hardware.
[W105 15:22:23.814252482 NNPACK.cpp:56] Could not initialize NNPACK! Reason: Unsupported hardware.
[W105 15:22:23.817125928 NNPACK.cpp:56] Could not initialize NNPACK! Reason: Unsupported hardware.
[W105 15:22:23.825419967 NNPACK.cpp:56] Could not initialize NNPACK! Reason: Unsupported hardware.
[W105 15:22:23.836618511 NNPACK.cpp:56] Could not initialize NNPACK! Reason: Unsupported hardware.
[W105 15:22:23.840575748 NNPACK.cpp:56] Could not initialize NNPACK! Reason: Unsupported hardware.
[W105 15:22:23.845266201 NNPACK.cpp:56] Could not initialize NNPACK! Reason: Unsupported hardware.
[W105 15:22:23.846677564 NNPACK.cpp:56] Could not initialize NNPACK! Reason: Unsupported hardware.
[W105 15:22:23.847098208 NNPACK.cpp:56] Could not initialize NNPACK! Reason: Unsupported hardware.
[W105 15:22:23.848520082 NNPACK.cpp:56] Could not initialize NNPACK! Reason: Unsupported hardware.
[W105 15:22:23.849062906 NNPACK.cpp:56] Could not initialize NNPACK! Reason: Unsupported hardware.
[W105 15:22:23.850179787 NNPACK.cpp:56] Could not initialize NNPACK! Reason: Unsupported hardware.
0: 384x640 1 person, 95.4ms
Speed: 1.7ms preprocess, 95.4ms inference, 0.7ms postprocess per image at shape (1, 3, 384, 640)
INFO:     127.0.0.1:42920 - "POST /identify HTTP/1.1" 200 OK
Falling back to default species list

[W105 15:32:18.627357134 NNPACK.cpp:56] Could not initialize NNPACK! Reason: Unsupported hardware.
[W105 15:32:18.631797295 NNPACK.cpp:56] Could not initialize NNPACK! Reason: Unsupported hardware.
[W105 15:32:18.635437407 NNPACK.cpp:56] Could not initialize NNPACK! Reason: Unsupported hardware.
[W105 15:32:18.640930058 NNPACK.cpp:56] Could not initialize NNPACK! Reason: Unsupported hardware.
[W105 15:32:18.644159288 NNPACK.cpp:56] Could not initialize NNPACK! Reason: Unsupported hardware.
[W105 15:32:18.648994511 NNPACK.cpp:56] Could not initialize NNPACK! Reason: Unsupported hardware.
[W105 15:32:18.652011599 NNPACK.cpp:56] Could not initialize NNPACK! Reason: Unsupported hardware.
[W105 15:32:18.654614533 NNPACK.cpp:56] Could not initialize NNPACK! Reason: Unsupported hardware.
[W105 15:32:18.655343919 NNPACK.cpp:56] Could not initialize NNPACK! Reason: Unsupported hardware.
[W105 15:32:18.660362756 NNPACK.cpp:56] Could not initialize NNPACK! Reason: Unsupported hardware.
[W105 15:32:18.662164352 NNPACK.cpp:56] Could not initialize NNPACK! Reason: Unsupported hardware.
[W105 15:32:18.665720084 NNPACK.cpp:56] Could not initialize NNPACK! Reason: Unsupported hardware.
[W105 15:32:18.668867573 NNPACK.cpp:56] Could not initialize NNPACK! Reason: Unsupported hardware.
[W105 15:32:18.672942600 NNPACK.cpp:56] Could not initialize NNPACK! Reason: Unsupported hardware.
[W105 15:32:18.675180421 NNPACK.cpp:56] Could not initialize NNPACK! Reason: Unsupported hardware.
[W105 15:32:18.678171488 NNPACK.cpp:56] Could not initialize NNPACK! Reason: Unsupported hardware.
[W105 15:32:18.680156987 NNPACK.cpp:56] Could not initialize NNPACK! Reason: Unsupported hardware.
[W105 15:32:18.683069713 NNPACK.cpp:56] Could not initialize NNPACK! Reason: Unsupported hardware.
[W105 15:32:18.691269308 NNPACK.cpp:56] Could not initialize NNPACK! Reason: Unsupported hardware.
[W105 15:32:18.702403040 NNPACK.cpp:56] Could not initialize NNPACK! Reason: Unsupported hardware.
[W105 15:32:18.706139284 NNPACK.cpp:56] Could not initialize NNPACK! Reason: Unsupported hardware.
[W105 15:32:18.710261692 NNPACK.cpp:56] Could not initialize NNPACK! Reason: Unsupported hardware.
[W105 15:32:18.711560683 NNPACK.cpp:56] Could not initialize NNPACK! Reason: Unsupported hardware.
[W105 15:32:18.711935797 NNPACK.cpp:56] Could not initialize NNPACK! Reason: Unsupported hardware.
[W105 15:32:18.713327089 NNPACK.cpp:56] Could not initialize NNPACK! Reason: Unsupported hardware.
[W105 15:32:18.713826944 NNPACK.cpp:56] Could not initialize NNPACK! Reason: Unsupported hardware.
[W105 15:32:18.714849433 NNPACK.cpp:56] Could not initialize NNPACK! Reason: Unsupported hardware.
0: 384x640 (no detections), 93.3ms
Speed: 1.7ms preprocess, 93.3ms inference, 0.5ms postprocess per image at shape (1, 3, 384, 640)
INFO:     127.0.0.1:33664 - "POST /identify HTTP/1.1" 200 OK
Falling back to default species list

[W105 15:32:36.980856390 NNPACK.cpp:56] Could not initialize NNPACK! Reason: Unsupported hardware.
[W105 15:32:36.985507432 NNPACK.cpp:56] Could not initialize NNPACK! Reason: Unsupported hardware.
[W105 15:32:36.989366887 NNPACK.cpp:56] Could not initialize NNPACK! Reason: Unsupported hardware.
[W105 15:32:36.994911618 NNPACK.cpp:56] Could not initialize NNPACK! Reason: Unsupported hardware.
[W105 15:32:36.998359169 NNPACK.cpp:56] Could not initialize NNPACK! Reason: Unsupported hardware.
[W105 15:32:36.003297344 NNPACK.cpp:56] Could not initialize NNPACK! Reason: Unsupported hardware.
[W105 15:32:36.006369022 NNPACK.cpp:56] Could not initialize NNPACK! Reason: Unsupported hardware.
[W105 15:32:36.009051417 NNPACK.cpp:56] Could not initialize NNPACK! Reason: Unsupported hardware.
[W105 15:32:36.009763613 NNPACK.cpp:56] Could not initialize NNPACK! Reason: Unsupported hardware.
[W105 15:32:36.014790410 NNPACK.cpp:56] Could not initialize NNPACK! Reason: Unsupported hardware.
[W105 15:32:36.016570705 NNPACK.cpp:56] Could not initialize NNPACK! Reason: Unsupported hardware.
[W105 15:32:36.020187448 NNPACK.cpp:56] Could not initialize NNPACK! Reason: Unsupported hardware.
[W105 15:32:36.023251527 NNPACK.cpp:56] Could not initialize NNPACK! Reason: Unsupported hardware.
[W105 15:32:36.027371704 NNPACK.cpp:56] Could not initialize NNPACK! Reason: Unsupported hardware.
[W105 15:32:36.029616765 NNPACK.cpp:56] Could not initialize NNPACK! Reason: Unsupported hardware.
[W105 15:32:36.032589921 NNPACK.cpp:56] Could not initialize NNPACK! Reason: Unsupported hardware.
[W105 15:32:36.034513869 NNPACK.cpp:56] Could not initialize NNPACK! Reason: Unsupported hardware.
[W105 15:32:36.037389066 NNPACK.cpp:56] Could not initialize NNPACK! Reason: Unsupported hardware.
[W105 15:32:36.045495080 NNPACK.cpp:56] Could not initialize NNPACK! Reason: Unsupported hardware.
[W105 15:32:36.056511290 NNPACK.cpp:56] Could not initialize NNPACK! Reason: Unsupported hardware.
[W105 15:32:36.060424506 NNPACK.cpp:56] Could not initialize NNPACK! Reason: Unsupported hardware.
[W105 15:32:36.064615174 NNPACK.cpp:56] Could not initialize NNPACK! Reason: Unsupported hardware.
[W105 15:32:36.065978426 NNPACK.cpp:56] Could not initialize NNPACK! Reason: Unsupported hardware.
[W105 15:32:36.066392130 NNPACK.cpp:56] Could not initialize NNPACK! Reason: Unsupported hardware.
[W105 15:32:36.067777953 NNPACK.cpp:56] Could not initialize NNPACK! Reason: Unsupported hardware.
[W105 15:32:36.068311888 NNPACK.cpp:56] Could not initialize NNPACK! Reason: Unsupported hardware.
[W105 15:32:36.069447938 NNPACK.cpp:56] Could not initialize NNPACK! Reason: Unsupported hardware.
0: 384x640 (no detections), 94.5ms
Speed: 1.7ms preprocess, 94.5ms inference, 0.4ms postprocess per image at shape (1, 3, 384, 640)
INFO:     127.0.0.1:58042 - "POST /identify HTTP/1.1" 200 OK
Falling back to default species list

[W105 15:32:57.506423814 NNPACK.cpp:56] Could not initialize NNPACK! Reason: Unsupported hardware.
[W105 15:32:57.511122047 NNPACK.cpp:56] Could not initialize NNPACK! Reason: Unsupported hardware.
[W105 15:32:57.514769770 NNPACK.cpp:56] Could not initialize NNPACK! Reason: Unsupported hardware.
[W105 15:32:57.520659514 NNPACK.cpp:56] Could not initialize NNPACK! Reason: Unsupported hardware.
[W105 15:32:57.524758691 NNPACK.cpp:56] Could not initialize NNPACK! Reason: Unsupported hardware.
[W105 15:32:57.532495022 NNPACK.cpp:56] Could not initialize NNPACK! Reason: Unsupported hardware.
[W105 15:32:57.535916033 NNPACK.cpp:56] Could not initialize NNPACK! Reason: Unsupported hardware.
[W105 15:32:57.538736018 NNPACK.cpp:56] Could not initialize NNPACK! Reason: Unsupported hardware.
[W105 15:32:57.539502026 NNPACK.cpp:56] Could not initialize NNPACK! Reason: Unsupported hardware.
[W105 15:32:57.544625892 NNPACK.cpp:56] Could not initialize NNPACK! Reason: Unsupported hardware.
[W105 15:32:57.546630151 NNPACK.cpp:56] Could not initialize NNPACK! Reason: Unsupported hardware.
[W105 15:32:57.550308184 NNPACK.cpp:56] Could not initialize NNPACK! Reason: Unsupported hardware.
[W105 15:32:57.553422483 NNPACK.cpp:56] Could not initialize NNPACK! Reason: Unsupported hardware.
[W105 15:32:57.557662292 NNPACK.cpp:56] Could not initialize NNPACK! Reason: Unsupported hardware.
[W105 15:32:57.559924042 NNPACK.cpp:56] Could not initialize NNPACK! Reason: Unsupported hardware.
[W105 15:32:57.562911969 NNPACK.cpp:56] Could not initialize NNPACK! Reason: Unsupported hardware.
[W105 15:32:57.564897197 NNPACK.cpp:56] Could not initialize NNPACK! Reason: Unsupported hardware.
[W105 15:32:57.567736574 NNPACK.cpp:56] Could not initialize NNPACK! Reason: Unsupported hardware.
[W105 15:32:57.575932008 NNPACK.cpp:56] Could not initialize NNPACK! Reason: Unsupported hardware.
[W105 15:32:57.587304162 NNPACK.cpp:56] Could not initialize NNPACK! Reason: Unsupported hardware.
[W105 15:32:57.591177558 NNPACK.cpp:56] Could not initialize NNPACK! Reason: Unsupported hardware.
[W105 15:32:57.595415846 NNPACK.cpp:56] Could not initialize NNPACK! Reason: Unsupported hardware.
[W105 15:32:57.596758528 NNPACK.cpp:56] Could not initialize NNPACK! Reason: Unsupported hardware.
[W105 15:32:57.597203753 NNPACK.cpp:56] Could not initialize NNPACK! Reason: Unsupported hardware.
[W105 15:32:57.598634055 NNPACK.cpp:56] Could not initialize NNPACK! Reason: Unsupported hardware.
[W105 15:32:57.599177841 NNPACK.cpp:56] Could not initialize NNPACK! Reason: Unsupported hardware.
[W105 15:32:57.600272970 NNPACK.cpp:56] Could not initialize NNPACK! Reason: Unsupported hardware.
0: 384x640 (no detections), 99.7ms
Speed: 1.7ms preprocess, 99.7ms inference, 0.4ms postprocess per image at shape (1, 3, 384, 640)
INFO:     127.0.0.1:44542 - "POST /identify HTTP/1.1" 200 OK
Falling back to default species list

[W105 15:33:43.392269968 NNPACK.cpp:56] Could not initialize NNPACK! Reason: Unsupported hardware.
[W105 15:33:43.405287697 NNPACK.cpp:56] Could not initialize NNPACK! Reason: Unsupported hardware.
[W105 15:33:43.409072021 NNPACK.cpp:56] Could not initialize NNPACK! Reason: Unsupported hardware.
[W105 15:33:43.414765642 NNPACK.cpp:56] Could not initialize NNPACK! Reason: Unsupported hardware.
[W105 15:33:43.418097753 NNPACK.cpp:56] Could not initialize NNPACK! Reason: Unsupported hardware.
[W105 15:33:43.423060048 NNPACK.cpp:56] Could not initialize NNPACK! Reason: Unsupported hardware.
[W105 15:33:43.426120566 NNPACK.cpp:56] Could not initialize NNPACK! Reason: Unsupported hardware.
[W105 15:33:43.428963692 NNPACK.cpp:56] Could not initialize NNPACK! Reason: Unsupported hardware.
[W105 15:33:43.429772100 NNPACK.cpp:56] Could not initialize NNPACK! Reason: Unsupported hardware.
[W105 15:33:43.434919856 NNPACK.cpp:56] Could not initialize NNPACK! Reason: Unsupported hardware.
[W105 15:33:43.436736443 NNPACK.cpp:56] Could not initialize NNPACK! Reason: Unsupported hardware.
[W105 15:33:43.440440617 NNPACK.cpp:56] Could not initialize NNPACK! Reason: Unsupported hardware.
[W105 15:33:43.443756557 NNPACK.cpp:56] Could not initialize NNPACK! Reason: Unsupported hardware.
[W105 15:33:43.447919645 NNPACK.cpp:56] Could not initialize NNPACK! Reason: Unsupported hardware.
[W105 15:33:43.450230516 NNPACK.cpp:56] Could not initialize NNPACK! Reason: Unsupported hardware.
[W105 15:33:43.453232964 NNPACK.cpp:56] Could not initialize NNPACK! Reason: Unsupported hardware.
[W105 15:33:43.455235602 NNPACK.cpp:56] Could not initialize NNPACK! Reason: Unsupported hardware.
[W105 15:33:43.458190788 NNPACK.cpp:56] Could not initialize NNPACK! Reason: Unsupported hardware.
[W105 15:33:43.466350393 NNPACK.cpp:56] Could not initialize NNPACK! Reason: Unsupported hardware.
[W105 15:33:43.477760267 NNPACK.cpp:56] Could not initialize NNPACK! Reason: Unsupported hardware.
[W105 15:33:43.481560962 NNPACK.cpp:56] Could not initialize NNPACK! Reason: Unsupported hardware.
[W105 15:33:43.485724109 NNPACK.cpp:56] Could not initialize NNPACK! Reason: Unsupported hardware.
[W105 15:33:43.487106281 NNPACK.cpp:56] Could not initialize NNPACK! Reason: Unsupported hardware.
[W105 15:33:43.487501136 NNPACK.cpp:56] Could not initialize NNPACK! Reason: Unsupported hardware.
[W105 15:33:43.488890438 NNPACK.cpp:56] Could not initialize NNPACK! Reason: Unsupported hardware.
[W105 15:33:43.489440163 NNPACK.cpp:56] Could not initialize NNPACK! Reason: Unsupported hardware.
[W105 15:33:43.490451082 NNPACK.cpp:56] Could not initialize NNPACK! Reason: Unsupported hardware.
0: 384x640 (no detections), 104.0ms
Speed: 1.6ms preprocess, 104.0ms inference, 0.5ms postprocess per image at shape (1, 3, 384, 640)
INFO:     127.0.0.1:48446 - "POST /identify HTTP/1.1" 200 OK
Falling back to default species list

[W105 16:31:17.380827060 NNPACK.cpp:56] Could not initialize NNPACK! Reason: Unsupported hardware.
[W105 16:31:17.385632936 NNPACK.cpp:56] Could not initialize NNPACK! Reason: Unsupported hardware.
[W105 16:31:17.389423035 NNPACK.cpp:56] Could not initialize NNPACK! Reason: Unsupported hardware.
[W105 16:31:17.395439311 NNPACK.cpp:56] Could not initialize NNPACK! Reason: Unsupported hardware.
[W105 16:31:17.400747472 NNPACK.cpp:56] Could not initialize NNPACK! Reason: Unsupported hardware.
[W105 16:31:17.406491886 NNPACK.cpp:56] Could not initialize NNPACK! Reason: Unsupported hardware.
[W105 16:31:17.409756002 NNPACK.cpp:56] Could not initialize NNPACK! Reason: Unsupported hardware.
[W105 16:31:17.412464202 NNPACK.cpp:56] Could not initialize NNPACK! Reason: Unsupported hardware.
[W105 16:31:17.413201077 NNPACK.cpp:56] Could not initialize NNPACK! Reason: Unsupported hardware.
[W105 16:31:17.418660549 NNPACK.cpp:56] Could not initialize NNPACK! Reason: Unsupported hardware.
[W105 16:31:17.420498923 NNPACK.cpp:56] Could not initialize NNPACK! Reason: Unsupported hardware.
[W105 16:31:17.424475914 NNPACK.cpp:56] Could not initialize NNPACK! Reason: Unsupported hardware.
[W105 16:31:17.428294133 NNPACK.cpp:56] Could not initialize NNPACK! Reason: Unsupported hardware.
[W105 16:31:17.433095499 NNPACK.cpp:56] Could not initialize NNPACK! Reason: Unsupported hardware.
[W105 16:31:17.435580228 NNPACK.cpp:56] Could not initialize NNPACK! Reason: Unsupported hardware.
[W105 16:31:17.439042335 NNPACK.cpp:56] Could not initialize NNPACK! Reason: Unsupported hardware.
[W105 16:31:17.441177571 NNPACK.cpp:56] Could not initialize NNPACK! Reason: Unsupported hardware.
[W105 16:31:17.444312835 NNPACK.cpp:56] Could not initialize NNPACK! Reason: Unsupported hardware.
[W105 16:31:17.452673449 NNPACK.cpp:56] Could not initialize NNPACK! Reason: Unsupported hardware.
[W105 16:31:17.464170287 NNPACK.cpp:56] Could not initialize NNPACK! Reason: Unsupported hardware.
[W105 16:31:17.468097747 NNPACK.cpp:56] Could not initialize NNPACK! Reason: Unsupported hardware.
[W105 16:31:17.472543921 NNPACK.cpp:56] Could not initialize NNPACK! Reason: Unsupported hardware.
[W105 16:31:17.473896701 NNPACK.cpp:56] Could not initialize NNPACK! Reason: Unsupported hardware.
[W105 16:31:17.474316444 NNPACK.cpp:56] Could not initialize NNPACK! Reason: Unsupported hardware.
[W105 16:31:17.475714295 NNPACK.cpp:56] Could not initialize NNPACK! Reason: Unsupported hardware.
[W105 16:31:17.476244609 NNPACK.cpp:56] Could not initialize NNPACK! Reason: Unsupported hardware.
[W105 16:31:17.477580319 NNPACK.cpp:56] Could not initialize NNPACK! Reason: Unsupported hardware.
0: 384x640 (no detections), 103.4ms
Speed: 2.4ms preprocess, 103.4ms inference, 0.6ms postprocess per image at shape (1, 3, 384, 640)
INFO:     127.0.0.1:37970 - "POST /identify HTTP/1.1" 200 OK
Falling back to default species list

[W105 16:31:35.697362131 NNPACK.cpp:56] Could not initialize NNPACK! Reason: Unsupported hardware.
[W105 16:31:35.702111837 NNPACK.cpp:56] Could not initialize NNPACK! Reason: Unsupported hardware.
[W105 16:31:35.705952686 NNPACK.cpp:56] Could not initialize NNPACK! Reason: Unsupported hardware.
[W105 16:31:35.711486639 NNPACK.cpp:56] Could not initialize NNPACK! Reason: Unsupported hardware.
[W105 16:31:35.714714864 NNPACK.cpp:56] Could not initialize NNPACK! Reason: Unsupported hardware.
[W105 16:31:35.719647231 NNPACK.cpp:56] Could not initialize NNPACK! Reason: Unsupported hardware.
[W105 16:31:35.722698695 NNPACK.cpp:56] Could not initialize NNPACK! Reason: Unsupported hardware.
[W105 16:31:35.725378965 NNPACK.cpp:56] Could not initialize NNPACK! Reason: Unsupported hardware.
[W105 16:31:35.726140720 NNPACK.cpp:56] Could not initialize NNPACK! Reason: Unsupported hardware.
[W105 16:31:35.731189629 NNPACK.cpp:56] Could not initialize NNPACK! Reason: Unsupported hardware.
[W105 16:31:35.733021934 NNPACK.cpp:56] Could not initialize NNPACK! Reason: Unsupported hardware.
[W105 16:31:35.736685112 NNPACK.cpp:56] Could not initialize NNPACK! Reason: Unsupported hardware.
[W105 16:31:35.739949826 NNPACK.cpp:56] Could not initialize NNPACK! Reason: Unsupported hardware.
[W105 16:31:35.744272339 NNPACK.cpp:56] Could not initialize NNPACK! Reason: Unsupported hardware.
[W105 16:31:35.746554437 NNPACK.cpp:56] Could not initialize NNPACK! Reason: Unsupported hardware.
[W105 16:31:35.749510249 NNPACK.cpp:56] Could not initialize NNPACK! Reason: Unsupported hardware.
[W105 16:31:35.751456564 NNPACK.cpp:56] Could not initialize NNPACK! Reason: Unsupported hardware.
[W105 16:31:35.754414346 NNPACK.cpp:56] Could not initialize NNPACK! Reason: Unsupported hardware.
[W105 16:31:35.762599370 NNPACK.cpp:56] Could not initialize NNPACK! Reason: Unsupported hardware.
[W105 16:31:35.773853285 NNPACK.cpp:56] Could not initialize NNPACK! Reason: Unsupported hardware.
[W105 16:31:35.777811555 NNPACK.cpp:56] Could not initialize NNPACK! Reason: Unsupported hardware.
[W105 16:31:35.782053528 NNPACK.cpp:56] Could not initialize NNPACK! Reason: Unsupported hardware.
[W105 16:31:35.783432119 NNPACK.cpp:56] Could not initialize NNPACK! Reason: Unsupported hardware.
[W105 16:31:35.783815021 NNPACK.cpp:56] Could not initialize NNPACK! Reason: Unsupported hardware.
[W105 16:31:35.785306343 NNPACK.cpp:56] Could not initialize NNPACK! Reason: Unsupported hardware.
[W105 16:31:35.785811697 NNPACK.cpp:56] Could not initialize NNPACK! Reason: Unsupported hardware.
[W105 16:31:35.786928476 NNPACK.cpp:56] Could not initialize NNPACK! Reason: Unsupported hardware.
0: 384x640 (no detections), 95.6ms
Speed: 1.6ms preprocess, 95.6ms inference, 0.5ms postprocess per image at shape (1, 3, 384, 640)
INFO:     127.0.0.1:41366 - "POST /identify HTTP/1.1" 200 OK
Falling back to default species list

[W105 16:31:54.794241782 NNPACK.cpp:56] Could not initialize NNPACK! Reason: Unsupported hardware.
[W105 16:31:54.798696145 NNPACK.cpp:56] Could not initialize NNPACK! Reason: Unsupported hardware.
[W105 16:31:54.802505675 NNPACK.cpp:56] Could not initialize NNPACK! Reason: Unsupported hardware.
[W105 16:31:54.808071067 NNPACK.cpp:56] Could not initialize NNPACK! Reason: Unsupported hardware.
[W105 16:31:54.811308162 NNPACK.cpp:56] Could not initialize NNPACK! Reason: Unsupported hardware.
[W105 16:31:54.816252010 NNPACK.cpp:56] Could not initialize NNPACK! Reason: Unsupported hardware.
[W105 16:31:54.819336713 NNPACK.cpp:56] Could not initialize NNPACK! Reason: Unsupported hardware.
[W105 16:31:54.821993784 NNPACK.cpp:56] Could not initialize NNPACK! Reason: Unsupported hardware.
[W105 16:31:54.822714519 NNPACK.cpp:56] Could not initialize NNPACK! Reason: Unsupported hardware.
[W105 16:31:54.827650166 NNPACK.cpp:56] Could not initialize NNPACK! Reason: Unsupported hardware.
[W105 16:31:54.829422810 NNPACK.cpp:56] Could not initialize NNPACK! Reason: Unsupported hardware.
[W105 16:31:54.832936377 NNPACK.cpp:56] Could not initialize NNPACK! Reason: Unsupported hardware.
[W105 16:31:54.836030101 NNPACK.cpp:56] Could not initialize NNPACK! Reason: Unsupported hardware.
[W105 16:31:54.840024602 NNPACK.cpp:56] Could not initialize NNPACK! Reason: Unsupported hardware.
[W105 16:31:54.842145438 NNPACK.cpp:56] Could not initialize NNPACK! Reason: Unsupported hardware.
[W105 16:31:54.845034540 NNPACK.cpp:56] Could not initialize NNPACK! Reason: Unsupported hardware.
[W105 16:31:54.847056325 NNPACK.cpp:56] Could not initialize NNPACK! Reason: Unsupported hardware.
[W105 16:31:54.849840277 NNPACK.cpp:56] Could not initialize NNPACK! Reason: Unsupported hardware.
[W105 16:31:54.857934759 NNPACK.cpp:56] Could not initialize NNPACK! Reason: Unsupported hardware.
[W105 16:31:54.869056963 NNPACK.cpp:56] Could not initialize NNPACK! Reason: Unsupported hardware.
[W105 16:31:54.872896493 NNPACK.cpp:56] Could not initialize NNPACK! Reason: Unsupported hardware.
[W105 16:31:54.877017024 NNPACK.cpp:56] Could not initialize NNPACK! Reason: Unsupported hardware.
[W105 16:31:54.878424625 NNPACK.cpp:56] Could not initialize NNPACK! Reason: Unsupported hardware.
[W105 16:31:54.879119320 NNPACK.cpp:56] Could not initialize NNPACK! Reason: Unsupported hardware.
[W105 16:31:54.880596432 NNPACK.cpp:56] Could not initialize NNPACK! Reason: Unsupported hardware.
[W105 16:31:54.881137296 NNPACK.cpp:56] Could not initialize NNPACK! Reason: Unsupported hardware.
[W105 16:31:54.882253115 NNPACK.cpp:56] Could not initialize NNPACK! Reason: Unsupported hardware.
0: 384x640 (no detections), 93.8ms
Speed: 1.6ms preprocess, 93.8ms inference, 0.4ms postprocess per image at shape (1, 3, 384, 640)
INFO:     127.0.0.1:48604 - "POST /identify HTTP/1.1" 200 OK
Falling back to default species list

[W105 16:32:16.516044927 NNPACK.cpp:56] Could not initialize NNPACK! Reason: Unsupported hardware.
[W105 16:32:16.520712992 NNPACK.cpp:56] Could not initialize NNPACK! Reason: Unsupported hardware.
[W105 16:32:16.524525842 NNPACK.cpp:56] Could not initialize NNPACK! Reason: Unsupported hardware.
[W105 16:32:16.529960333 NNPACK.cpp:56] Could not initialize NNPACK! Reason: Unsupported hardware.
[W105 16:32:16.533315259 NNPACK.cpp:56] Could not initialize NNPACK! Reason: Unsupported hardware.
[W105 16:32:16.538177776 NNPACK.cpp:56] Could not initialize NNPACK! Reason: Unsupported hardware.
[W105 16:32:16.541218340 NNPACK.cpp:56] Could not initialize NNPACK! Reason: Unsupported hardware.
[W105 16:32:16.543896100 NNPACK.cpp:56] Could not initialize NNPACK! Reason: Unsupported hardware.
[W105 16:32:16.544649886 NNPACK.cpp:56] Could not initialize NNPACK! Reason: Unsupported hardware.
[W105 16:32:16.549587034 NNPACK.cpp:56] Could not initialize NNPACK! Reason: Unsupported hardware.
[W105 16:32:16.551402338 NNPACK.cpp:56] Could not initialize NNPACK! Reason: Unsupported hardware.
[W105 16:32:16.554861364 NNPACK.cpp:56] Could not initialize NNPACK! Reason: Unsupported hardware.
[W105 16:32:16.558183329 NNPACK.cpp:56] Could not initialize NNPACK! Reason: Unsupported hardware.
[W105 16:32:16.562228680 NNPACK.cpp:56] Could not initialize NNPACK! Reason: Unsupported hardware.
[W105 16:32:16.564445687 NNPACK.cpp:56] Could not initialize NNPACK! Reason: Unsupported hardware.
[W105 16:32:16.567344580 NNPACK.cpp:56] Could not initialize NNPACK! Reason: Unsupported hardware.
[W105 16:32:16.569280135 NNPACK.cpp:56] Could not initialize NNPACK! Reason: Unsupported hardware.
[W105 16:32:16.572106606 NNPACK.cpp:56] Could not initialize NNPACK! Reason: Unsupported hardware.
[W105 16:32:16.580211578 NNPACK.cpp:56] Could not initialize NNPACK! Reason: Unsupported hardware.
[W105 16:32:16.591280293 NNPACK.cpp:56] Could not initialize NNPACK! Reason: Unsupported hardware.
[W105 16:32:16.595139183 NNPACK.cpp:56] Could not initialize NNPACK! Reason: Unsupported hardware.
[W105 16:32:16.599385605 NNPACK.cpp:56] Could not initialize NNPACK! Reason: Unsupported hardware.
[W105 16:32:16.600729175 NNPACK.cpp:56] Could not initialize NNPACK! Reason: Unsupported hardware.
[W105 16:32:16.601179659 NNPACK.cpp:56] Could not initialize NNPACK! Reason: Unsupported hardware.
[W105 16:32:16.602614399 NNPACK.cpp:56] Could not initialize NNPACK! Reason: Unsupported hardware.
[W105 16:32:16.603150924 NNPACK.cpp:56] Could not initialize NNPACK! Reason: Unsupported hardware.
[W105 16:32:16.604202522 NNPACK.cpp:56] Could not initialize NNPACK! Reason: Unsupported hardware.
0: 384x640 (no detections), 94.1ms
Speed: 1.6ms preprocess, 94.1ms inference, 0.5ms postprocess per image at shape (1, 3, 384, 640)
INFO:     127.0.0.1:55702 - "POST /identify HTTP/1.1" 200 OK
Falling back to default species list

[W105 16:32:45.926769504 NNPACK.cpp:56] Could not initialize NNPACK! Reason: Unsupported hardware.
[W105 16:32:45.931484061 NNPACK.cpp:56] Could not initialize NNPACK! Reason: Unsupported hardware.
[W105 16:32:45.935443743 NNPACK.cpp:56] Could not initialize NNPACK! Reason: Unsupported hardware.
[W105 16:32:45.941277326 NNPACK.cpp:56] Could not initialize NNPACK! Reason: Unsupported hardware.
[W105 16:32:45.944743990 NNPACK.cpp:56] Could not initialize NNPACK! Reason: Unsupported hardware.
[W105 16:32:45.949924825 NNPACK.cpp:56] Could not initialize NNPACK! Reason: Unsupported hardware.
[W105 16:32:45.953080505 NNPACK.cpp:56] Could not initialize NNPACK! Reason: Unsupported hardware.
[W105 16:32:45.955904051 NNPACK.cpp:56] Could not initialize NNPACK! Reason: Unsupported hardware.
[W105 16:32:45.956680274 NNPACK.cpp:56] Could not initialize NNPACK! Reason: Unsupported hardware.
[W105 16:32:45.961869078 NNPACK.cpp:56] Could not initialize NNPACK! Reason: Unsupported hardware.
[W105 16:32:45.963756038 NNPACK.cpp:56] Could not initialize NNPACK! Reason: Unsupported hardware.
[W105 16:32:45.967468062 NNPACK.cpp:56] Could not initialize NNPACK! Reason: Unsupported hardware.
[W105 16:32:45.970469549 NNPACK.cpp:56] Could not initialize NNPACK! Reason: Unsupported hardware.
[W105 16:32:45.974649410 NNPACK.cpp:56] Could not initialize NNPACK! Reason: Unsupported hardware.
[W105 16:32:45.976904143 NNPACK.cpp:56] Could not initialize NNPACK! Reason: Unsupported hardware.
[W105 16:32:45.979971318 NNPACK.cpp:56] Could not initialize NNPACK! Reason: Unsupported hardware.
[W105 16:32:45.982017261 NNPACK.cpp:56] Could not initialize NNPACK! Reason: Unsupported hardware.
[W105 16:32:45.984935893 NNPACK.cpp:56] Could not initialize NNPACK! Reason: Unsupported hardware.
[W105 16:32:45.993339423 NNPACK.cpp:56] Could not initialize NNPACK! Reason: Unsupported hardware.
[W105 16:32:45.004664695 NNPACK.cpp:56] Could not initialize NNPACK! Reason: Unsupported hardware.
[W105 16:32:45.008715873 NNPACK.cpp:56] Could not initialize NNPACK! Reason: Unsupported hardware.
[W105 16:32:45.013090286 NNPACK.cpp:56] Could not initialize NNPACK! Reason: Unsupported hardware.
[W105 16:32:45.014506318 NNPACK.cpp:56] Could not initialize NNPACK! Reason: Unsupported hardware.
[W105 16:32:45.014888209 NNPACK.cpp:56] Could not initialize NNPACK! Reason: Unsupported hardware.
[W105 16:32:45.016406727 NNPACK.cpp:56] Could not initialize NNPACK! Reason: Unsupported hardware.
[W105 16:32:45.016953842 NNPACK.cpp:56] Could not initialize NNPACK! Reason: Unsupported hardware.
[W105 16:32:45.018097847 NNPACK.cpp:56] Could not initialize NNPACK! Reason: Unsupported hardware.
0: 384x640 (no detections), 97.3ms
Speed: 1.6ms preprocess, 97.3ms inference, 0.5ms postprocess per image at shape (1, 3, 384, 640)
INFO:     127.0.0.1:49802 - "POST /identify HTTP/1.1" 200 OK
Falling back to default species list

[W105 18:35:08.165133352 NNPACK.cpp:56] Could not initialize NNPACK! Reason: Unsupported hardware.
[W105 18:35:08.169593876 NNPACK.cpp:56] Could not initialize NNPACK! Reason: Unsupported hardware.
[W105 18:35:08.173220674 NNPACK.cpp:56] Could not initialize NNPACK! Reason: Unsupported hardware.
[W105 18:35:08.178708605 NNPACK.cpp:56] Could not initialize NNPACK! Reason: Unsupported hardware.
[W105 18:35:08.182106112 NNPACK.cpp:56] Could not initialize NNPACK! Reason: Unsupported hardware.
[W105 18:35:08.187104201 NNPACK.cpp:56] Could not initialize NNPACK! Reason: Unsupported hardware.
[W105 18:35:08.190159624 NNPACK.cpp:56] Could not initialize NNPACK! Reason: Unsupported hardware.
[W105 18:35:08.192938636 NNPACK.cpp:56] Could not initialize NNPACK! Reason: Unsupported hardware.
[W105 18:35:08.193680401 NNPACK.cpp:56] Could not initialize NNPACK! Reason: Unsupported hardware.
[W105 18:35:08.198522538 NNPACK.cpp:56] Could not initialize NNPACK! Reason: Unsupported hardware.
[W105 18:35:08.200265561 NNPACK.cpp:56] Could not initialize NNPACK! Reason: Unsupported hardware.
[W105 18:35:08.203835719 NNPACK.cpp:56] Could not initialize NNPACK! Reason: Unsupported hardware.
[W105 18:35:08.206709341 NNPACK.cpp:56] Could not initialize NNPACK! Reason: Unsupported hardware.
[W105 18:35:08.210675861 NNPACK.cpp:56] Could not initialize NNPACK! Reason: Unsupported hardware.
[W105 18:35:08.212831469 NNPACK.cpp:56] Could not initialize NNPACK! Reason: Unsupported hardware.
[W105 18:35:08.215783661 NNPACK.cpp:56] Could not initialize NNPACK! Reason: Unsupported hardware.
[W105 18:35:08.217716586 NNPACK.cpp:56] Could not initialize NNPACK! Reason: Unsupported hardware.
[W105 18:35:08.220589037 NNPACK.cpp:56] Could not initialize NNPACK! Reason: Unsupported hardware.
[W105 18:35:08.228627369 NNPACK.cpp:56] Could not initialize NNPACK! Reason: Unsupported hardware.
[W105 18:35:08.239660184 NNPACK.cpp:56] Could not initialize NNPACK! Reason: Unsupported hardware.
[W105 18:35:08.243414853 NNPACK.cpp:56] Could not initialize NNPACK! Reason: Unsupported hardware.
[W105 18:35:08.247714076 NNPACK.cpp:56] Could not initialize NNPACK! Reason: Unsupported hardware.
[W105 18:35:08.249098677 NNPACK.cpp:56] Could not initialize NNPACK! Reason: Unsupported hardware.
[W105 18:35:08.249591251 NNPACK.cpp:56] Could not initialize NNPACK! Reason: Unsupported hardware.
[W105 18:35:08.251139973 NNPACK.cpp:56] Could not initialize NNPACK! Reason: Unsupported hardware.
[W105 18:35:08.251651117 NNPACK.cpp:56] Could not initialize NNPACK! Reason: Unsupported hardware.
[W105 18:35:08.252629434 NNPACK.cpp:56] Could not initialize NNPACK! Reason: Unsupported hardware.
0: 384x640 (no detections), 93.3ms
Speed: 1.6ms preprocess, 93.3ms inference, 0.4ms postprocess per image at shape (1, 3, 384, 640)
INFO:     127.0.0.1:40612 - "POST /identify HTTP/1.1" 200 OK
Falling back to default species list

[W105 18:35:32.513689591 NNPACK.cpp:56] Could not initialize NNPACK! Reason: Unsupported hardware.
[W105 18:35:32.518336267 NNPACK.cpp:56] Could not initialize NNPACK! Reason: Unsupported hardware.
[W105 18:35:32.522144956 NNPACK.cpp:56] Could not initialize NNPACK! Reason: Unsupported hardware.
[W105 18:35:32.527701508 NNPACK.cpp:56] Could not initialize NNPACK! Reason: Unsupported hardware.
[W105 18:35:32.531053295 NNPACK.cpp:56] Could not initialize NNPACK! Reason: Unsupported hardware.
[W105 18:35:32.536052374 NNPACK.cpp:56] Could not initialize NNPACK! Reason: Unsupported hardware.
[W105 18:35:32.539122257 NNPACK.cpp:56] Could not initialize NNPACK! Reason: Unsupported hardware.
[W105 18:35:32.541861739 NNPACK.cpp:56] Could not initialize NNPACK! Reason: Unsupported hardware.
[W105 18:35:32.542627204 NNPACK.cpp:56] Could not initialize NNPACK! Reason: Unsupported hardware.
[W105 18:35:32.547469581 NNPACK.cpp:56] Could not initialize NNPACK! Reason: Unsupported hardware.
[W105 18:35:32.549270635 NNPACK.cpp:56] Could not initialize NNPACK! Reason: Unsupported hardware.
[W105 18:35:32.552818022 NNPACK.cpp:56] Could not initialize NNPACK! Reason: Unsupported hardware.
[W105 18:35:32.556587592 NNPACK.cpp:56] Could not initialize NNPACK! Reason: Unsupported hardware.
[W105 18:35:32.560732473 NNPACK.cpp:56] Could not initialize NNPACK! Reason: Unsupported hardware.
[W105 18:35:32.562966801 NNPACK.cpp:56] Could not initialize NNPACK! Reason: Unsupported hardware.
[W105 18:35:32.565952984 NNPACK.cpp:56] Could not initialize NNPACK! Reason: Unsupported hardware.
[W105 18:35:32.567906829 NNPACK.cpp:56] Could not initialize NNPACK! Reason: Unsupported hardware.
[W105 18:35:32.570826231 NNPACK.cpp:56] Could not initialize NNPACK! Reason: Unsupported hardware.
[W105 18:35:32.578972994 NNPACK.cpp:56] Could not initialize NNPACK! Reason: Unsupported hardware.
[W105 18:35:32.590158360 NNPACK.cpp:56] Could not initialize NNPACK! Reason: Unsupported hardware.
[W105 18:35:32.594126461 NNPACK.cpp:56] Could not initialize NNPACK! Reason: Unsupported hardware.
[W105 18:35:32.598321153 NNPACK.cpp:56] Could not initialize NNPACK! Reason: Unsupported hardware.
[W105 18:35:32.599685623 NNPACK.cpp:56] Could not initialize NNPACK! Reason: Unsupported hardware.
[W105 18:35:32.600100967 NNPACK.cpp:56] Could not initialize NNPACK! Reason: Unsupported hardware.
[W105 18:35:32.601533957 NNPACK.cpp:56] Could not initialize NNPACK! Reason: Unsupported hardware.
[W105 18:35:32.602053542 NNPACK.cpp:56] Could not initialize NNPACK! Reason: Unsupported hardware.
[W105 18:35:32.603116540 NNPACK.cpp:56] Could not initialize NNPACK! Reason: Unsupported hardware.
0: 384x640 (no detections), 95.3ms
Speed: 1.6ms preprocess, 95.3ms inference, 0.5ms postprocess per image at shape (1, 3, 384, 640)
INFO:     127.0.0.1:36020 - "POST /identify HTTP/1.1" 200 OK
Falling back to default species list

[W105 18:35:54.814460821 NNPACK.cpp:56] Could not initialize NNPACK! Reason: Unsupported hardware.
[W105 18:35:54.827433112 NNPACK.cpp:56] Could not initialize NNPACK! Reason: Unsupported hardware.
[W105 18:35:54.831265420 NNPACK.cpp:56] Could not initialize NNPACK! Reason: Unsupported hardware.
[W105 18:35:54.837119815 NNPACK.cpp:56] Could not initialize NNPACK! Reason: Unsupported hardware.
[W105 18:35:54.840478332 NNPACK.cpp:56] Could not initialize NNPACK! Reason: Unsupported hardware.
[W105 18:35:54.845568551 NNPACK.cpp:56] Could not initialize NNPACK! Reason: Unsupported hardware.
[W105 18:35:54.848685645 NNPACK.cpp:56] Could not initialize NNPACK! Reason: Unsupported hardware.
[W105 18:35:54.851490747 NNPACK.cpp:56] Could not initialize NNPACK! Reason: Unsupported hardware.
[W105 18:35:54.852273913 NNPACK.cpp:56] Could not initialize NNPACK! Reason: Unsupported hardware.
[W105 18:35:54.857291041 NNPACK.cpp:56] Could not initialize NNPACK! Reason: Unsupported hardware.
[W105 18:35:54.859109645 NNPACK.cpp:56] Could not initialize NNPACK! Reason: Unsupported hardware.
[W105 18:35:54.862708303 NNPACK.cpp:56] Could not initialize NNPACK! Reason: Unsupported hardware.
[W105 18:35:54.865616326 NNPACK.cpp:56] Could not initialize NNPACK! Reason: Unsupported hardware.
[W105 18:35:54.869797248 NNPACK.cpp:56] Could not initialize NNPACK! Reason: Unsupported hardware.
[W105 18:35:54.872074536 NNPACK.cpp:56] Could not initialize NNPACK! Reason: Unsupported hardware.
[W105 18:35:54.875180029 NNPACK.cpp:56] Could not initialize NNPACK! Reason: Unsupported hardware.
[W105 18:35:54.877199195 NNPACK.cpp:56] Could not initialize NNPACK! Reason: Unsupported hardware.
[W105 18:35:54.880145348 NNPACK.cpp:56] Could not initialize NNPACK! Reason: Unsupported hardware.
[W105 18:35:54.889899354 NNPACK.cpp:56] Could not initialize NNPACK! Reason: Unsupported hardware.
[W105 18:35:54.901777395 NNPACK.cpp:56] Could not initialize NNPACK! Reason: Unsupported hardware.
[W105 18:35:54.905867647 NNPACK.cpp:56] Could not initialize NNPACK! Reason: Unsupported hardware.
[W105 18:35:54.910228360 NNPACK.cpp:56] Could not initialize NNPACK! Reason: Unsupported hardware.
[W105 18:35:54.911581101 NNPACK.cpp:56] Could not initialize NNPACK! Reason: Unsupported hardware.
[W105 18:35:54.911981034 NNPACK.cpp:56] Could not initialize NNPACK! Reason: Unsupported hardware.
[W105 18:35:54.913432975 NNPACK.cpp:56] Could not initialize NNPACK! Reason: Unsupported hardware.
[W105 18:35:54.913949609 NNPACK.cpp:56] Could not initialize NNPACK! Reason: Unsupported hardware.
[W105 18:35:54.915430781 NNPACK.cpp:56] Could not initialize NNPACK! Reason: Unsupported hardware.
0: 384x640 1 chair, 107.1ms
Speed: 1.7ms preprocess, 107.1ms inference, 0.8ms postprocess per image at shape (1, 3, 384, 640)
INFO:     127.0.0.1:46114 - "POST /identify HTTP/1.1" 200 OK
Falling back to default species list

[W105 18:36:16.505534672 NNPACK.cpp:56] Could not initialize NNPACK! Reason: Unsupported hardware.
[W105 18:36:16.510119417 NNPACK.cpp:56] Could not initialize NNPACK! Reason: Unsupported hardware.
[W105 18:36:16.513830166 NNPACK.cpp:56] Could not initialize NNPACK! Reason: Unsupported hardware.
[W105 18:36:16.519407509 NNPACK.cpp:56] Could not initialize NNPACK! Reason: Unsupported hardware.
[W105 18:36:16.522704925 NNPACK.cpp:56] Could not initialize NNPACK! Reason: Unsupported hardware.
[W105 18:36:16.527678593 NNPACK.cpp:56] Could not initialize NNPACK! Reason: Unsupported hardware.
[W105 18:36:16.530711447 NNPACK.cpp:56] Could not initialize NNPACK! Reason: Unsupported hardware.
[W105 18:36:16.533420917 NNPACK.cpp:56] Could not initialize NNPACK! Reason: Unsupported hardware.
[W105 18:36:16.534154743 NNPACK.cpp:56] Could not initialize NNPACK! Reason: Unsupported hardware.
[W105 18:36:16.539077101 NNPACK.cpp:56] Could not initialize NNPACK! Reason: Unsupported hardware.
[W105 18:36:16.540849235 NNPACK.cpp:56] Could not initialize NNPACK! Reason: Unsupported hardware.
[W105 18:36:16.544443802 NNPACK.cpp:56] Could not initialize NNPACK! Reason: Unsupported hardware.
[W105 18:36:16.547278165 NNPACK.cpp:56] Could not initialize NNPACK! Reason: Unsupported hardware.
[W105 18:36:16.551328896 NNPACK.cpp:56] Could not initialize NNPACK! Reason: Unsupported hardware.
[W105 18:36:16.553592483 NNPACK.cpp:56] Could not initialize NNPACK! Reason: Unsupported hardware.
[W105 18:36:16.556588167 NNPACK.cpp:56] Could not initialize NNPACK! Reason: Unsupported hardware.
[W105 18:36:16.558560772 NNPACK.cpp:56] Could not initialize NNPACK! Reason: Unsupported hardware.
[W105 18:36:16.561432614 NNPACK.cpp:56] Could not initialize NNPACK! Reason: Unsupported hardware.
[W105 18:36:16.569573887 NNPACK.cpp:56] Could not initialize NNPACK! Reason: Unsupported hardware.
[W105 18:36:16.581581450 NNPACK.cpp:56] Could not initialize NNPACK! Reason: Unsupported hardware.
[W105 18:36:16.585661871 NNPACK.cpp:56] Could not initialize NNPACK! Reason: Unsupported hardware.
[W105 18:36:16.589873474 NNPACK.cpp:56] Could not initialize NNPACK! Reason: Unsupported hardware.
[W105 18:36:16.591240555 NNPACK.cpp:56] Could not initialize NNPACK! Reason: Unsupported hardware.
[W105 18:36:16.591640498 NNPACK.cpp:56] Could not initialize NNPACK! Reason: Unsupported hardware.
[W105 18:36:16.593066309 NNPACK.cpp:56] Could not initialize NNPACK! Reason: Unsupported hardware.
[W105 18:36:16.593593643 NNPACK.cpp:56] Could not initialize NNPACK! Reason: Unsupported hardware.
[W105 18:36:16.594679251 NNPACK.cpp:56] Could not initialize NNPACK! Reason: Unsupported hardware.
0: 384x640 (no detections), 95.2ms
Speed: 1.6ms preprocess, 95.2ms inference, 0.4ms postprocess per image at shape (1, 3, 384, 640)
INFO:     127.0.0.1:34948 - "POST /identify HTTP/1.1" 200 OK
Falling back to default species list

[W105 18:36:38.825724413 NNPACK.cpp:56] Could not initialize NNPACK! Reason: Unsupported hardware.
[W105 18:36:38.830425260 NNPACK.cpp:56] Could not initialize NNPACK! Reason: Unsupported hardware.
[W105 18:36:38.834107359 NNPACK.cpp:56] Could not initialize NNPACK! Reason: Unsupported hardware.
[W105 18:36:38.839575330 NNPACK.cpp:56] Could not initialize NNPACK! Reason: Unsupported hardware.
[W105 18:36:38.842865206 NNPACK.cpp:56] Could not initialize NNPACK! Reason: Unsupported hardware.
[W105 18:36:38.847845114 NNPACK.cpp:56] Could not initialize NNPACK! Reason: Unsupported hardware.
[W105 18:36:38.850864778 NNPACK.cpp:56] Could not initialize NNPACK! Reason: Unsupported hardware.
[W105 18:36:38.853529539 NNPACK.cpp:56] Could not initialize NNPACK! Reason: Unsupported hardware.
[W105 18:36:38.854285135 NNPACK.cpp:56] Could not initialize NNPACK! Reason: Unsupported hardware.
[W105 18:36:38.859144482 NNPACK.cpp:56] Could not initialize NNPACK! Reason: Unsupported hardware.
[W105 18:36:38.860911986 NNPACK.cpp:56] Could not initialize NNPACK! Reason: Unsupported hardware.
[W105 18:36:38.864445814 NNPACK.cpp:56] Could not initialize NNPACK! Reason: Unsupported hardware.
[W105 18:36:38.867330086 NNPACK.cpp:56] Could not initialize NNPACK! Reason: Unsupported hardware.
[W105 18:36:38.871377097 NNPACK.cpp:56] Could not initialize NNPACK! Reason: Unsupported hardware.
[W105 18:36:38.873573414 NNPACK.cpp:56] Could not initialize NNPACK! Reason: Unsupported hardware.
[W105 18:36:38.876515627 NNPACK.cpp:56] Could not initialize NNPACK! Reason: Unsupported hardware.
[W105 18:36:38.878442192 NNPACK.cpp:56] Could not initialize NNPACK! Reason: Unsupported hardware.
[W105 18:36:38.881260224 NNPACK.cpp:56] Could not initialize NNPACK! Reason: Unsupported hardware.
[W105 18:36:38.889350706 NNPACK.cpp:56] Could not initialize NNPACK! Reason: Unsupported hardware.
[W105 18:36:38.900407982 NNPACK.cpp:56] Could not initialize NNPACK! Reason: Unsupported hardware.
[W105 18:36:38.904169312 NNPACK.cpp:56] Could not initialize NNPACK! Reason: Unsupported hardware.
[W105 18:36:38.908377894 NNPACK.cpp:56] Could not initialize NNPACK! Reason: Unsupported hardware.
[W105 18:36:38.909683004 NNPACK.cpp:56] Could not initialize NNPACK! Reason: Unsupported hardware.
[W105 18:36:38.910080246 NNPACK.cpp:56] Could not initialize NNPACK! Reason: Unsupported hardware.
[W105 18:36:38.911503858 NNPACK.cpp:56] Could not initialize NNPACK! Reason: Unsupported hardware.
[W105 18:36:38.912020561 NNPACK.cpp:56] Could not initialize NNPACK! Reason: Unsupported hardware.
[W105 18:36:38.913101440 NNPACK.cpp:56] Could not initialize NNPACK! Reason: Unsupported hardware.
0: 384x640 1 chair, 93.2ms
Speed: 1.6ms preprocess, 93.2ms inference, 0.7ms postprocess per image at shape (1, 3, 384, 640)
INFO:     127.0.0.1:54658 - "POST /identify HTTP/1.1" 200 OK
Falling back to default species list

[W105 18:40:41.834959803 NNPACK.cpp:56] Could not initialize NNPACK! Reason: Unsupported hardware.
[W105 18:40:41.839750000 NNPACK.cpp:56] Could not initialize NNPACK! Reason: Unsupported hardware.
[W105 18:40:41.843908464 NNPACK.cpp:56] Could not initialize NNPACK! Reason: Unsupported hardware.
[W105 18:40:41.850028572 NNPACK.cpp:56] Could not initialize NNPACK! Reason: Unsupported hardware.
[W105 18:40:41.853365918 NNPACK.cpp:56] Could not initialize NNPACK! Reason: Unsupported hardware.
[W105 18:40:41.858663170 NNPACK.cpp:56] Could not initialize NNPACK! Reason: Unsupported hardware.
[W105 18:40:41.862253938 NNPACK.cpp:56] Could not initialize NNPACK! Reason: Unsupported hardware.
[W105 18:40:41.865307532 NNPACK.cpp:56] Could not initialize NNPACK! Reason: Unsupported hardware.
[W105 18:40:41.866074748 NNPACK.cpp:56] Could not initialize NNPACK! Reason: Unsupported hardware.
[W105 18:40:41.871521490 NNPACK.cpp:56] Could not initialize NNPACK! Reason: Unsupported hardware.
[W105 18:40:41.873756808 NNPACK.cpp:56] Could not initialize NNPACK! Reason: Unsupported hardware.
[W105 18:40:41.877545538 NNPACK.cpp:56] Could not initialize NNPACK! Reason: Unsupported hardware.
[W105 18:40:41.880764353 NNPACK.cpp:56] Could not initialize NNPACK! Reason: Unsupported hardware.
[W105 18:40:41.885252348 NNPACK.cpp:56] Could not initialize NNPACK! Reason: Unsupported hardware.
[W105 18:40:41.887736008 NNPACK.cpp:56] Could not initialize NNPACK! Reason: Unsupported hardware.
[W105 18:40:41.890986944 NNPACK.cpp:56] Could not initialize NNPACK! Reason: Unsupported hardware.
[W105 18:40:41.893136851 NNPACK.cpp:56] Could not initialize NNPACK! Reason: Unsupported hardware.
[W105 18:40:41.895989074 NNPACK.cpp:56] Could not initialize NNPACK! Reason: Unsupported hardware.
[W105 18:40:41.904678882 NNPACK.cpp:56] Could not initialize NNPACK! Reason: Unsupported hardware.
[W105 18:40:41.916223953 NNPACK.cpp:56] Could not initialize NNPACK! Reason: Unsupported hardware.
[W105 18:40:41.920503266 NNPACK.cpp:56] Could not initialize NNPACK! Reason: Unsupported hardware.
[W105 18:40:41.924886791 NNPACK.cpp:56] Could not initialize NNPACK! Reason: Unsupported hardware.
[W105 18:40:41.926588984 NNPACK.cpp:56] Could not initialize NNPACK! Reason: Unsupported hardware.
[W105 18:40:41.927094098 NNPACK.cpp:56] Could not initialize NNPACK! Reason: Unsupported hardware.
[W105 18:40:41.928501189 NNPACK.cpp:56] Could not initialize NNPACK! Reason: Unsupported hardware.
[W105 18:40:41.929018473 NNPACK.cpp:56] Could not initialize NNPACK! Reason: Unsupported hardware.
[W105 18:40:41.930106762 NNPACK.cpp:56] Could not initialize NNPACK! Reason: Unsupported hardware.
0: 384x640 (no detections), 101.1ms
Speed: 1.6ms preprocess, 101.1ms inference, 0.5ms postprocess per image at shape (1, 3, 384, 640)
INFO:     127.0.0.1:49332 - "POST /identify HTTP/1.1" 200 OK
Falling back to default species list

[W105 18:41:05.647584641 NNPACK.cpp:56] Could not initialize NNPACK! Reason: Unsupported hardware.
[W105 18:41:05.652396868 NNPACK.cpp:56] Could not initialize NNPACK! Reason: Unsupported hardware.
[W105 18:41:05.656346410 NNPACK.cpp:56] Could not initialize NNPACK! Reason: Unsupported hardware.
[W105 18:41:05.661953474 NNPACK.cpp:56] Could not initialize NNPACK! Reason: Unsupported hardware.
[W105 18:41:05.665383521 NNPACK.cpp:56] Could not initialize NNPACK! Reason: Unsupported hardware.
[W105 18:41:05.670508581 NNPACK.cpp:56] Could not initialize NNPACK! Reason: Unsupported hardware.
[W105 18:41:05.673650706 NNPACK.cpp:56] Could not initialize NNPACK! Reason: Unsupported hardware.
[W105 18:41:05.676642180 NNPACK.cpp:56] Could not initialize NNPACK! Reason: Unsupported hardware.
[W105 18:41:05.677437646 NNPACK.cpp:56] Could not initialize NNPACK! Reason: Unsupported hardware.
[W105 18:41:05.682505975 NNPACK.cpp:56] Could not initialize NNPACK! Reason: Unsupported hardware.
[W105 18:41:05.684349570 NNPACK.cpp:56] Could not initialize NNPACK! Reason: Unsupported hardware.
[W105 18:41:05.688039569 NNPACK.cpp:56] Could not initialize NNPACK! Reason: Unsupported hardware.
[W105 18:41:05.691577887 NNPACK.cpp:56] Could not initialize NNPACK! Reason: Unsupported hardware.
[W105 18:41:05.695862061 NNPACK.cpp:56] Could not initialize NNPACK! Reason: Unsupported hardware.
[W105 18:41:05.698219209 NNPACK.cpp:56] Could not initialize NNPACK! Reason: Unsupported hardware.
[W105 18:41:05.701338074 NNPACK.cpp:56] Could not initialize NNPACK! Reason: Unsupported hardware.
[W105 18:41:05.703334870 NNPACK.cpp:56] Could not initialize NNPACK! Reason: Unsupported hardware.
[W105 18:41:05.706145392 NNPACK.cpp:56] Could not initialize NNPACK! Reason: Unsupported hardware.
[W105 18:41:05.714351957 NNPACK.cpp:56] Could not initialize NNPACK! Reason: Unsupported hardware.
[W105 18:41:05.725738836 NNPACK.cpp:56] Could not initialize NNPACK! Reason: Unsupported hardware.
[W105 18:41:05.729720598 NNPACK.cpp:56] Could not initialize NNPACK! Reason: Unsupported hardware.
[W105 18:41:05.734165353 NNPACK.cpp:56] Could not initialize NNPACK! Reason: Unsupported hardware.
[W105 18:41:05.735534274 NNPACK.cpp:56] Could not initialize NNPACK! Reason: Unsupported hardware.
[W105 18:41:05.735910016 NNPACK.cpp:56] Could not initialize NNPACK! Reason: Unsupported hardware.
[W105 18:41:05.737316178 NNPACK.cpp:56] Could not initialize NNPACK! Reason: Unsupported hardware.
[W105 18:41:05.737817542 NNPACK.cpp:56] Could not initialize NNPACK! Reason: Unsupported hardware.
[W105 18:41:05.738932591 NNPACK.cpp:56] Could not initialize NNPACK! Reason: Unsupported hardware.
0: 384x640 (no detections), 97.5ms
Speed: 1.9ms preprocess, 97.5ms inference, 0.6ms postprocess per image at shape (1, 3, 384, 640)
INFO:     127.0.0.1:53354 - "POST /identify HTTP/1.1" 200 OK
Falling back to default species list

[W105 18:41:28.077049859 NNPACK.cpp:56] Could not initialize NNPACK! Reason: Unsupported hardware.
[W105 18:41:28.082619232 NNPACK.cpp:56] Could not initialize NNPACK! Reason: Unsupported hardware.
[W105 18:41:28.086531963 NNPACK.cpp:56] Could not initialize NNPACK! Reason: Unsupported hardware.
[W105 18:41:29.092205528 NNPACK.cpp:56] Could not initialize NNPACK! Reason: Unsupported hardware.
[W105 18:41:29.095637895 NNPACK.cpp:56] Could not initialize NNPACK! Reason: Unsupported hardware.
[W105 18:41:29.100842586 NNPACK.cpp:56] Could not initialize NNPACK! Reason: Unsupported hardware.
[W105 18:41:29.103942441 NNPACK.cpp:56] Could not initialize NNPACK! Reason: Unsupported hardware.
[W105 18:41:29.106678472 NNPACK.cpp:56] Could not initialize NNPACK! Reason: Unsupported hardware.
[W105 18:41:29.107454509 NNPACK.cpp:56] Could not initialize NNPACK! Reason: Unsupported hardware.
[W105 18:41:29.112541658 NNPACK.cpp:56] Could not initialize NNPACK! Reason: Unsupported hardware.
[W105 18:41:29.114396133 NNPACK.cpp:56] Could not initialize NNPACK! Reason: Unsupported hardware.
[W105 18:41:29.118073902 NNPACK.cpp:56] Could not initialize NNPACK! Reason: Unsupported hardware.
[W105 18:41:29.121433249 NNPACK.cpp:56] Could not initialize NNPACK! Reason: Unsupported hardware.
[W105 18:41:29.125640832 NNPACK.cpp:56] Could not initialize NNPACK! Reason: Unsupported hardware.
[W105 18:41:29.127972170 NNPACK.cpp:56] Could not initialize NNPACK! Reason: Unsupported hardware.
[W105 18:41:29.131067335 NNPACK.cpp:56] Could not initialize NNPACK! Reason: Unsupported hardware.
[W105 18:41:29.133082541 NNPACK.cpp:56] Could not initialize NNPACK! Reason: Unsupported hardware.
[W105 18:41:29.136726659 NNPACK.cpp:56] Could not initialize NNPACK! Reason: Unsupported hardware.
[W105 18:41:29.145098926 NNPACK.cpp:56] Could not initialize NNPACK! Reason: Unsupported hardware.
[W105 18:41:29.156799727 NNPACK.cpp:56] Could not initialize NNPACK! Reason: Unsupported hardware.
[W105 18:41:29.160936340 NNPACK.cpp:56] Could not initialize NNPACK! Reason: Unsupported hardware.
[W105 18:41:29.165578727 NNPACK.cpp:56] Could not initialize NNPACK! Reason: Unsupported hardware.
[W105 18:41:29.167058249 NNPACK.cpp:56] Could not initialize NNPACK! Reason: Unsupported hardware.
[W105 18:41:29.167484912 NNPACK.cpp:56] Could not initialize NNPACK! Reason: Unsupported hardware.
[W105 18:41:29.168896382 NNPACK.cpp:56] Could not initialize NNPACK! Reason: Unsupported hardware.
[W105 18:41:29.169435547 NNPACK.cpp:56] Could not initialize NNPACK! Reason: Unsupported hardware.
[W105 18:41:29.170584586 NNPACK.cpp:56] Could not initialize NNPACK! Reason: Unsupported hardware.
0: 384x640 (no detections), 99.5ms
Speed: 1.6ms preprocess, 99.5ms inference, 0.5ms postprocess per image at shape (1, 3, 384, 640)
INFO:     127.0.0.1:55898 - "POST /identify HTTP/1.1" 200 OK
Falling back to default species list

[W105 18:41:51.928597357 NNPACK.cpp:56] Could not initialize NNPACK! Reason: Unsupported hardware.
[W105 18:41:51.933144994 NNPACK.cpp:56] Could not initialize NNPACK! Reason: Unsupported hardware.
[W105 18:41:51.936707461 NNPACK.cpp:56] Could not initialize NNPACK! Reason: Unsupported hardware.
[W105 18:41:51.942074694 NNPACK.cpp:56] Could not initialize NNPACK! Reason: Unsupported hardware.
[W105 18:41:51.945263859 NNPACK.cpp:56] Could not initialize NNPACK! Reason: Unsupported hardware.
[W105 18:41:51.950067277 NNPACK.cpp:56] Could not initialize NNPACK! Reason: Unsupported hardware.
[W105 18:41:51.953029691 NNPACK.cpp:56] Could not initialize NNPACK! Reason: Unsupported hardware.
[W105 18:41:51.955667281 NNPACK.cpp:56] Could not initialize NNPACK! Reason: Unsupported hardware.
[W105 18:41:51.956385346 NNPACK.cpp:56] Could not initialize NNPACK! Reason: Unsupported hardware.
[W105 18:41:51.961321676 NNPACK.cpp:56] Could not initialize NNPACK! Reason: Unsupported hardware.
[W105 18:41:51.963049960 NNPACK.cpp:56] Could not initialize NNPACK! Reason: Unsupported hardware.
[W105 18:41:51.966497826 NNPACK.cpp:56] Could not initialize NNPACK! Reason: Unsupported hardware.
[W105 18:41:51.969472670 NNPACK.cpp:56] Could not initialize NNPACK! Reason: Unsupported hardware.
[W105 18:41:51.973522282 NNPACK.cpp:56] Could not initialize NNPACK! Reason: Unsupported hardware.
[W105 18:41:51.975670679 NNPACK.cpp:56] Could not initialize NNPACK! Reason: Unsupported hardware.
[W105 18:41:51.978539011 NNPACK.cpp:56] Could not initialize NNPACK! Reason: Unsupported hardware.
[W105 18:41:51.980434026 NNPACK.cpp:56] Could not initialize NNPACK! Reason: Unsupported hardware.
[W105 18:41:51.983214289 NNPACK.cpp:56] Could not initialize NNPACK! Reason: Unsupported hardware.
[W105 18:41:51.991280252 NNPACK.cpp:56] Could not initialize NNPACK! Reason: Unsupported hardware.
[W105 18:41:51.002267459 NNPACK.cpp:56] Could not initialize NNPACK! Reason: Unsupported hardware.
[W105 18:41:51.005960408 NNPACK.cpp:56] Could not initialize NNPACK! Reason: Unsupported hardware.
[W105 18:41:51.010112731 NNPACK.cpp:56] Could not initialize NNPACK! Reason: Unsupported hardware.
[W105 18:41:51.011426331 NNPACK.cpp:56] Could not initialize NNPACK! Reason: Unsupported hardware.
[W105 18:41:51.011809974 NNPACK.cpp:56] Could not initialize NNPACK! Reason: Unsupported hardware.
[W105 18:41:51.013264016 NNPACK.cpp:56] Could not initialize NNPACK! Reason: Unsupported hardware.
[W105 18:41:51.013768210 NNPACK.cpp:56] Could not initialize NNPACK! Reason: Unsupported hardware.
[W105 18:41:51.014819808 NNPACK.cpp:56] Could not initialize NNPACK! Reason: Unsupported hardware.
0: 384x640 (no detections), 92.0ms
Speed: 1.6ms preprocess, 92.0ms inference, 0.5ms postprocess per image at shape (1, 3, 384, 640)
INFO:     127.0.0.1:49536 - "POST /identify HTTP/1.1" 200 OK
Falling back to default species list

[W105 18:42:15.416016488 NNPACK.cpp:56] Could not initialize NNPACK! Reason: Unsupported hardware.
[W105 18:42:15.420850985 NNPACK.cpp:56] Could not initialize NNPACK! Reason: Unsupported hardware.
[W105 18:42:15.424929998 NNPACK.cpp:56] Could not initialize NNPACK! Reason: Unsupported hardware.
[W105 18:42:15.430925475 NNPACK.cpp:56] Could not initialize NNPACK! Reason: Unsupported hardware.
[W105 18:42:15.434576304 NNPACK.cpp:56] Could not initialize NNPACK! Reason: Unsupported hardware.
[W105 18:42:15.440051257 NNPACK.cpp:56] Could not initialize NNPACK! Reason: Unsupported hardware.
[W105 18:42:15.443293373 NNPACK.cpp:56] Could not initialize NNPACK! Reason: Unsupported hardware.
[W105 18:42:15.446435048 NNPACK.cpp:56] Could not initialize NNPACK! Reason: Unsupported hardware.
[W105 18:42:15.447227394 NNPACK.cpp:56] Could not initialize NNPACK! Reason: Unsupported hardware.
[W105 18:42:15.452776228 NNPACK.cpp:56] Could not initialize NNPACK! Reason: Unsupported hardware.
[W105 18:42:15.454707473 NNPACK.cpp:56] Could not initialize NNPACK! Reason: Unsupported hardware.
[W105 18:42:15.458631264 NNPACK.cpp:56] Could not initialize NNPACK! Reason: Unsupported hardware.
[W105 18:42:15.462031991 NNPACK.cpp:56] Could not initialize NNPACK! Reason: Unsupported hardware.
[W105 18:42:15.466573247 NNPACK.cpp:56] Could not initialize NNPACK! Reason: Unsupported hardware.
[W105 18:42:15.468960095 NNPACK.cpp:56] Could not initialize NNPACK! Reason: Unsupported hardware.
[W105 18:42:15.472352373 NNPACK.cpp:56] Could not initialize NNPACK! Reason: Unsupported hardware.
[W105 18:42:15.474603070 NNPACK.cpp:56] Could not initialize NNPACK! Reason: Unsupported hardware.
[W105 18:42:15.477892417 NNPACK.cpp:56] Could not initialize NNPACK! Reason: Unsupported hardware.
[W105 18:42:15.487832455 NNPACK.cpp:56] Could not initialize NNPACK! Reason: Unsupported hardware.
[W105 18:42:15.500059632 NNPACK.cpp:56] Could not initialize NNPACK! Reason: Unsupported hardware.
[W105 18:42:15.504481806 NNPACK.cpp:56] Could not initialize NNPACK! Reason: Unsupported hardware.
[W105 18:42:15.509094903 NNPACK.cpp:56] Could not initialize NNPACK! Reason: Unsupported hardware.
[W105 18:42:15.510585025 NNPACK.cpp:56] Could not initialize NNPACK! Reason: Unsupported hardware.
[W105 18:42:15.511049268 NNPACK.cpp:56] Could not initialize NNPACK! Reason: Unsupported hardware.
[W105 18:42:15.512590990 NNPACK.cpp:56] Could not initialize NNPACK! Reason: Unsupported hardware.
[W105 18:42:15.513229295 NNPACK.cpp:56] Could not initialize NNPACK! Reason: Unsupported hardware.
[W105 18:42:15.514546186 NNPACK.cpp:56] Could not initialize NNPACK! Reason: Unsupported hardware.
0: 384x640 (no detections), 105.1ms
Speed: 1.8ms preprocess, 105.1ms inference, 0.5ms postprocess per image at shape (1, 3, 384, 640)
INFO:     127.0.0.1:50730 - "POST /identify HTTP/1.1" 200 OK
Falling back to default species list

[W105 18:54:46.675498380 NNPACK.cpp:56] Could not initialize NNPACK! Reason: Unsupported hardware.
[W105 18:54:46.687854805 NNPACK.cpp:56] Could not initialize NNPACK! Reason: Unsupported hardware.
[W105 18:54:46.691604964 NNPACK.cpp:56] Could not initialize NNPACK! Reason: Unsupported hardware.
[W105 18:54:46.697139729 NNPACK.cpp:56] Could not initialize NNPACK! Reason: Unsupported hardware.
[W105 18:54:46.700407588 NNPACK.cpp:56] Could not initialize NNPACK! Reason: Unsupported hardware.
[W105 18:54:46.705382829 NNPACK.cpp:56] Could not initialize NNPACK! Reason: Unsupported hardware.
[W105 18:54:46.708390267 NNPACK.cpp:56] Could not initialize NNPACK! Reason: Unsupported hardware.
[W105 18:54:46.711312090 NNPACK.cpp:56] Could not initialize NNPACK! Reason: Unsupported hardware.
[W105 18:54:46.712046982 NNPACK.cpp:56] Could not initialize NNPACK! Reason: Unsupported hardware.
[W105 18:54:46.716926659 NNPACK.cpp:56] Could not initialize NNPACK! Reason: Unsupported hardware.
[W105 18:54:46.718676453 NNPACK.cpp:56] Could not initialize NNPACK! Reason: Unsupported hardware.
[W105 18:54:46.722274726 NNPACK.cpp:56] Could not initialize NNPACK! Reason: Unsupported hardware.
[W105 18:54:46.725180359 NNPACK.cpp:56] Could not initialize NNPACK! Reason: Unsupported hardware.
[W105 18:54:46.729196179 NNPACK.cpp:56] Could not initialize NNPACK! Reason: Unsupported hardware.
[W105 18:54:46.731369431 NNPACK.cpp:56] Could not initialize NNPACK! Reason: Unsupported hardware.
[W105 18:54:46.734360359 NNPACK.cpp:56] Could not initialize NNPACK! Reason: Unsupported hardware.
[W105 18:54:46.736431977 NNPACK.cpp:56] Could not initialize NNPACK! Reason: Unsupported hardware.
[W105 18:54:46.739239825 NNPACK.cpp:56] Could not initialize NNPACK! Reason: Unsupported hardware.
[W105 18:54:46.747528567 NNPACK.cpp:56] Could not initialize NNPACK! Reason: Unsupported hardware.
[W105 18:54:46.758676510 NNPACK.cpp:56] Could not initialize NNPACK! Reason: Unsupported hardware.
[W105 18:54:46.762540414 NNPACK.cpp:56] Could not initialize NNPACK! Reason: Unsupported hardware.
[W105 18:54:46.766660579 NNPACK.cpp:56] Could not initialize NNPACK! Reason: Unsupported hardware.
[W105 18:54:46.768147812 NNPACK.cpp:56] Could not initialize NNPACK! Reason: Unsupported hardware.
[W105 18:54:46.768521398 NNPACK.cpp:56] Could not initialize NNPACK! Reason: Unsupported hardware.
[W105 18:54:46.769887625 NNPACK.cpp:56] Could not initialize NNPACK! Reason: Unsupported hardware.
[W105 18:54:46.770523963 NNPACK.cpp:56] Could not initialize NNPACK! Reason: Unsupported hardware.
[W105 18:54:46.771786476 NNPACK.cpp:56] Could not initialize NNPACK! Reason: Unsupported hardware.
0: 384x640 (no detections), 102.3ms
Speed: 1.7ms preprocess, 102.3ms inference, 0.6ms postprocess per image at shape (1, 3, 384, 640)
INFO:     127.0.0.1:59150 - "POST /identify HTTP/1.1" 200 OK
Falling back to default species list

[W105 18:55:12.705607308 NNPACK.cpp:56] Could not initialize NNPACK! Reason: Unsupported hardware.
[W105 18:55:12.710053611 NNPACK.cpp:56] Could not initialize NNPACK! Reason: Unsupported hardware.
[W105 18:55:12.713719021 NNPACK.cpp:56] Could not initialize NNPACK! Reason: Unsupported hardware.
[W105 18:55:12.719136674 NNPACK.cpp:56] Could not initialize NNPACK! Reason: Unsupported hardware.
[W105 18:55:12.722363446 NNPACK.cpp:56] Could not initialize NNPACK! Reason: Unsupported hardware.
[W105 18:55:12.727221646 NNPACK.cpp:56] Could not initialize NNPACK! Reason: Unsupported hardware.
[W105 18:55:12.730172487 NNPACK.cpp:56] Could not initialize NNPACK! Reason: Unsupported hardware.
[W105 18:55:12.732783384 NNPACK.cpp:56] Could not initialize NNPACK! Reason: Unsupported hardware.
[W105 18:55:12.733523395 NNPACK.cpp:56] Could not initialize NNPACK! Reason: Unsupported hardware.
[W105 18:55:12.738438976 NNPACK.cpp:56] Could not initialize NNPACK! Reason: Unsupported hardware.
[W105 18:55:12.740186818 NNPACK.cpp:56] Could not initialize NNPACK! Reason: Unsupported hardware.
[W105 18:55:12.743627430 NNPACK.cpp:56] Could not initialize NNPACK! Reason: Unsupported hardware.
[W105 18:55:12.746365842 NNPACK.cpp:56] Could not initialize NNPACK! Reason: Unsupported hardware.
[W105 18:55:12.750227450 NNPACK.cpp:56] Could not initialize NNPACK! Reason: Unsupported hardware.
[W105 18:55:12.752341907 NNPACK.cpp:56] Could not initialize NNPACK! Reason: Unsupported hardware.
[W105 18:55:12.755242377 NNPACK.cpp:56] Could not initialize NNPACK! Reason: Unsupported hardware.
[W105 18:55:12.757125434 NNPACK.cpp:56] Could not initialize NNPACK! Reason: Unsupported hardware.
[W105 18:55:12.759862776 NNPACK.cpp:56] Could not initialize NNPACK! Reason: Unsupported hardware.
[W105 18:55:12.767834103 NNPACK.cpp:56] Could not initialize NNPACK! Reason: Unsupported hardware.
[W105 18:55:12.778985242 NNPACK.cpp:56] Could not initialize NNPACK! Reason: Unsupported hardware.
[W105 18:55:12.782717464 NNPACK.cpp:56] Could not initialize NNPACK! Reason: Unsupported hardware.
[W105 18:55:12.786882265 NNPACK.cpp:56] Could not initialize NNPACK! Reason: Unsupported hardware.
[W105 18:55:12.788191069 NNPACK.cpp:56] Could not initialize NNPACK! Reason: Unsupported hardware.
[W105 18:55:12.788562594 NNPACK.cpp:56] Could not initialize NNPACK! Reason: Unsupported hardware.
[W105 18:55:12.789919120 NNPACK.cpp:56] Could not initialize NNPACK! Reason: Unsupported hardware.
[W105 18:55:12.790440962 NNPACK.cpp:56] Could not initialize NNPACK! Reason: Unsupported hardware.
[W105 18:55:12.791420782 NNPACK.cpp:56] Could not initialize NNPACK! Reason: Unsupported hardware.
0: 384x640 (no detections), 91.6ms
Speed: 1.5ms preprocess, 91.6ms inference, 0.4ms postprocess per image at shape (1, 3, 384, 640)
INFO:     127.0.0.1:35480 - "POST /identify HTTP/1.1" 200 OK
Falling back to default species list

[W105 18:55:37.483147091 NNPACK.cpp:56] Could not initialize NNPACK! Reason: Unsupported hardware.
[W105 18:55:37.487807776 NNPACK.cpp:56] Could not initialize NNPACK! Reason: Unsupported hardware.
[W105 18:55:37.491516664 NNPACK.cpp:56] Could not initialize NNPACK! Reason: Unsupported hardware.
[W105 18:55:37.496948809 NNPACK.cpp:56] Could not initialize NNPACK! Reason: Unsupported hardware.
[W105 18:55:37.500201699 NNPACK.cpp:56] Could not initialize NNPACK! Reason: Unsupported hardware.
[W105 18:55:37.505062053 NNPACK.cpp:56] Could not initialize NNPACK! Reason: Unsupported hardware.
[W105 18:55:37.508046992 NNPACK.cpp:56] Could not initialize NNPACK! Reason: Unsupported hardware.
[W105 18:55:37.510691386 NNPACK.cpp:56] Could not initialize NNPACK! Reason: Unsupported hardware.
[W105 18:55:37.511411796 NNPACK.cpp:56] Could not initialize NNPACK! Reason: Unsupported hardware.
[W105 18:55:37.516330681 NNPACK.cpp:56] Could not initialize NNPACK! Reason: Unsupported hardware.
[W105 18:55:37.518142213 NNPACK.cpp:56] Could not initialize NNPACK! Reason: Unsupported hardware.
[W105 18:55:37.521609162 NNPACK.cpp:56] Could not initialize NNPACK! Reason: Unsupported hardware.
[W105 18:55:37.524431484 NNPACK.cpp:56] Could not initialize NNPACK! Reason: Unsupported hardware.
[W105 18:55:37.528384961 NNPACK.cpp:56] Could not initialize NNPACK! Reason: Unsupported hardware.
[W105 18:55:37.530505125 NNPACK.cpp:56] Could not initialize NNPACK! Reason: Unsupported hardware.
[W105 18:55:37.533445023 NNPACK.cpp:56] Could not initialize NNPACK! Reason: Unsupported hardware.
[W105 18:55:37.535372500 NNPACK.cpp:56] Could not initialize NNPACK! Reason: Unsupported hardware.
[W105 18:55:37.538193872 NNPACK.cpp:56] Could not initialize NNPACK! Reason: Unsupported hardware.
[W105 18:55:37.546251782 NNPACK.cpp:56] Could not initialize NNPACK! Reason: Unsupported hardware.
[W105 18:55:37.557271982 NNPACK.cpp:56] Could not initialize NNPACK! Reason: Unsupported hardware.
[W105 18:55:37.561075722 NNPACK.cpp:56] Could not initialize NNPACK! Reason: Unsupported hardware.
[W105 18:55:37.565278360 NNPACK.cpp:56] Could not initialize NNPACK! Reason: Unsupported hardware.
[W105 18:55:37.566616043 NNPACK.cpp:56] Could not initialize NNPACK! Reason: Unsupported hardware.
[W105 18:55:37.567020209 NNPACK.cpp:56] Could not initialize NNPACK! Reason: Unsupported hardware.
[W105 18:55:37.568396594 NNPACK.cpp:56] Could not initialize NNPACK! Reason: Unsupported hardware.
[W105 18:55:37.568899014 NNPACK.cpp:56] Could not initialize NNPACK! Reason: Unsupported hardware.
[W105 18:55:37.570053200 NNPACK.cpp:56] Could not initialize NNPACK! Reason: Unsupported hardware.
0: 384x640 (no detections), 92.7ms
Speed: 1.6ms preprocess, 92.7ms inference, 0.5ms postprocess per image at shape (1, 3, 384, 640)
INFO:     127.0.0.1:35678 - "POST /identify HTTP/1.1" 200 OK
Falling back to default species list

[W105 18:56:01.458538945 NNPACK.cpp:56] Could not initialize NNPACK! Reason: Unsupported hardware.
[W105 18:56:01.463462405 NNPACK.cpp:56] Could not initialize NNPACK! Reason: Unsupported hardware.
[W105 18:56:01.467258101 NNPACK.cpp:56] Could not initialize NNPACK! Reason: Unsupported hardware.
[W105 18:56:01.472858938 NNPACK.cpp:56] Could not initialize NNPACK! Reason: Unsupported hardware.
[W105 18:56:01.476179296 NNPACK.cpp:56] Could not initialize NNPACK! Reason: Unsupported hardware.
[W105 18:56:01.481185260 NNPACK.cpp:56] Could not initialize NNPACK! Reason: Unsupported hardware.
[W105 18:56:01.484242097 NNPACK.cpp:56] Could not initialize NNPACK! Reason: Unsupported hardware.
[W105 18:56:01.486955293 NNPACK.cpp:56] Could not initialize NNPACK! Reason: Unsupported hardware.
[W105 18:56:01.487697841 NNPACK.cpp:56] Could not initialize NNPACK! Reason: Unsupported hardware.
[W105 18:56:01.492690545 NNPACK.cpp:56] Could not initialize NNPACK! Reason: Unsupported hardware.
[W105 18:56:01.494523135 NNPACK.cpp:56] Could not initialize NNPACK! Reason: Unsupported hardware.
[W105 18:56:01.498074972 NNPACK.cpp:56] Could not initialize NNPACK! Reason: Unsupported hardware.
[W105 18:56:01.501163702 NNPACK.cpp:56] Could not initialize NNPACK! Reason: Unsupported hardware.
[W105 18:56:01.505219859 NNPACK.cpp:56] Could not initialize NNPACK! Reason: Unsupported hardware.
[W105 18:56:01.507407193 NNPACK.cpp:56] Could not initialize NNPACK! Reason: Unsupported hardware.
[W105 18:56:01.510357017 NNPACK.cpp:56] Could not initialize NNPACK! Reason: Unsupported hardware.
[W105 18:56:01.512319663 NNPACK.cpp:56] Could not initialize NNPACK! Reason: Unsupported hardware.
[W105 18:56:01.515181834 NNPACK.cpp:56] Could not initialize NNPACK! Reason: Unsupported hardware.
[W105 18:56:01.523486455 NNPACK.cpp:56] Could not initialize NNPACK! Reason: Unsupported hardware.
[W105 18:56:01.534705149 NNPACK.cpp:56] Could not initialize NNPACK! Reason: Unsupported hardware.
[W105 18:56:01.538563737 NNPACK.cpp:56] Could not initialize NNPACK! Reason: Unsupported hardware.
[W105 18:56:01.542781941 NNPACK.cpp:56] Could not initialize NNPACK! Reason: Unsupported hardware.
[W105 18:56:01.544152434 NNPACK.cpp:56] Could not initialize NNPACK! Reason: Unsupported hardware.
[W105 18:56:01.544559459 NNPACK.cpp:56] Could not initialize NNPACK! Reason: Unsupported hardware.
[W105 18:56:01.545953393 NNPACK.cpp:56] Could not initialize NNPACK! Reason: Unsupported hardware.
[W105 18:56:01.546519505 NNPACK.cpp:56] Could not initialize NNPACK! Reason: Unsupported hardware.
[W105 18:56:01.547578966 NNPACK.cpp:56] Could not initialize NNPACK! Reason: Unsupported hardware.
0: 384x640 (no detections), 94.9ms
Speed: 1.6ms preprocess, 94.9ms inference, 0.5ms postprocess per image at shape (1, 3, 384, 640)
INFO:     127.0.0.1:44114 - "POST /identify HTTP/1.1" 200 OK
Falling back to default species list

[W105 18:56:26.493775687 NNPACK.cpp:56] Could not initialize NNPACK! Reason: Unsupported hardware.
[W105 18:56:26.498652890 NNPACK.cpp:56] Could not initialize NNPACK! Reason: Unsupported hardware.
[W105 18:56:26.502613888 NNPACK.cpp:56] Could not initialize NNPACK! Reason: Unsupported hardware.
[W105 18:56:26.508115115 NNPACK.cpp:56] Could not initialize NNPACK! Reason: Unsupported hardware.
[W105 18:56:26.511428390 NNPACK.cpp:56] Could not initialize NNPACK! Reason: Unsupported hardware.
[W105 18:56:26.516385905 NNPACK.cpp:56] Could not initialize NNPACK! Reason: Unsupported hardware.
[W105 18:56:26.519503543 NNPACK.cpp:56] Could not initialize NNPACK! Reason: Unsupported hardware.
[W105 18:56:26.522230465 NNPACK.cpp:56] Could not initialize NNPACK! Reason: Unsupported hardware.
[W105 18:56:26.522929881 NNPACK.cpp:56] Could not initialize NNPACK! Reason: Unsupported hardware.
[W105 18:56:26.527914908 NNPACK.cpp:56] Could not initialize NNPACK! Reason: Unsupported hardware.
[W105 18:56:26.529732556 NNPACK.cpp:56] Could not initialize NNPACK! Reason: Unsupported hardware.
[W105 18:56:26.533277400 NNPACK.cpp:56] Could not initialize NNPACK! Reason: Unsupported hardware.
[W105 18:56:26.536107745 NNPACK.cpp:56] Could not initialize NNPACK! Reason: Unsupported hardware.
[W105 18:56:26.540192319 NNPACK.cpp:56] Could not initialize NNPACK! Reason: Unsupported hardware.
[W105 18:56:26.542669471 NNPACK.cpp:56] Could not initialize NNPACK! Reason: Unsupported hardware.
[W105 18:56:26.545674405 NNPACK.cpp:56] Could not initialize NNPACK! Reason: Unsupported hardware.
[W105 18:56:26.547691410 NNPACK.cpp:56] Could not initialize NNPACK! Reason: Unsupported hardware.
[W105 18:56:26.550643300 NNPACK.cpp:56] Could not initialize NNPACK! Reason: Unsupported hardware.
[W105 18:56:26.558987434 NNPACK.cpp:56] Could not initialize NNPACK! Reason: Unsupported hardware.
[W105 18:56:26.571835126 NNPACK.cpp:56] Could not initialize NNPACK! Reason: Unsupported hardware.
[W105 18:56:26.575848137 NNPACK.cpp:56] Could not initialize NNPACK! Reason: Unsupported hardware.
[W105 18:56:26.580408587 NNPACK.cpp:56] Could not initialize NNPACK! Reason: Unsupported hardware.
[W105 18:56:26.581866782 NNPACK.cpp:56] Could not initialize NNPACK! Reason: Unsupported hardware.
[W105 18:56:26.582344870 NNPACK.cpp:56] Could not initialize NNPACK! Reason: Unsupported hardware.
[W105 18:56:26.583768744 NNPACK.cpp:56] Could not initialize NNPACK! Reason: Unsupported hardware.
[W105 18:56:26.584317074 NNPACK.cpp:56] Could not initialize NNPACK! Reason: Unsupported hardware.
[W105 18:56:26.585418166 NNPACK.cpp:56] Could not initialize NNPACK! Reason: Unsupported hardware.
0: 384x640 (no detections), 97.6ms
Speed: 1.6ms preprocess, 97.6ms inference, 0.5ms postprocess per image at shape (1, 3, 384, 640)
INFO:     127.0.0.1:49324 - "POST /identify HTTP/1.1" 200 OK
Falling back to default species list

[W105 19:47:59.735946883 NNPACK.cpp:56] Could not initialize NNPACK! Reason: Unsupported hardware.
[W105 19:47:59.740653495 NNPACK.cpp:56] Could not initialize NNPACK! Reason: Unsupported hardware.
[W105 19:47:59.744526048 NNPACK.cpp:56] Could not initialize NNPACK! Reason: Unsupported hardware.
[W105 19:47:59.750377374 NNPACK.cpp:56] Could not initialize NNPACK! Reason: Unsupported hardware.
[W105 19:47:59.753761332 NNPACK.cpp:56] Could not initialize NNPACK! Reason: Unsupported hardware.
[W105 19:47:59.758901689 NNPACK.cpp:56] Could not initialize NNPACK! Reason: Unsupported hardware.
[W105 19:47:59.762099505 NNPACK.cpp:56] Could not initialize NNPACK! Reason: Unsupported hardware.
[W105 19:47:59.764877105 NNPACK.cpp:56] Could not initialize NNPACK! Reason: Unsupported hardware.
[W105 19:47:59.765718705 NNPACK.cpp:56] Could not initialize NNPACK! Reason: Unsupported hardware.
[W105 19:47:59.770827002 NNPACK.cpp:56] Could not initialize NNPACK! Reason: Unsupported hardware.
[W105 19:47:59.772692203 NNPACK.cpp:56] Could not initialize NNPACK! Reason: Unsupported hardware.
[W105 19:47:59.776319283 NNPACK.cpp:56] Could not initialize NNPACK! Reason: Unsupported hardware.
[W105 19:47:59.779502179 NNPACK.cpp:56] Could not initialize NNPACK! Reason: Unsupported hardware.
[W105 19:47:59.783685106 NNPACK.cpp:56] Could not initialize NNPACK! Reason: Unsupported hardware.
[W105 19:47:59.785924990 NNPACK.cpp:56] Could not initialize NNPACK! Reason: Unsupported hardware.
[W105 19:47:59.788982914 NNPACK.cpp:56] Could not initialize NNPACK! Reason: Unsupported hardware.
[W105 19:47:59.791298501 NNPACK.cpp:56] Could not initialize NNPACK! Reason: Unsupported hardware.
[W105 19:47:59.794285124 NNPACK.cpp:56] Could not initialize NNPACK! Reason: Unsupported hardware.
[W105 19:47:59.802675997 NNPACK.cpp:56] Could not initialize NNPACK! Reason: Unsupported hardware.
[W105 19:47:59.814346387 NNPACK.cpp:56] Could not initialize NNPACK! Reason: Unsupported hardware.
[W105 19:47:59.818292391 NNPACK.cpp:56] Could not initialize NNPACK! Reason: Unsupported hardware.
[W105 19:47:59.822592279 NNPACK.cpp:56] Could not initialize NNPACK! Reason: Unsupported hardware.
[W105 19:47:59.823957185 NNPACK.cpp:56] Could not initialize NNPACK! Reason: Unsupported hardware.
[W105 19:47:59.824378319 NNPACK.cpp:56] Could not initialize NNPACK! Reason: Unsupported hardware.
[W105 19:47:59.825833756 NNPACK.cpp:56] Could not initialize NNPACK! Reason: Unsupported hardware.
[W105 19:47:59.826400512 NNPACK.cpp:56] Could not initialize NNPACK! Reason: Unsupported hardware.
[W105 19:47:59.827452804 NNPACK.cpp:56] Could not initialize NNPACK! Reason: Unsupported hardware.
0: 384x640 (no detections), 97.5ms
Speed: 1.6ms preprocess, 97.5ms inference, 0.6ms postprocess per image at shape (1, 3, 384, 640)
INFO:     127.0.0.1:43676 - "POST /identify HTTP/1.1" 200 OK
Falling back to default species list

[W105 19:48:08.606390914 NNPACK.cpp:56] Could not initialize NNPACK! Reason: Unsupported hardware.
[W105 19:48:08.610845723 NNPACK.cpp:56] Could not initialize NNPACK! Reason: Unsupported hardware.
[W105 19:48:08.614518634 NNPACK.cpp:56] Could not initialize NNPACK! Reason: Unsupported hardware.
[W105 19:48:08.619912435 NNPACK.cpp:56] Could not initialize NNPACK! Reason: Unsupported hardware.
[W105 19:48:08.623206651 NNPACK.cpp:56] Could not initialize NNPACK! Reason: Unsupported hardware.
[W105 19:48:08.628033746 NNPACK.cpp:56] Could not initialize NNPACK! Reason: Unsupported hardware.
[W105 19:48:08.631043299 NNPACK.cpp:56] Could not initialize NNPACK! Reason: Unsupported hardware.
[W105 19:48:08.633661489 NNPACK.cpp:56] Could not initialize NNPACK! Reason: Unsupported hardware.
[W105 19:48:08.634389787 NNPACK.cpp:56] Could not initialize NNPACK! Reason: Unsupported hardware.
[W105 19:48:08.639272841 NNPACK.cpp:56] Could not initialize NNPACK! Reason: Unsupported hardware.
[W105 19:48:08.641026770 NNPACK.cpp:56] Could not initialize NNPACK! Reason: Unsupported hardware.
[W105 19:48:08.644479579 NNPACK.cpp:56] Could not initialize NNPACK! Reason: Unsupported hardware.
[W105 19:48:08.647370791 NNPACK.cpp:56] Could not initialize NNPACK! Reason: Unsupported hardware.
[W105 19:48:08.651407806 NNPACK.cpp:56] Could not initialize NNPACK! Reason: Unsupported hardware.
[W105 19:48:08.653586321 NNPACK.cpp:56] Could not initialize NNPACK! Reason: Unsupported hardware.
[W105 19:48:08.656472173 NNPACK.cpp:56] Could not initialize NNPACK! Reason: Unsupported hardware.
[W105 19:48:08.658382155 NNPACK.cpp:56] Could not initialize NNPACK! Reason: Unsupported hardware.
[W105 19:48:08.661222846 NNPACK.cpp:56] Could not initialize NNPACK! Reason: Unsupported hardware.
[W105 19:48:08.669233736 NNPACK.cpp:56] Could not initialize NNPACK! Reason: Unsupported hardware.
[W105 19:48:08.680243059 NNPACK.cpp:56] Could not initialize NNPACK! Reason: Unsupported hardware.
[W105 19:48:08.684095082 NNPACK.cpp:56] Could not initialize NNPACK! Reason: Unsupported hardware.
[W105 19:48:08.688258679 NNPACK.cpp:56] Could not initialize NNPACK! Reason: Unsupported hardware.
[W105 19:48:08.689594484 NNPACK.cpp:56] Could not initialize NNPACK! Reason: Unsupported hardware.
[W105 19:48:08.689992898 NNPACK.cpp:56] Could not initialize NNPACK! Reason: Unsupported hardware.
[W105 19:48:08.691416683 NNPACK.cpp:56] Could not initialize NNPACK! Reason: Unsupported hardware.
[W105 19:48:08.691918030 NNPACK.cpp:56] Could not initialize NNPACK! Reason: Unsupported hardware.
[W105 19:48:08.692947121 NNPACK.cpp:56] Could not initialize NNPACK! Reason: Unsupported hardware.
0: 384x640 (no detections), 92.3ms
Speed: 1.6ms preprocess, 92.3ms inference, 0.5ms postprocess per image at shape (1, 3, 384, 640)
INFO:     127.0.0.1:50630 - "POST /identify HTTP/1.1" 200 OK
Falling back to default species list

[W105 19:48:15.878033206 NNPACK.cpp:56] Could not initialize NNPACK! Reason: Unsupported hardware.
[W105 19:48:15.882640569 NNPACK.cpp:56] Could not initialize NNPACK! Reason: Unsupported hardware.
[W105 19:48:15.886473611 NNPACK.cpp:56] Could not initialize NNPACK! Reason: Unsupported hardware.
[W105 19:48:15.891949622 NNPACK.cpp:56] Could not initialize NNPACK! Reason: Unsupported hardware.
[W105 19:48:15.895265590 NNPACK.cpp:56] Could not initialize NNPACK! Reason: Unsupported hardware.
[W105 19:48:15.900243425 NNPACK.cpp:56] Could not initialize NNPACK! Reason: Unsupported hardware.
[W105 19:48:15.903286169 NNPACK.cpp:56] Could not initialize NNPACK! Reason: Unsupported hardware.
[W105 19:48:15.905927139 NNPACK.cpp:56] Could not initialize NNPACK! Reason: Unsupported hardware.
[W105 19:48:15.906662707 NNPACK.cpp:56] Could not initialize NNPACK! Reason: Unsupported hardware.
[W105 19:48:15.911556752 NNPACK.cpp:56] Could not initialize NNPACK! Reason: Unsupported hardware.
[W105 19:48:15.913378292 NNPACK.cpp:56] Could not initialize NNPACK! Reason: Unsupported hardware.
[W105 19:48:15.916881222 NNPACK.cpp:56] Could not initialize NNPACK! Reason: Unsupported hardware.
[W105 19:48:15.920051517 NNPACK.cpp:56] Could not initialize NNPACK! Reason: Unsupported hardware.
[W105 19:48:15.924039081 NNPACK.cpp:56] Could not initialize NNPACK! Reason: Unsupported hardware.
[W105 19:48:15.926237566 NNPACK.cpp:56] Could not initialize NNPACK! Reason: Unsupported hardware.
[W105 19:48:15.929198099 NNPACK.cpp:56] Could not initialize NNPACK! Reason: Unsupported hardware.
[W105 19:48:15.931155301 NNPACK.cpp:56] Could not initialize NNPACK! Reason: Unsupported hardware.
[W105 19:48:15.933980183 NNPACK.cpp:56] Could not initialize NNPACK! Reason: Unsupported hardware.
[W105 19:48:15.942112113 NNPACK.cpp:56] Could not initialize NNPACK! Reason: Unsupported hardware.
[W105 19:48:15.953301679 NNPACK.cpp:56] Could not initialize NNPACK! Reason: Unsupported hardware.
[W105 19:48:15.957325654 NNPACK.cpp:56] Could not initialize NNPACK! Reason: Unsupported hardware.
[W105 19:48:15.961583252 NNPACK.cpp:56] Could not initialize NNPACK! Reason: Unsupported hardware.
[W105 19:48:15.962936077 NNPACK.cpp:56] Could not initialize NNPACK! Reason: Unsupported hardware.
[W105 19:48:15.963348631 NNPACK.cpp:56] Could not initialize NNPACK! Reason: Unsupported hardware.
[W105 19:48:15.964765188 NNPACK.cpp:56] Could not initialize NNPACK! Reason: Unsupported hardware.
[W105 19:48:15.965314213 NNPACK.cpp:56] Could not initialize NNPACK! Reason: Unsupported hardware.
[W105 19:48:15.966441186 NNPACK.cpp:56] Could not initialize NNPACK! Reason: Unsupported hardware.
0: 384x640 (no detections), 94.4ms
Speed: 1.5ms preprocess, 94.4ms inference, 0.5ms postprocess per image at shape (1, 3, 384, 640)
INFO:     127.0.0.1:35814 - "POST /identify HTTP/1.1" 200 OK
Falling back to default species list

[W105 19:48:22.805388629 NNPACK.cpp:56] Could not initialize NNPACK! Reason: Unsupported hardware.
[W105 19:48:22.809899591 NNPACK.cpp:56] Could not initialize NNPACK! Reason: Unsupported hardware.
[W105 19:48:22.813769214 NNPACK.cpp:56] Could not initialize NNPACK! Reason: Unsupported hardware.
[W105 19:48:22.819190154 NNPACK.cpp:56] Could not initialize NNPACK! Reason: Unsupported hardware.
[W105 19:48:22.822380350 NNPACK.cpp:56] Could not initialize NNPACK! Reason: Unsupported hardware.
[W105 19:48:22.827206864 NNPACK.cpp:56] Could not initialize NNPACK! Reason: Unsupported hardware.
[W105 19:48:22.830167168 NNPACK.cpp:56] Could not initialize NNPACK! Reason: Unsupported hardware.
[W105 19:48:22.832754226 NNPACK.cpp:56] Could not initialize NNPACK! Reason: Unsupported hardware.
[W105 19:48:22.833495435 NNPACK.cpp:56] Could not initialize NNPACK! Reason: Unsupported hardware.
[W105 19:48:22.838343669 NNPACK.cpp:56] Could not initialize NNPACK! Reason: Unsupported hardware.
[W105 19:48:22.840073059 NNPACK.cpp:56] Could not initialize NNPACK! Reason: Unsupported hardware.
[W105 19:48:22.843508868 NNPACK.cpp:56] Could not initialize NNPACK! Reason: Unsupported hardware.
[W105 19:48:22.846276748 NNPACK.cpp:56] Could not initialize NNPACK! Reason: Unsupported hardware.
[W105 19:48:22.850277923 NNPACK.cpp:56] Could not initialize NNPACK! Reason: Unsupported hardware.
[W105 19:48:22.852434967 NNPACK.cpp:56] Could not initialize NNPACK! Reason: Unsupported hardware.
[W105 19:48:22.855358659 NNPACK.cpp:56] Could not initialize NNPACK! Reason: Unsupported hardware.
[W105 19:48:22.857275381 NNPACK.cpp:56] Could not initialize NNPACK! Reason: Unsupported hardware.
[W105 19:48:22.867668848 NNPACK.cpp:56] Could not initialize NNPACK! Reason: Unsupported hardware.
[W105 19:48:22.876354965 NNPACK.cpp:56] Could not initialize NNPACK! Reason: Unsupported hardware.
[W105 19:48:22.887447259 NNPACK.cpp:56] Could not initialize NNPACK! Reason: Unsupported hardware.
[W105 19:48:22.891305002 NNPACK.cpp:56] Could not initialize NNPACK! Reason: Unsupported hardware.
[W105 19:48:22.895461749 NNPACK.cpp:56] Could not initialize NNPACK! Reason: Unsupported hardware.
[W105 19:48:22.896776154 NNPACK.cpp:56] Could not initialize NNPACK! Reason: Unsupported hardware.
[W105 19:48:22.897181588 NNPACK.cpp:56] Could not initialize NNPACK! Reason: Unsupported hardware.
[W105 19:48:22.898586034 NNPACK.cpp:56] Could not initialize NNPACK! Reason: Unsupported hardware.
[W105 19:48:22.899109500 NNPACK.cpp:56] Could not initialize NNPACK! Reason: Unsupported hardware.
[W105 19:48:22.900202423 NNPACK.cpp:56] Could not initialize NNPACK! Reason: Unsupported hardware.
0: 384x640 (no detections), 100.6ms
Speed: 1.6ms preprocess, 100.6ms inference, 0.5ms postprocess per image at shape (1, 3, 384, 640)
INFO:     127.0.0.1:33790 - "POST /identify HTTP/1.1" 200 OK
Falling back to default species list

[W105 19:48:29.585978717 NNPACK.cpp:56] Could not initialize NNPACK! Reason: Unsupported hardware.
[W105 19:48:29.590657630 NNPACK.cpp:56] Could not initialize NNPACK! Reason: Unsupported hardware.
[W105 19:48:29.594545723 NNPACK.cpp:56] Could not initialize NNPACK! Reason: Unsupported hardware.
[W105 19:48:29.600132495 NNPACK.cpp:56] Could not initialize NNPACK! Reason: Unsupported hardware.
[W105 19:48:29.603519574 NNPACK.cpp:56] Could not initialize NNPACK! Reason: Unsupported hardware.
[W105 19:48:29.608529680 NNPACK.cpp:56] Could not initialize NNPACK! Reason: Unsupported hardware.
[W105 19:48:29.611702625 NNPACK.cpp:56] Could not initialize NNPACK! Reason: Unsupported hardware.
[W105 19:48:29.614456027 NNPACK.cpp:56] Could not initialize NNPACK! Reason: Unsupported hardware.
[W105 19:48:29.615219955 NNPACK.cpp:56] Could not initialize NNPACK! Reason: Unsupported hardware.
[W105 19:48:29.620106809 NNPACK.cpp:56] Could not initialize NNPACK! Reason: Unsupported hardware.
[W105 19:48:29.621949070 NNPACK.cpp:56] Could not initialize NNPACK! Reason: Unsupported hardware.
[W105 19:48:29.625597921 NNPACK.cpp:56] Could not initialize NNPACK! Reason: Unsupported hardware.
[W105 19:48:29.628887729 NNPACK.cpp:56] Could not initialize NNPACK! Reason: Unsupported hardware.
[W105 19:48:29.633118006 NNPACK.cpp:56] Could not initialize NNPACK! Reason: Unsupported hardware.
[W105 19:48:29.635538923 NNPACK.cpp:56] Could not initialize NNPACK! Reason: Unsupported hardware.
[W105 19:48:29.638557107 NNPACK.cpp:56] Could not initialize NNPACK! Reason: Unsupported hardware.
[W105 19:48:29.640541329 NNPACK.cpp:56] Could not initialize NNPACK! Reason: Unsupported hardware.
[W105 19:48:29.643420311 NNPACK.cpp:56] Could not initialize NNPACK! Reason: Unsupported hardware.
[W105 19:48:29.651582653 NNPACK.cpp:56] Could not initialize NNPACK! Reason: Unsupported hardware.
[W105 19:48:29.664366227 NNPACK.cpp:56] Could not initialize NNPACK! Reason: Unsupported hardware.
[W105 19:48:29.668439233 NNPACK.cpp:56] Could not initialize NNPACK! Reason: Unsupported hardware.
[W105 19:48:29.672751591 NNPACK.cpp:56] Could not initialize NNPACK! Reason: Unsupported hardware.
[W105 19:48:29.674198956 NNPACK.cpp:56] Could not initialize NNPACK! Reason: Unsupported hardware.
[W105 19:48:29.674586142 NNPACK.cpp:56] Could not initialize NNPACK! Reason: Unsupported hardware.
[W105 19:48:29.676036997 NNPACK.cpp:56] Could not initialize NNPACK! Reason: Unsupported hardware.
[W105 19:48:29.676568054 NNPACK.cpp:56] Could not initialize NNPACK! Reason: Unsupported hardware.
[W105 19:48:29.677722906 NNPACK.cpp:56] Could not initialize NNPACK! Reason: Unsupported hardware.
0: 384x640 1 person, 97.7ms
Speed: 1.7ms preprocess, 97.7ms inference, 0.7ms postprocess per image at shape (1, 3, 384, 640)
INFO:     127.0.0.1:33804 - "POST /identify HTTP/1.1" 200 OK
Falling back to default species list

[W105 19:59:54.298660122 NNPACK.cpp:56] Could not initialize NNPACK! Reason: Unsupported hardware.
[W105 19:59:54.303223283 NNPACK.cpp:56] Could not initialize NNPACK! Reason: Unsupported hardware.
[W105 19:59:54.306969459 NNPACK.cpp:56] Could not initialize NNPACK! Reason: Unsupported hardware.
[W105 19:59:54.312548443 NNPACK.cpp:56] Could not initialize NNPACK! Reason: Unsupported hardware.
[W105 19:59:54.315771497 NNPACK.cpp:56] Could not initialize NNPACK! Reason: Unsupported hardware.
[W105 19:59:54.320708963 NNPACK.cpp:56] Could not initialize NNPACK! Reason: Unsupported hardware.
[W105 19:59:54.323750260 NNPACK.cpp:56] Could not initialize NNPACK! Reason: Unsupported hardware.
[W105 19:59:54.326393555 NNPACK.cpp:56] Could not initialize NNPACK! Reason: Unsupported hardware.
[W105 19:59:54.327118742 NNPACK.cpp:56] Could not initialize NNPACK! Reason: Unsupported hardware.
[W105 19:59:54.332275103 NNPACK.cpp:56] Could not initialize NNPACK! Reason: Unsupported hardware.
[W105 19:59:54.334032483 NNPACK.cpp:56] Could not initialize NNPACK! Reason: Unsupported hardware.
[W105 19:59:54.337455965 NNPACK.cpp:56] Could not initialize NNPACK! Reason: Unsupported hardware.
[W105 19:59:54.340523192 NNPACK.cpp:56] Could not initialize NNPACK! Reason: Unsupported hardware.
[W105 19:59:54.344520734 NNPACK.cpp:56] Could not initialize NNPACK! Reason: Unsupported hardware.
[W105 19:59:54.346690866 NNPACK.cpp:56] Could not initialize NNPACK! Reason: Unsupported hardware.
[W105 19:59:54.349588006 NNPACK.cpp:56] Could not initialize NNPACK! Reason: Unsupported hardware.
[W105 19:59:54.351551122 NNPACK.cpp:56] Could not initialize NNPACK! Reason: Unsupported hardware.
[W105 19:59:54.354359795 NNPACK.cpp:56] Could not initialize NNPACK! Reason: Unsupported hardware.
[W105 19:59:54.362360167 NNPACK.cpp:56] Could not initialize NNPACK! Reason: Unsupported hardware.
[W105 19:59:54.373286699 NNPACK.cpp:56] Could not initialize NNPACK! Reason: Unsupported hardware.
[W105 19:59:54.377083954 NNPACK.cpp:56] Could not initialize NNPACK! Reason: Unsupported hardware.
[W105 19:59:54.381202183 NNPACK.cpp:56] Could not initialize NNPACK! Reason: Unsupported hardware.
[W105 19:59:54.382523061 NNPACK.cpp:56] Could not initialize NNPACK! Reason: Unsupported hardware.
[W105 19:59:54.382949743 NNPACK.cpp:56] Could not initialize NNPACK! Reason: Unsupported hardware.
[W105 19:59:54.384361429 NNPACK.cpp:56] Could not initialize NNPACK! Reason: Unsupported hardware.
[W105 19:59:54.384874730 NNPACK.cpp:56] Could not initialize NNPACK! Reason: Unsupported hardware.
[W105 19:59:54.385954931 NNPACK.cpp:56] Could not initialize NNPACK! Reason: Unsupported hardware.
0: 384x640 (no detections), 93.0ms
Speed: 1.5ms preprocess, 93.0ms inference, 0.5ms postprocess per image at shape (1, 3, 384, 640)
INFO:     127.0.0.1:51906 - "POST /identify HTTP/1.1" 200 OK
Falling back to default species list

[W105 20:00:05.168083667 NNPACK.cpp:56] Could not initialize NNPACK! Reason: Unsupported hardware.
[W105 20:00:05.172546872 NNPACK.cpp:56] Could not initialize NNPACK! Reason: Unsupported hardware.
[W105 20:00:05.176264871 NNPACK.cpp:56] Could not initialize NNPACK! Reason: Unsupported hardware.
[W105 20:00:05.181706040 NNPACK.cpp:56] Could not initialize NNPACK! Reason: Unsupported hardware.
[W105 20:00:05.184969895 NNPACK.cpp:56] Could not initialize NNPACK! Reason: Unsupported hardware.
[W105 20:00:05.189855104 NNPACK.cpp:56] Could not initialize NNPACK! Reason: Unsupported hardware.
[W105 20:00:05.192896483 NNPACK.cpp:56] Could not initialize NNPACK! Reason: Unsupported hardware.
[W105 20:00:05.195527159 NNPACK.cpp:56] Could not initialize NNPACK! Reason: Unsupported hardware.
[W105 20:00:05.196243977 NNPACK.cpp:56] Could not initialize NNPACK! Reason: Unsupported hardware.
[W105 20:00:05.201424130 NNPACK.cpp:56] Could not initialize NNPACK! Reason: Unsupported hardware.
[W105 20:00:05.203182661 NNPACK.cpp:56] Could not initialize NNPACK! Reason: Unsupported hardware.
[W105 20:00:05.206721312 NNPACK.cpp:56] Could not initialize NNPACK! Reason: Unsupported hardware.
[W105 20:00:05.209633403 NNPACK.cpp:56] Could not initialize NNPACK! Reason: Unsupported hardware.
[W105 20:00:05.213700596 NNPACK.cpp:56] Could not initialize NNPACK! Reason: Unsupported hardware.
[W105 20:00:05.215879690 NNPACK.cpp:56] Could not initialize NNPACK! Reason: Unsupported hardware.
[W105 20:00:05.218821361 NNPACK.cpp:56] Could not initialize NNPACK! Reason: Unsupported hardware.
[W105 20:00:05.220740089 NNPACK.cpp:56] Could not initialize NNPACK! Reason: Unsupported hardware.
[W105 20:00:05.223546501 NNPACK.cpp:56] Could not initialize NNPACK! Reason: Unsupported hardware.
[W105 20:00:05.231580297 NNPACK.cpp:56] Could not initialize NNPACK! Reason: Unsupported hardware.
[W105 20:00:05.242626054 NNPACK.cpp:56] Could not initialize NNPACK! Reason: Unsupported hardware.
[W105 20:00:05.246380621 NNPACK.cpp:56] Could not initialize NNPACK! Reason: Unsupported hardware.
[W105 20:00:05.250626840 NNPACK.cpp:56] Could not initialize NNPACK! Reason: Unsupported hardware.
[W105 20:00:05.251944528 NNPACK.cpp:56] Could not initialize NNPACK! Reason: Unsupported hardware.
[W105 20:00:05.252349892 NNPACK.cpp:56] Could not initialize NNPACK! Reason: Unsupported hardware.
[W105 20:00:05.253845577 NNPACK.cpp:56] Could not initialize NNPACK! Reason: Unsupported hardware.
[W105 20:00:05.254375208 NNPACK.cpp:56] Could not initialize NNPACK! Reason: Unsupported hardware.
[W105 20:00:05.255479959 NNPACK.cpp:56] Could not initialize NNPACK! Reason: Unsupported hardware.
0: 384x640 1 couch, 1 bed, 93.1ms
Speed: 1.5ms preprocess, 93.1ms inference, 0.7ms postprocess per image at shape (1, 3, 384, 640)
INFO:     127.0.0.1:42216 - "POST /identify HTTP/1.1" 200 OK
Falling back to default species list

[W105 20:00:13.089557888 NNPACK.cpp:56] Could not initialize NNPACK! Reason: Unsupported hardware.
[W105 20:00:13.094021465 NNPACK.cpp:56] Could not initialize NNPACK! Reason: Unsupported hardware.
[W105 20:00:13.097657566 NNPACK.cpp:56] Could not initialize NNPACK! Reason: Unsupported hardware.
[W105 20:00:13.102969048 NNPACK.cpp:56] Could not initialize NNPACK! Reason: Unsupported hardware.
[W105 20:00:13.106217806 NNPACK.cpp:56] Could not initialize NNPACK! Reason: Unsupported hardware.
[W105 20:00:13.110983879 NNPACK.cpp:56] Could not initialize NNPACK! Reason: Unsupported hardware.
[W105 20:00:13.114042108 NNPACK.cpp:56] Could not initialize NNPACK! Reason: Unsupported hardware.
[W105 20:00:13.116635816 NNPACK.cpp:56] Could not initialize NNPACK! Reason: Unsupported hardware.
[W105 20:00:13.117363374 NNPACK.cpp:56] Could not initialize NNPACK! Reason: Unsupported hardware.
[W105 20:00:13.122534559 NNPACK.cpp:56] Could not initialize NNPACK! Reason: Unsupported hardware.
[W105 20:00:13.124251791 NNPACK.cpp:56] Could not initialize NNPACK! Reason: Unsupported hardware.
[W105 20:00:13.127732965 NNPACK.cpp:56] Could not initialize NNPACK! Reason: Unsupported hardware.
[W105 20:00:13.130473370 NNPACK.cpp:56] Could not initialize NNPACK! Reason: Unsupported hardware.
[W105 20:00:13.134385866 NNPACK.cpp:56] Could not initialize NNPACK! Reason: Unsupported hardware.
[W105 20:00:13.136493052 NNPACK.cpp:56] Could not initialize NNPACK! Reason: Unsupported hardware.
[W105 20:00:13.139368585 NNPACK.cpp:56] Could not initialize NNPACK! Reason: Unsupported hardware.
[W105 20:00:13.141258914 NNPACK.cpp:56] Could not initialize NNPACK! Reason: Unsupported hardware.
[W105 20:00:13.144028799 NNPACK.cpp:56] Could not initialize NNPACK! Reason: Unsupported hardware.
[W105 20:00:13.152039688 NNPACK.cpp:56] Could not initialize NNPACK! Reason: Unsupported hardware.
[W105 20:00:13.162992469 NNPACK.cpp:56] Could not initialize NNPACK! Reason: Unsupported hardware.
[W105 20:00:13.166718078 NNPACK.cpp:56] Could not initialize NNPACK! Reason: Unsupported hardware.
[W105 20:00:13.170839151 NNPACK.cpp:56] Could not initialize NNPACK! Reason: Unsupported hardware.
[W105 20:00:13.172138530 NNPACK.cpp:56] Could not initialize NNPACK! Reason: Unsupported hardware.
[W105 20:00:13.172528313 NNPACK.cpp:56] Could not initialize NNPACK! Reason: Unsupported hardware.
[W105 20:00:13.173873872 NNPACK.cpp:56] Could not initialize NNPACK! Reason: Unsupported hardware.
[W105 20:00:13.174404363 NNPACK.cpp:56] Could not initialize NNPACK! Reason: Unsupported hardware.
[W105 20:00:13.175437206 NNPACK.cpp:56] Could not initialize NNPACK! Reason: Unsupported hardware.
0: 384x640 (no detections), 91.6ms
Speed: 1.5ms preprocess, 91.6ms inference, 0.4ms postprocess per image at shape (1, 3, 384, 640)
INFO:     127.0.0.1:41588 - "POST /identify HTTP/1.1" 200 OK
Falling back to default species list

[W105 20:00:20.900905940 NNPACK.cpp:56] Could not initialize NNPACK! Reason: Unsupported hardware.
[W105 20:00:20.905512846 NNPACK.cpp:56] Could not initialize NNPACK! Reason: Unsupported hardware.
[W105 20:00:20.909249776 NNPACK.cpp:56] Could not initialize NNPACK! Reason: Unsupported hardware.
[W105 20:00:20.914682660 NNPACK.cpp:56] Could not initialize NNPACK! Reason: Unsupported hardware.
[W105 20:00:20.917976046 NNPACK.cpp:56] Could not initialize NNPACK! Reason: Unsupported hardware.
[W105 20:00:20.922793370 NNPACK.cpp:56] Could not initialize NNPACK! Reason: Unsupported hardware.
[W105 20:00:20.925825771 NNPACK.cpp:56] Could not initialize NNPACK! Reason: Unsupported hardware.
[W105 20:00:20.928457189 NNPACK.cpp:56] Could not initialize NNPACK! Reason: Unsupported hardware.
[W105 20:00:20.929185137 NNPACK.cpp:56] Could not initialize NNPACK! Reason: Unsupported hardware.
[W105 20:00:20.934328835 NNPACK.cpp:56] Could not initialize NNPACK! Reason: Unsupported hardware.
[W105 20:00:20.936114436 NNPACK.cpp:56] Could not initialize NNPACK! Reason: Unsupported hardware.
[W105 20:00:20.939924345 NNPACK.cpp:56] Could not initialize NNPACK! Reason: Unsupported hardware.
[W105 20:00:20.943540987 NNPACK.cpp:56] Could not initialize NNPACK! Reason: Unsupported hardware.
[W105 20:00:20.947680921 NNPACK.cpp:56] Could not initialize NNPACK! Reason: Unsupported hardware.
[W105 20:00:20.949866976 NNPACK.cpp:56] Could not initialize NNPACK! Reason: Unsupported hardware.
[W105 20:00:20.952759570 NNPACK.cpp:56] Could not initialize NNPACK! Reason: Unsupported hardware.
[W105 20:00:20.954676439 NNPACK.cpp:56] Could not initialize NNPACK! Reason: Unsupported hardware.
[W105 20:00:20.957472464 NNPACK.cpp:56] Could not initialize NNPACK! Reason: Unsupported hardware.
[W105 20:00:20.965523655 NNPACK.cpp:56] Could not initialize NNPACK! Reason: Unsupported hardware.
[W105 20:00:20.976795265 NNPACK.cpp:56] Could not initialize NNPACK! Reason: Unsupported hardware.
[W105 20:00:20.980649483 NNPACK.cpp:56] Could not initialize NNPACK! Reason: Unsupported hardware.
[W105 20:00:20.984835216 NNPACK.cpp:56] Could not initialize NNPACK! Reason: Unsupported hardware.
[W105 20:00:20.986193234 NNPACK.cpp:56] Could not initialize NNPACK! Reason: Unsupported hardware.
[W105 20:00:20.986571039 NNPACK.cpp:56] Could not initialize NNPACK! Reason: Unsupported hardware.
[W105 20:00:20.987931566 NNPACK.cpp:56] Could not initialize NNPACK! Reason: Unsupported hardware.
[W105 20:00:20.988459818 NNPACK.cpp:56] Could not initialize NNPACK! Reason: Unsupported hardware.
[W105 20:00:20.989539741 NNPACK.cpp:56] Could not initialize NNPACK! Reason: Unsupported hardware.
0: 384x640 1 bed, 94.5ms
Speed: 1.6ms preprocess, 94.5ms inference, 0.7ms postprocess per image at shape (1, 3, 384, 640)
INFO:     127.0.0.1:51426 - "POST /identify HTTP/1.1" 200 OK
Falling back to default species list

[W105 20:00:28.486121390 NNPACK.cpp:56] Could not initialize NNPACK! Reason: Unsupported hardware.
[W105 20:00:28.490630659 NNPACK.cpp:56] Could not initialize NNPACK! Reason: Unsupported hardware.
[W105 20:00:28.494413260 NNPACK.cpp:56] Could not initialize NNPACK! Reason: Unsupported hardware.
[W105 20:00:28.500535384 NNPACK.cpp:56] Could not initialize NNPACK! Reason: Unsupported hardware.
[W105 20:00:28.504266345 NNPACK.cpp:56] Could not initialize NNPACK! Reason: Unsupported hardware.
[W105 20:00:28.509187418 NNPACK.cpp:56] Could not initialize NNPACK! Reason: Unsupported hardware.
[W105 20:00:28.512252990 NNPACK.cpp:56] Could not initialize NNPACK! Reason: Unsupported hardware.
[W105 20:00:28.514867329 NNPACK.cpp:56] Could not initialize NNPACK! Reason: Unsupported hardware.
[W105 20:00:28.515589528 NNPACK.cpp:56] Could not initialize NNPACK! Reason: Unsupported hardware.
[W105 20:00:28.520822616 NNPACK.cpp:56] Could not initialize NNPACK! Reason: Unsupported hardware.
[W105 20:00:28.522621038 NNPACK.cpp:56] Could not initialize NNPACK! Reason: Unsupported hardware.
[W105 20:00:28.526086274 NNPACK.cpp:56] Could not initialize NNPACK! Reason: Unsupported hardware.
[W105 20:00:28.528918529 NNPACK.cpp:56] Could not initialize NNPACK! Reason: Unsupported hardware.
[W105 20:00:28.533022265 NNPACK.cpp:56] Could not initialize NNPACK! Reason: Unsupported hardware.
[W105 20:00:28.535242210 NNPACK.cpp:56] Could not initialize NNPACK! Reason: Unsupported hardware.
[W105 20:00:28.538138585 NNPACK.cpp:56] Could not initialize NNPACK! Reason: Unsupported hardware.
[W105 20:00:28.540072485 NNPACK.cpp:56] Could not initialize NNPACK! Reason: Unsupported hardware.
[W105 20:00:28.542887790 NNPACK.cpp:56] Could not initialize NNPACK! Reason: Unsupported hardware.
[W105 20:00:28.550924364 NNPACK.cpp:56] Could not initialize NNPACK! Reason: Unsupported hardware.
[W105 20:00:28.562029581 NNPACK.cpp:56] Could not initialize NNPACK! Reason: Unsupported hardware.
[W105 20:00:28.566058958 NNPACK.cpp:56] Could not initialize NNPACK! Reason: Unsupported hardware.
[W105 20:00:28.570275921 NNPACK.cpp:56] Could not initialize NNPACK! Reason: Unsupported hardware.
[W105 20:00:28.571583331 NNPACK.cpp:56] Could not initialize NNPACK! Reason: Unsupported hardware.
[W105 20:00:28.571971455 NNPACK.cpp:56] Could not initialize NNPACK! Reason: Unsupported hardware.
[W105 20:00:28.573401872 NNPACK.cpp:56] Could not initialize NNPACK! Reason: Unsupported hardware.
[W105 20:00:28.573929074 NNPACK.cpp:56] Could not initialize NNPACK! Reason: Unsupported hardware.
[W105 20:00:28.575077886 NNPACK.cpp:56] Could not initialize NNPACK! Reason: Unsupported hardware.
0: 384x640 (no detections), 95.0ms
Speed: 1.6ms preprocess, 95.0ms inference, 0.5ms postprocess per image at shape (1, 3, 384, 640)
INFO:     127.0.0.1:51434 - "POST /identify HTTP/1.1" 200 OK
Falling back to default species list

[W105 20:01:47.813285742 NNPACK.cpp:56] Could not initialize NNPACK! Reason: Unsupported hardware.
[W105 20:01:47.817927734 NNPACK.cpp:56] Could not initialize NNPACK! Reason: Unsupported hardware.
[W105 20:01:47.821984263 NNPACK.cpp:56] Could not initialize NNPACK! Reason: Unsupported hardware.
[W105 20:01:47.828323093 NNPACK.cpp:56] Could not initialize NNPACK! Reason: Unsupported hardware.
[W105 20:01:47.831883399 NNPACK.cpp:56] Could not initialize NNPACK! Reason: Unsupported hardware.
[W105 20:01:47.837093514 NNPACK.cpp:56] Could not initialize NNPACK! Reason: Unsupported hardware.
[W105 20:01:47.840501621 NNPACK.cpp:56] Could not initialize NNPACK! Reason: Unsupported hardware.
[W105 20:01:47.843220378 NNPACK.cpp:56] Could not initialize NNPACK! Reason: Unsupported hardware.
[W105 20:01:47.843972598 NNPACK.cpp:56] Could not initialize NNPACK! Reason: Unsupported hardware.
[W105 20:01:47.849275162 NNPACK.cpp:56] Could not initialize NNPACK! Reason: Unsupported hardware.
[W105 20:01:47.851128399 NNPACK.cpp:56] Could not initialize NNPACK! Reason: Unsupported hardware.
[W105 20:01:47.854849271 NNPACK.cpp:56] Could not initialize NNPACK! Reason: Unsupported hardware.
[W105 20:01:47.857914013 NNPACK.cpp:56] Could not initialize NNPACK! Reason: Unsupported hardware.
[W105 20:01:47.862268359 NNPACK.cpp:56] Could not initialize NNPACK! Reason: Unsupported hardware.
[W105 20:01:47.864559070 NNPACK.cpp:56] Could not initialize NNPACK! Reason: Unsupported hardware.
[W105 20:01:47.867621102 NNPACK.cpp:56] Could not initialize NNPACK! Reason: Unsupported hardware.
[W105 20:01:47.869627437 NNPACK.cpp:56] Could not initialize NNPACK! Reason: Unsupported hardware.
[W105 20:01:47.872528370 NNPACK.cpp:56] Could not initialize NNPACK! Reason: Unsupported hardware.
[W105 20:01:47.880686978 NNPACK.cpp:56] Could not initialize NNPACK! Reason: Unsupported hardware.
[W105 20:01:47.891797759 NNPACK.cpp:56] Could not initialize NNPACK! Reason: Unsupported hardware.
[W105 20:01:47.895839149 NNPACK.cpp:56] Could not initialize NNPACK! Reason: Unsupported hardware.
[W105 20:01:47.900187624 NNPACK.cpp:56] Could not initialize NNPACK! Reason: Unsupported hardware.
[W105 20:01:47.901644816 NNPACK.cpp:56] Could not initialize NNPACK! Reason: Unsupported hardware.
[W105 20:01:47.902050231 NNPACK.cpp:56] Could not initialize NNPACK! Reason: Unsupported hardware.
[W105 20:01:47.903439144 NNPACK.cpp:56] Could not initialize NNPACK! Reason: Unsupported hardware.
[W105 20:01:47.903939167 NNPACK.cpp:56] Could not initialize NNPACK! Reason: Unsupported hardware.
[W105 20:01:47.905123543 NNPACK.cpp:56] Could not initialize NNPACK! Reason: Unsupported hardware.
0: 384x640 (no detections), 97.8ms
Speed: 1.7ms preprocess, 97.8ms inference, 0.5ms postprocess per image at shape (1, 3, 384, 640)
INFO:     127.0.0.1:49168 - "POST /identify HTTP/1.1" 200 OK
Falling back to default species list

[W105 20:01:54.298131041 NNPACK.cpp:56] Could not initialize NNPACK! Reason: Unsupported hardware.
[W105 20:01:54.302649766 NNPACK.cpp:56] Could not initialize NNPACK! Reason: Unsupported hardware.
[W105 20:01:54.306475999 NNPACK.cpp:56] Could not initialize NNPACK! Reason: Unsupported hardware.
[W105 20:01:54.311911702 NNPACK.cpp:56] Could not initialize NNPACK! Reason: Unsupported hardware.
[W105 20:01:54.315168102 NNPACK.cpp:56] Could not initialize NNPACK! Reason: Unsupported hardware.
[W105 20:01:54.320015353 NNPACK.cpp:56] Could not initialize NNPACK! Reason: Unsupported hardware.
[W105 20:01:54.323200083 NNPACK.cpp:56] Could not initialize NNPACK! Reason: Unsupported hardware.
[W105 20:01:54.325836772 NNPACK.cpp:56] Could not initialize NNPACK! Reason: Unsupported hardware.
[W105 20:01:54.326562412 NNPACK.cpp:56] Could not initialize NNPACK! Reason: Unsupported hardware.
[W105 20:01:54.331740349 NNPACK.cpp:56] Could not initialize NNPACK! Reason: Unsupported hardware.
[W105 20:01:54.333643586 NNPACK.cpp:56] Could not initialize NNPACK! Reason: Unsupported hardware.
[W105 20:01:54.337146262 NNPACK.cpp:56] Could not initialize NNPACK! Reason: Unsupported hardware.
[W105 20:01:54.340276594 NNPACK.cpp:56] Could not initialize NNPACK! Reason: Unsupported hardware.
[W105 20:01:54.344335855 NNPACK.cpp:56] Could not initialize NNPACK! Reason: Unsupported hardware.
[W105 20:01:54.346473158 NNPACK.cpp:56] Could not initialize NNPACK! Reason: Unsupported hardware.
[W105 20:01:54.349358043 NNPACK.cpp:56] Could not initialize NNPACK! Reason: Unsupported hardware.
[W105 20:01:54.351253799 NNPACK.cpp:56] Could not initialize NNPACK! Reason: Unsupported hardware.
[W105 20:01:54.354041326 NNPACK.cpp:56] Could not initialize NNPACK! Reason: Unsupported hardware.
[W105 20:01:54.362073087 NNPACK.cpp:56] Could not initialize NNPACK! Reason: Unsupported hardware.
[W105 20:01:54.373016103 NNPACK.cpp:56] Could not initialize NNPACK! Reason: Unsupported hardware.
[W105 20:01:54.376762267 NNPACK.cpp:56] Could not initialize NNPACK! Reason: Unsupported hardware.
[W105 20:01:54.380906806 NNPACK.cpp:56] Could not initialize NNPACK! Reason: Unsupported hardware.
[W105 20:01:54.382218050 NNPACK.cpp:56] Could not initialize NNPACK! Reason: Unsupported hardware.
[W105 20:01:54.382607795 NNPACK.cpp:56] Could not initialize NNPACK! Reason: Unsupported hardware.
[W105 20:01:54.383994799 NNPACK.cpp:56] Could not initialize NNPACK! Reason: Unsupported hardware.
[W105 20:01:54.384537852 NNPACK.cpp:56] Could not initialize NNPACK! Reason: Unsupported hardware.
[W105 20:01:54.385599159 NNPACK.cpp:56] Could not initialize NNPACK! Reason: Unsupported hardware.
0: 384x640 1 bed, 93.3ms
Speed: 1.6ms preprocess, 93.3ms inference, 0.7ms postprocess per image at shape (1, 3, 384, 640)
INFO:     127.0.0.1:41844 - "POST /identify HTTP/1.1" 200 OK
Falling back to default species list

[W105 20:02:02.105280878 NNPACK.cpp:56] Could not initialize NNPACK! Reason: Unsupported hardware.
[W105 20:02:02.109959032 NNPACK.cpp:56] Could not initialize NNPACK! Reason: Unsupported hardware.
[W105 20:02:02.113739106 NNPACK.cpp:56] Could not initialize NNPACK! Reason: Unsupported hardware.
[W105 20:02:02.119346259 NNPACK.cpp:56] Could not initialize NNPACK! Reason: Unsupported hardware.
[W105 20:02:02.122747118 NNPACK.cpp:56] Could not initialize NNPACK! Reason: Unsupported hardware.
[W105 20:02:02.127755289 NNPACK.cpp:56] Could not initialize NNPACK! Reason: Unsupported hardware.
[W105 20:02:02.130950611 NNPACK.cpp:56] Could not initialize NNPACK! Reason: Unsupported hardware.
[W105 20:02:02.133726157 NNPACK.cpp:56] Could not initialize NNPACK! Reason: Unsupported hardware.
[W105 20:02:02.134488988 NNPACK.cpp:56] Could not initialize NNPACK! Reason: Unsupported hardware.
[W105 20:02:02.139846804 NNPACK.cpp:56] Could not initialize NNPACK! Reason: Unsupported hardware.
[W105 20:02:02.141778191 NNPACK.cpp:56] Could not initialize NNPACK! Reason: Unsupported hardware.
[W105 20:02:02.145459317 NNPACK.cpp:56] Could not initialize NNPACK! Reason: Unsupported hardware.
[W105 20:02:02.148727327 NNPACK.cpp:56] Could not initialize NNPACK! Reason: Unsupported hardware.
[W105 20:02:02.152815279 NNPACK.cpp:56] Could not initialize NNPACK! Reason: Unsupported hardware.
[W105 20:02:02.155071312 NNPACK.cpp:56] Could not initialize NNPACK! Reason: Unsupported hardware.
[W105 20:02:02.158106845 NNPACK.cpp:56] Could not initialize NNPACK! Reason: Unsupported hardware.
[W105 20:02:02.160125661 NNPACK.cpp:56] Could not initialize NNPACK! Reason: Unsupported hardware.
[W105 20:02:02.162970268 NNPACK.cpp:56] Could not initialize NNPACK! Reason: Unsupported hardware.
[W105 20:02:02.171241748 NNPACK.cpp:56] Could not initialize NNPACK! Reason: Unsupported hardware.
[W105 20:02:02.182552852 NNPACK.cpp:56] Could not initialize NNPACK! Reason: Unsupported hardware.
[W105 20:02:02.186618734 NNPACK.cpp:56] Could not initialize NNPACK! Reason: Unsupported hardware.
[W105 20:02:02.190863874 NNPACK.cpp:56] Could not initialize NNPACK! Reason: Unsupported hardware.
[W105 20:02:02.192285566 NNPACK.cpp:56] Could not initialize NNPACK! Reason: Unsupported hardware.
[W105 20:02:02.192688791 NNPACK.cpp:56] Could not initialize NNPACK! Reason: Unsupported hardware.
[W105 20:02:02.194135344 NNPACK.cpp:56] Could not initialize NNPACK! Reason: Unsupported hardware.
[W105 20:02:02.194655617 NNPACK.cpp:56] Could not initialize NNPACK! Reason: Unsupported hardware.
[W105 20:02:02.195746935 NNPACK.cpp:56] Could not initialize NNPACK! Reason: Unsupported hardware.
0: 384x640 1 bed, 96.5ms
Speed: 1.8ms preprocess, 96.5ms inference, 0.8ms postprocess per image at shape (1, 3, 384, 640)
INFO:     127.0.0.1:36446 - "POST /identify HTTP/1.1" 200 OK
Falling back to default species list

[W105 20:02:10.382249759 NNPACK.cpp:56] Could not initialize NNPACK! Reason: Unsupported hardware.
[W105 20:02:10.386778276 NNPACK.cpp:56] Could not initialize NNPACK! Reason: Unsupported hardware.
[W105 20:02:10.390377594 NNPACK.cpp:56] Could not initialize NNPACK! Reason: Unsupported hardware.
[W105 20:02:10.395776411 NNPACK.cpp:56] Could not initialize NNPACK! Reason: Unsupported hardware.
[W105 20:02:10.398960794 NNPACK.cpp:56] Could not initialize NNPACK! Reason: Unsupported hardware.
[W105 20:02:10.404088773 NNPACK.cpp:56] Could not initialize NNPACK! Reason: Unsupported hardware.
[W105 20:02:10.407070259 NNPACK.cpp:56] Could not initialize NNPACK! Reason: Unsupported hardware.
[W105 20:02:10.409709508 NNPACK.cpp:56] Could not initialize NNPACK! Reason: Unsupported hardware.
[W105 20:02:10.410441770 NNPACK.cpp:56] Could not initialize NNPACK! Reason: Unsupported hardware.
[W105 20:02:10.415601879 NNPACK.cpp:56] Could not initialize NNPACK! Reason: Unsupported hardware.
[W105 20:02:10.417352789 NNPACK.cpp:56] Could not initialize NNPACK! Reason: Unsupported hardware.
[W105 20:02:10.420844078 NNPACK.cpp:56] Could not initialize NNPACK! Reason: Unsupported hardware.
[W105 20:02:10.423954741 NNPACK.cpp:56] Could not initialize NNPACK! Reason: Unsupported hardware.
[W105 20:02:10.427885045 NNPACK.cpp:56] Could not initialize NNPACK! Reason: Unsupported hardware.
[W105 20:02:10.430055620 NNPACK.cpp:56] Could not initialize NNPACK! Reason: Unsupported hardware.
[W105 20:02:10.432944777 NNPACK.cpp:56] Could not initialize NNPACK! Reason: Unsupported hardware.
[W105 20:02:10.434869344 NNPACK.cpp:56] Could not initialize NNPACK! Reason: Unsupported hardware.
[W105 20:02:10.437742110 NNPACK.cpp:56] Could not initialize NNPACK! Reason: Unsupported hardware.
[W105 20:02:10.445832796 NNPACK.cpp:56] Could not initialize NNPACK! Reason: Unsupported hardware.
[W105 20:02:10.456985696 NNPACK.cpp:56] Could not initialize NNPACK! Reason: Unsupported hardware.
[W105 20:02:10.460744702 NNPACK.cpp:56] Could not initialize NNPACK! Reason: Unsupported hardware.
[W105 20:02:10.464893413 NNPACK.cpp:56] Could not initialize NNPACK! Reason: Unsupported hardware.
[W105 20:02:10.466223617 NNPACK.cpp:56] Could not initialize NNPACK! Reason: Unsupported hardware.
[W105 20:02:10.466598084 NNPACK.cpp:56] Could not initialize NNPACK! Reason: Unsupported hardware.
[W105 20:02:10.468016057 NNPACK.cpp:56] Could not initialize NNPACK! Reason: Unsupported hardware.
[W105 20:02:10.468519881 NNPACK.cpp:56] Could not initialize NNPACK! Reason: Unsupported hardware.
[W105 20:02:10.469522319 NNPACK.cpp:56] Could not initialize NNPACK! Reason: Unsupported hardware.
0: 384x640 1 bed, 93.1ms
Speed: 1.6ms preprocess, 93.1ms inference, 0.7ms postprocess per image at shape (1, 3, 384, 640)
INFO:     127.0.0.1:36456 - "POST /identify HTTP/1.1" 200 OK
Falling back to default species list

[W105 20:02:17.419034122 NNPACK.cpp:56] Could not initialize NNPACK! Reason: Unsupported hardware.
[W105 20:02:17.423521171 NNPACK.cpp:56] Could not initialize NNPACK! Reason: Unsupported hardware.
[W105 20:02:17.427269289 NNPACK.cpp:56] Could not initialize NNPACK! Reason: Unsupported hardware.
[W105 20:02:17.432712126 NNPACK.cpp:56] Could not initialize NNPACK! Reason: Unsupported hardware.
[W105 20:02:17.435939739 NNPACK.cpp:56] Could not initialize NNPACK! Reason: Unsupported hardware.
[W105 20:02:17.440821523 NNPACK.cpp:56] Could not initialize NNPACK! Reason: Unsupported hardware.
[W105 20:02:17.443831289 NNPACK.cpp:56] Could not initialize NNPACK! Reason: Unsupported hardware.
[W105 20:02:17.446507388 NNPACK.cpp:56] Could not initialize NNPACK! Reason: Unsupported hardware.
[W105 20:02:17.447271590 NNPACK.cpp:56] Could not initialize NNPACK! Reason: Unsupported hardware.
[W105 20:02:17.452457260 NNPACK.cpp:56] Could not initialize NNPACK! Reason: Unsupported hardware.
[W105 20:02:17.454429477 NNPACK.cpp:56] Could not initialize NNPACK! Reason: Unsupported hardware.
[W105 20:02:17.457922688 NNPACK.cpp:56] Could not initialize NNPACK! Reason: Unsupported hardware.
[W105 20:02:17.461040021 NNPACK.cpp:56] Could not initialize NNPACK! Reason: Unsupported hardware.
[W105 20:02:17.465048606 NNPACK.cpp:56] Could not initialize NNPACK! Reason: Unsupported hardware.
[W105 20:02:17.467250091 NNPACK.cpp:56] Could not initialize NNPACK! Reason: Unsupported hardware.
[W105 20:02:17.470184087 NNPACK.cpp:56] Could not initialize NNPACK! Reason: Unsupported hardware.
[W105 20:02:17.472106945 NNPACK.cpp:56] Could not initialize NNPACK! Reason: Unsupported hardware.
[W105 20:02:17.474934962 NNPACK.cpp:56] Could not initialize NNPACK! Reason: Unsupported hardware.
[W105 20:02:17.483040190 NNPACK.cpp:56] Could not initialize NNPACK! Reason: Unsupported hardware.
[W105 20:02:17.494024335 NNPACK.cpp:56] Could not initialize NNPACK! Reason: Unsupported hardware.
[W105 20:02:17.497830061 NNPACK.cpp:56] Could not initialize NNPACK! Reason: Unsupported hardware.
[W105 20:02:17.501972274 NNPACK.cpp:56] Could not initialize NNPACK! Reason: Unsupported hardware.
[W105 20:02:17.503307269 NNPACK.cpp:56] Could not initialize NNPACK! Reason: Unsupported hardware.
[W105 20:02:17.503726564 NNPACK.cpp:56] Could not initialize NNPACK! Reason: Unsupported hardware.
[W105 20:02:17.505125787 NNPACK.cpp:56] Could not initialize NNPACK! Reason: Unsupported hardware.
[W105 20:02:17.505634902 NNPACK.cpp:56] Could not initialize NNPACK! Reason: Unsupported hardware.
[W105 20:02:17.506671120 NNPACK.cpp:56] Could not initialize NNPACK! Reason: Unsupported hardware.
0: 384x640 1 bed, 93.4ms
Speed: 1.6ms preprocess, 93.4ms inference, 0.7ms postprocess per image at shape (1, 3, 384, 640)
INFO:     127.0.0.1:35268 - "POST /identify HTTP/1.1" 200 OK
Falling back to default species list

[W105 20:03:17.189151983 NNPACK.cpp:56] Could not initialize NNPACK! Reason: Unsupported hardware.
[W105 20:03:17.193754810 NNPACK.cpp:56] Could not initialize NNPACK! Reason: Unsupported hardware.
[W105 20:03:17.197510234 NNPACK.cpp:56] Could not initialize NNPACK! Reason: Unsupported hardware.
[W105 20:03:17.203030012 NNPACK.cpp:56] Could not initialize NNPACK! Reason: Unsupported hardware.
[W105 20:03:17.206270722 NNPACK.cpp:56] Could not initialize NNPACK! Reason: Unsupported hardware.
[W105 20:03:17.211145405 NNPACK.cpp:56] Could not initialize NNPACK! Reason: Unsupported hardware.
[W105 20:03:17.214145417 NNPACK.cpp:56] Could not initialize NNPACK! Reason: Unsupported hardware.
[W105 20:03:17.216784282 NNPACK.cpp:56] Could not initialize NNPACK! Reason: Unsupported hardware.
[W105 20:03:17.217509935 NNPACK.cpp:56] Could not initialize NNPACK! Reason: Unsupported hardware.
[W105 20:03:17.222600597 NNPACK.cpp:56] Could not initialize NNPACK! Reason: Unsupported hardware.
[W105 20:03:17.224338061 NNPACK.cpp:56] Could not initialize NNPACK! Reason: Unsupported hardware.
[W105 20:03:17.227772537 NNPACK.cpp:56] Could not initialize NNPACK! Reason: Unsupported hardware.
[W105 20:03:17.230944948 NNPACK.cpp:56] Could not initialize NNPACK! Reason: Unsupported hardware.
[W105 20:03:17.234981410 NNPACK.cpp:56] Could not initialize NNPACK! Reason: Unsupported hardware.
[W105 20:03:17.237308137 NNPACK.cpp:56] Could not initialize NNPACK! Reason: Unsupported hardware.
[W105 20:03:17.240985753 NNPACK.cpp:56] Could not initialize NNPACK! Reason: Unsupported hardware.
[W105 20:03:17.242918234 NNPACK.cpp:56] Could not initialize NNPACK! Reason: Unsupported hardware.
[W105 20:03:17.245795567 NNPACK.cpp:56] Could not initialize NNPACK! Reason: Unsupported hardware.
[W105 20:03:17.253972920 NNPACK.cpp:56] Could not initialize NNPACK! Reason: Unsupported hardware.
[W105 20:03:17.265086874 NNPACK.cpp:56] Could not initialize NNPACK! Reason: Unsupported hardware.
[W105 20:03:17.268843979 NNPACK.cpp:56] Could not initialize NNPACK! Reason: Unsupported hardware.
[W105 20:03:17.273054119 NNPACK.cpp:56] Could not initialize NNPACK! Reason: Unsupported hardware.
[W105 20:03:17.274397407 NNPACK.cpp:56] Could not initialize NNPACK! Reason: Unsupported hardware.
[W105 20:03:17.274791593 NNPACK.cpp:56] Could not initialize NNPACK! Reason: Unsupported hardware.
[W105 20:03:17.276201450 NNPACK.cpp:56] Could not initialize NNPACK! Reason: Unsupported hardware.
[W105 20:03:17.276714724 NNPACK.cpp:56] Could not initialize NNPACK! Reason: Unsupported hardware.
[W105 20:03:17.277762644 NNPACK.cpp:56] Could not initialize NNPACK! Reason: Unsupported hardware.
0: 384x640 1 bed, 94.5ms
Speed: 1.7ms preprocess, 94.5ms inference, 0.7ms postprocess per image at shape (1, 3, 384, 640)
INFO:     127.0.0.1:51976 - "POST /identify HTTP/1.1" 200 OK
Falling back to default species list

[W105 20:03:24.113788939 NNPACK.cpp:56] Could not initialize NNPACK! Reason: Unsupported hardware.
[W105 20:03:24.118388206 NNPACK.cpp:56] Could not initialize NNPACK! Reason: Unsupported hardware.
[W105 20:03:24.122189681 NNPACK.cpp:56] Could not initialize NNPACK! Reason: Unsupported hardware.
[W105 20:03:24.127765849 NNPACK.cpp:56] Could not initialize NNPACK! Reason: Unsupported hardware.
[W105 20:03:24.131114299 NNPACK.cpp:56] Could not initialize NNPACK! Reason: Unsupported hardware.
[W105 20:03:24.136089132 NNPACK.cpp:56] Could not initialize NNPACK! Reason: Unsupported hardware.
[W105 20:03:24.139125755 NNPACK.cpp:56] Could not initialize NNPACK! Reason: Unsupported hardware.
[W105 20:03:24.141862669 NNPACK.cpp:56] Could not initialize NNPACK! Reason: Unsupported hardware.
[W105 20:03:24.142677212 NNPACK.cpp:56] Could not initialize NNPACK! Reason: Unsupported hardware.
[W105 20:03:24.147854773 NNPACK.cpp:56] Could not initialize NNPACK! Reason: Unsupported hardware.
[W105 20:03:24.149687697 NNPACK.cpp:56] Could not initialize NNPACK! Reason: Unsupported hardware.
[W105 20:03:24.153234214 NNPACK.cpp:56] Could not initialize NNPACK! Reason: Unsupported hardware.
[W105 20:03:24.156365634 NNPACK.cpp:56] Could not initialize NNPACK! Reason: Unsupported hardware.
[W105 20:03:24.160396707 NNPACK.cpp:56] Could not initialize NNPACK! Reason: Unsupported hardware.
[W105 20:03:24.162631427 NNPACK.cpp:56] Could not initialize NNPACK! Reason: Unsupported hardware.
[W105 20:03:24.165613439 NNPACK.cpp:56] Could not initialize NNPACK! Reason: Unsupported hardware.
[W105 20:03:24.167589301 NNPACK.cpp:56] Could not initialize NNPACK! Reason: Unsupported hardware.
[W105 20:03:24.170460274 NNPACK.cpp:56] Could not initialize NNPACK! Reason: Unsupported hardware.
[W105 20:03:24.178590960 NNPACK.cpp:56] Could not initialize NNPACK! Reason: Unsupported hardware.
[W105 20:03:24.189707296 NNPACK.cpp:56] Could not initialize NNPACK! Reason: Unsupported hardware.
[W105 20:03:24.193575550 NNPACK.cpp:56] Could not initialize NNPACK! Reason: Unsupported hardware.
[W105 20:03:24.197785271 NNPACK.cpp:56] Could not initialize NNPACK! Reason: Unsupported hardware.
[W105 20:03:24.199156529 NNPACK.cpp:56] Could not initialize NNPACK! Reason: Unsupported hardware.
[W105 20:03:24.199563255 NNPACK.cpp:56] Could not initialize NNPACK! Reason: Unsupported hardware.
[W105 20:03:24.200960442 NNPACK.cpp:56] Could not initialize NNPACK! Reason: Unsupported hardware.
[W105 20:03:24.201498237 NNPACK.cpp:56] Could not initialize NNPACK! Reason: Unsupported hardware.
[W105 20:03:24.202616687 NNPACK.cpp:56] Could not initialize NNPACK! Reason: Unsupported hardware.
0: 384x640 1 bed, 94.8ms
Speed: 1.6ms preprocess, 94.8ms inference, 0.7ms postprocess per image at shape (1, 3, 384, 640)
INFO:     127.0.0.1:44756 - "POST /identify HTTP/1.1" 200 OK
Falling back to default species list

[W105 20:03:30.023417027 NNPACK.cpp:56] Could not initialize NNPACK! Reason: Unsupported hardware.
[W105 20:03:30.028414072 NNPACK.cpp:56] Could not initialize NNPACK! Reason: Unsupported hardware.
[W105 20:03:30.032433685 NNPACK.cpp:56] Could not initialize NNPACK! Reason: Unsupported hardware.
[W105 20:03:30.038256202 NNPACK.cpp:56] Could not initialize NNPACK! Reason: Unsupported hardware.
[W105 20:03:30.041633772 NNPACK.cpp:56] Could not initialize NNPACK! Reason: Unsupported hardware.
[W105 20:03:30.046825894 NNPACK.cpp:56] Could not initialize NNPACK! Reason: Unsupported hardware.
[W105 20:03:30.049978226 NNPACK.cpp:56] Could not initialize NNPACK! Reason: Unsupported hardware.
[W105 20:03:30.052834940 NNPACK.cpp:56] Could not initialize NNPACK! Reason: Unsupported hardware.
[W105 20:03:30.053592454 NNPACK.cpp:56] Could not initialize NNPACK! Reason: Unsupported hardware.
[W105 20:03:30.058837125 NNPACK.cpp:56] Could not initialize NNPACK! Reason: Unsupported hardware.
[W105 20:03:30.060731938 NNPACK.cpp:56] Could not initialize NNPACK! Reason: Unsupported hardware.
[W105 20:03:30.064384605 NNPACK.cpp:56] Could not initialize NNPACK! Reason: Unsupported hardware.
[W105 20:03:30.067539927 NNPACK.cpp:56] Could not initialize NNPACK! Reason: Unsupported hardware.
[W105 20:03:30.073872269 NNPACK.cpp:56] Could not initialize NNPACK! Reason: Unsupported hardware.
[W105 20:03:30.076365787 NNPACK.cpp:56] Could not initialize NNPACK! Reason: Unsupported hardware.
[W105 20:03:30.079274550 NNPACK.cpp:56] Could not initialize NNPACK! Reason: Unsupported hardware.
[W105 20:03:30.081206292 NNPACK.cpp:56] Could not initialize NNPACK! Reason: Unsupported hardware.
[W105 20:03:30.084044057 NNPACK.cpp:56] Could not initialize NNPACK! Reason: Unsupported hardware.
[W105 20:03:31.092355942 NNPACK.cpp:56] Could not initialize NNPACK! Reason: Unsupported hardware.
[W105 20:03:31.103326913 NNPACK.cpp:56] Could not initialize NNPACK! Reason: Unsupported hardware.
[W105 20:03:31.107369666 NNPACK.cpp:56] Could not initialize NNPACK! Reason: Unsupported hardware.
[W105 20:03:31.111476479 NNPACK.cpp:56] Could not initialize NNPACK! Reason: Unsupported hardware.
[W105 20:03:31.112846096 NNPACK.cpp:56] Could not initialize NNPACK! Reason: Unsupported hardware.
[W105 20:03:31.113263812 NNPACK.cpp:56] Could not initialize NNPACK! Reason: Unsupported hardware.
[W105 20:03:31.114670510 NNPACK.cpp:56] Could not initialize NNPACK! Reason: Unsupported hardware.
[W105 20:03:31.115189545 NNPACK.cpp:56] Could not initialize NNPACK! Reason: Unsupported hardware.
[W105 20:03:31.116385834 NNPACK.cpp:56] Could not initialize NNPACK! Reason: Unsupported hardware.
0: 384x640 1 bed, 99.6ms
Speed: 1.6ms preprocess, 99.6ms inference, 0.7ms postprocess per image at shape (1, 3, 384, 640)
INFO:     127.0.0.1:57318 - "POST /identify HTTP/1.1" 200 OK
Falling back to default species list

[W105 20:03:38.327255357 NNPACK.cpp:56] Could not initialize NNPACK! Reason: Unsupported hardware.
[W105 20:03:38.331961476 NNPACK.cpp:56] Could not initialize NNPACK! Reason: Unsupported hardware.
[W105 20:03:38.335892551 NNPACK.cpp:56] Could not initialize NNPACK! Reason: Unsupported hardware.
[W105 20:03:38.341648020 NNPACK.cpp:56] Could not initialize NNPACK! Reason: Unsupported hardware.
[W105 20:03:38.345065180 NNPACK.cpp:56] Could not initialize NNPACK! Reason: Unsupported hardware.
[W105 20:03:38.350440253 NNPACK.cpp:56] Could not initialize NNPACK! Reason: Unsupported hardware.
[W105 20:03:38.353564405 NNPACK.cpp:56] Could not initialize NNPACK! Reason: Unsupported hardware.
[W105 20:03:38.356269662 NNPACK.cpp:56] Could not initialize NNPACK! Reason: Unsupported hardware.
[W105 20:03:38.357031595 NNPACK.cpp:56] Could not initialize NNPACK! Reason: Unsupported hardware.
[W105 20:03:38.362374748 NNPACK.cpp:56] Could not initialize NNPACK! Reason: Unsupported hardware.
[W105 20:03:38.364340520 NNPACK.cpp:56] Could not initialize NNPACK! Reason: Unsupported hardware.
[W105 20:03:38.368099476 NNPACK.cpp:56] Could not initialize NNPACK! Reason: Unsupported hardware.
[W105 20:03:38.371401597 NNPACK.cpp:56] Could not initialize NNPACK! Reason: Unsupported hardware.
[W105 20:03:38.375697629 NNPACK.cpp:56] Could not initialize NNPACK! Reason: Unsupported hardware.
[W105 20:03:38.378055858 NNPACK.cpp:56] Could not initialize NNPACK! Reason: Unsupported hardware.
[W105 20:03:38.381241681 NNPACK.cpp:56] Could not initialize NNPACK! Reason: Unsupported hardware.
[W105 20:03:38.383339342 NNPACK.cpp:56] Could not initialize NNPACK! Reason: Unsupported hardware.
[W105 20:03:38.386292217 NNPACK.cpp:56] Could not initialize NNPACK! Reason: Unsupported hardware.
[W105 20:03:38.394717802 NNPACK.cpp:56] Could not initialize NNPACK! Reason: Unsupported hardware.
[W105 20:03:38.405909062 NNPACK.cpp:56] Could not initialize NNPACK! Reason: Unsupported hardware.
[W105 20:03:38.409806088 NNPACK.cpp:56] Could not initialize NNPACK! Reason: Unsupported hardware.
[W105 20:03:38.414085880 NNPACK.cpp:56] Could not initialize NNPACK! Reason: Unsupported hardware.
[W105 20:03:38.415428339 NNPACK.cpp:56] Could not initialize NNPACK! Reason: Unsupported hardware.
[W105 20:03:38.415820885 NNPACK.cpp:56] Could not initialize NNPACK! Reason: Unsupported hardware.
[W105 20:03:38.417319622 NNPACK.cpp:56] Could not initialize NNPACK! Reason: Unsupported hardware.
[W105 20:03:38.417873347 NNPACK.cpp:56] Could not initialize NNPACK! Reason: Unsupported hardware.
[W105 20:03:38.419053297 NNPACK.cpp:56] Could not initialize NNPACK! Reason: Unsupported hardware.
0: 384x640 1 bed, 98.1ms
Speed: 2.0ms preprocess, 98.1ms inference, 0.7ms postprocess per image at shape (1, 3, 384, 640)
INFO:     127.0.0.1:57328 - "POST /identify HTTP/1.1" 200 OK
Falling back to default species list

[W105 20:03:45.205541153 NNPACK.cpp:56] Could not initialize NNPACK! Reason: Unsupported hardware.
[W105 20:03:45.210129333 NNPACK.cpp:56] Could not initialize NNPACK! Reason: Unsupported hardware.
[W105 20:03:45.213890311 NNPACK.cpp:56] Could not initialize NNPACK! Reason: Unsupported hardware.
[W105 20:03:45.219330544 NNPACK.cpp:56] Could not initialize NNPACK! Reason: Unsupported hardware.
[W105 20:03:45.222578546 NNPACK.cpp:56] Could not initialize NNPACK! Reason: Unsupported hardware.
[W105 20:03:45.227455874 NNPACK.cpp:56] Could not initialize NNPACK! Reason: Unsupported hardware.
[W105 20:03:45.230506577 NNPACK.cpp:56] Could not initialize NNPACK! Reason: Unsupported hardware.
[W105 20:03:45.233206335 NNPACK.cpp:56] Could not initialize NNPACK! Reason: Unsupported hardware.
[W105 20:03:45.233909578 NNPACK.cpp:56] Could not initialize NNPACK! Reason: Unsupported hardware.
[W105 20:03:45.239031144 NNPACK.cpp:56] Could not initialize NNPACK! Reason: Unsupported hardware.
[W105 20:03:45.240807588 NNPACK.cpp:56] Could not initialize NNPACK! Reason: Unsupported hardware.
[W105 20:03:45.244315758 NNPACK.cpp:56] Could not initialize NNPACK! Reason: Unsupported hardware.
[W105 20:03:45.247548411 NNPACK.cpp:56] Could not initialize NNPACK! Reason: Unsupported hardware.
[W105 20:03:45.251716835 NNPACK.cpp:56] Could not initialize NNPACK! Reason: Unsupported hardware.
[W105 20:03:45.254384841 NNPACK.cpp:56] Could not initialize NNPACK! Reason: Unsupported hardware.
[W105 20:03:45.257361726 NNPACK.cpp:56] Could not initialize NNPACK! Reason: Unsupported hardware.
[W105 20:03:45.259302149 NNPACK.cpp:56] Could not initialize NNPACK! Reason: Unsupported hardware.
[W105 20:03:45.262189874 NNPACK.cpp:56] Could not initialize NNPACK! Reason: Unsupported hardware.
[W105 20:03:45.270285704 NNPACK.cpp:56] Could not initialize NNPACK! Reason: Unsupported hardware.
[W105 20:03:45.281426768 NNPACK.cpp:56] Could not initialize NNPACK! Reason: Unsupported hardware.
[W105 20:03:45.285240476 NNPACK.cpp:56] Could not initialize NNPACK! Reason: Unsupported hardware.
[W105 20:03:45.289423889 NNPACK.cpp:56] Could not initialize NNPACK! Reason: Unsupported hardware.
[W105 20:03:45.290737577 NNPACK.cpp:56] Could not initialize NNPACK! Reason: Unsupported hardware.
[W105 20:03:45.291153925 NNPACK.cpp:56] Could not initialize NNPACK! Reason: Unsupported hardware.
[W105 20:03:45.292558392 NNPACK.cpp:56] Could not initialize NNPACK! Reason: Unsupported hardware.
[W105 20:03:45.293089278 NNPACK.cpp:56] Could not initialize NNPACK! Reason: Unsupported hardware.
[W105 20:03:45.294140588 NNPACK.cpp:56] Could not initialize NNPACK! Reason: Unsupported hardware.
0: 384x640 1 bed, 94.5ms
Speed: 1.6ms preprocess, 94.5ms inference, 0.7ms postprocess per image at shape (1, 3, 384, 640)
INFO:     127.0.0.1:56632 - "POST /identify HTTP/1.1" 200 OK
Falling back to default species list

[W105 20:10:42.386485611 NNPACK.cpp:56] Could not initialize NNPACK! Reason: Unsupported hardware.
[W105 20:10:42.391380499 NNPACK.cpp:56] Could not initialize NNPACK! Reason: Unsupported hardware.
[W105 20:10:42.395260708 NNPACK.cpp:56] Could not initialize NNPACK! Reason: Unsupported hardware.
[W105 20:10:42.400867217 NNPACK.cpp:56] Could not initialize NNPACK! Reason: Unsupported hardware.
[W105 20:10:42.404326976 NNPACK.cpp:56] Could not initialize NNPACK! Reason: Unsupported hardware.
[W105 20:10:42.409523964 NNPACK.cpp:56] Could not initialize NNPACK! Reason: Unsupported hardware.
[W105 20:10:42.412633894 NNPACK.cpp:56] Could not initialize NNPACK! Reason: Unsupported hardware.
[W105 20:10:42.415441792 NNPACK.cpp:56] Could not initialize NNPACK! Reason: Unsupported hardware.
[W105 20:10:42.416207343 NNPACK.cpp:56] Could not initialize NNPACK! Reason: Unsupported hardware.
[W105 20:10:42.421378671 NNPACK.cpp:56] Could not initialize NNPACK! Reason: Unsupported hardware.
[W105 20:10:42.423237440 NNPACK.cpp:56] Could not initialize NNPACK! Reason: Unsupported hardware.
[W105 20:10:42.426837070 NNPACK.cpp:56] Could not initialize NNPACK! Reason: Unsupported hardware.
[W105 20:10:42.429793449 NNPACK.cpp:56] Could not initialize NNPACK! Reason: Unsupported hardware.
[W105 20:10:42.433913208 NNPACK.cpp:56] Could not initialize NNPACK! Reason: Unsupported hardware.
[W105 20:10:42.436328067 NNPACK.cpp:56] Could not initialize NNPACK! Reason: Unsupported hardware.
[W105 20:10:42.439391676 NNPACK.cpp:56] Could not initialize NNPACK! Reason: Unsupported hardware.
[W105 20:10:42.441437205 NNPACK.cpp:56] Could not initialize NNPACK! Reason: Unsupported hardware.
[W105 20:10:42.444381615 NNPACK.cpp:56] Could not initialize NNPACK! Reason: Unsupported hardware.
[W105 20:10:42.452738473 NNPACK.cpp:56] Could not initialize NNPACK! Reason: Unsupported hardware.
[W105 20:10:42.465067619 NNPACK.cpp:56] Could not initialize NNPACK! Reason: Unsupported hardware.
[W105 20:10:42.469122218 NNPACK.cpp:56] Could not initialize NNPACK! Reason: Unsupported hardware.
[W105 20:10:42.473413217 NNPACK.cpp:56] Could not initialize NNPACK! Reason: Unsupported hardware.
[W105 20:10:42.474818256 NNPACK.cpp:56] Could not initialize NNPACK! Reason: Unsupported hardware.
[W105 20:10:42.475260566 NNPACK.cpp:56] Could not initialize NNPACK! Reason: Unsupported hardware.
[W105 20:10:42.476715946 NNPACK.cpp:56] Could not initialize NNPACK! Reason: Unsupported hardware.
[W105 20:10:42.477277086 NNPACK.cpp:56] Could not initialize NNPACK! Reason: Unsupported hardware.
[W105 20:10:42.478413906 NNPACK.cpp:56] Could not initialize NNPACK! Reason: Unsupported hardware.
0: 384x640 (no detections), 107.7ms
Speed: 1.6ms preprocess, 107.7ms inference, 0.5ms postprocess per image at shape (1, 3, 384, 640)
INFO:     127.0.0.1:33864 - "POST /identify HTTP/1.1" 200 OK
Falling back to default species list

[W105 20:10:49.934030836 NNPACK.cpp:56] Could not initialize NNPACK! Reason: Unsupported hardware.
[W105 20:10:49.938699595 NNPACK.cpp:56] Could not initialize NNPACK! Reason: Unsupported hardware.
[W105 20:10:49.942337504 NNPACK.cpp:56] Could not initialize NNPACK! Reason: Unsupported hardware.
[W105 20:10:49.948130573 NNPACK.cpp:56] Could not initialize NNPACK! Reason: Unsupported hardware.
[W105 20:10:49.951813273 NNPACK.cpp:56] Could not initialize NNPACK! Reason: Unsupported hardware.
[W105 20:10:49.956750582 NNPACK.cpp:56] Could not initialize NNPACK! Reason: Unsupported hardware.
[W105 20:10:49.960064421 NNPACK.cpp:56] Could not initialize NNPACK! Reason: Unsupported hardware.
[W105 20:10:49.962730740 NNPACK.cpp:56] Could not initialize NNPACK! Reason: Unsupported hardware.
[W105 20:10:49.963494981 NNPACK.cpp:56] Could not initialize NNPACK! Reason: Unsupported hardware.
[W105 20:10:49.968382349 NNPACK.cpp:56] Could not initialize NNPACK! Reason: Unsupported hardware.
[W105 20:10:49.970176569 NNPACK.cpp:56] Could not initialize NNPACK! Reason: Unsupported hardware.
[W105 20:10:49.973689519 NNPACK.cpp:56] Could not initialize NNPACK! Reason: Unsupported hardware.
[W105 20:10:49.976695788 NNPACK.cpp:56] Could not initialize NNPACK! Reason: Unsupported hardware.
[W105 20:10:49.980697057 NNPACK.cpp:56] Could not initialize NNPACK! Reason: Unsupported hardware.
[W105 20:10:49.982989737 NNPACK.cpp:56] Could not initialize NNPACK! Reason: Unsupported hardware.
[W105 20:10:49.986078466 NNPACK.cpp:56] Could not initialize NNPACK! Reason: Unsupported hardware.
[W105 20:10:49.988083176 NNPACK.cpp:56] Could not initialize NNPACK! Reason: Unsupported hardware.
[W105 20:10:49.990992246 NNPACK.cpp:56] Could not initialize NNPACK! Reason: Unsupported hardware.
[W105 20:10:49.999175244 NNPACK.cpp:56] Could not initialize NNPACK! Reason: Unsupported hardware.
[W105 20:10:49.010512061 NNPACK.cpp:56] Could not initialize NNPACK! Reason: Unsupported hardware.
[W105 20:10:49.014262171 NNPACK.cpp:56] Could not initialize NNPACK! Reason: Unsupported hardware.
[W105 20:10:49.018411900 NNPACK.cpp:56] Could not initialize NNPACK! Reason: Unsupported hardware.
[W105 20:10:49.019699530 NNPACK.cpp:56] Could not initialize NNPACK! Reason: Unsupported hardware.
[W105 20:10:49.020103630 NNPACK.cpp:56] Could not initialize NNPACK! Reason: Unsupported hardware.
[W105 20:10:49.021463140 NNPACK.cpp:56] Could not initialize NNPACK! Reason: Unsupported hardware.
[W105 20:10:49.021966200 NNPACK.cpp:56] Could not initialize NNPACK! Reason: Unsupported hardware.
[W105 20:10:49.022977610 NNPACK.cpp:56] Could not initialize NNPACK! Reason: Unsupported hardware.
0: 384x640 1 umbrella, 94.9ms
Speed: 1.7ms preprocess, 94.9ms inference, 0.7ms postprocess per image at shape (1, 3, 384, 640)
INFO:     127.0.0.1:33870 - "POST /identify HTTP/1.1" 200 OK
Falling back to default species list

[W105 20:11:22.196368804 NNPACK.cpp:56] Could not initialize NNPACK! Reason: Unsupported hardware.
[W105 20:11:22.200811854 NNPACK.cpp:56] Could not initialize NNPACK! Reason: Unsupported hardware.
[W105 20:11:22.204444506 NNPACK.cpp:56] Could not initialize NNPACK! Reason: Unsupported hardware.
[W105 20:11:22.209906417 NNPACK.cpp:56] Could not initialize NNPACK! Reason: Unsupported hardware.
[W105 20:11:22.213209028 NNPACK.cpp:56] Could not initialize NNPACK! Reason: Unsupported hardware.
[W105 20:11:22.218132869 NNPACK.cpp:56] Could not initialize NNPACK! Reason: Unsupported hardware.
[W105 20:11:22.221112890 NNPACK.cpp:56] Could not initialize NNPACK! Reason: Unsupported hardware.
[W105 20:11:22.223780960 NNPACK.cpp:56] Could not initialize NNPACK! Reason: Unsupported hardware.
[W105 20:11:22.224548290 NNPACK.cpp:56] Could not initialize NNPACK! Reason: Unsupported hardware.
[W105 20:11:22.229471212 NNPACK.cpp:56] Could not initialize NNPACK! Reason: Unsupported hardware.
[W105 20:11:22.231284852 NNPACK.cpp:56] Could not initialize NNPACK! Reason: Unsupported hardware.
[W105 20:11:22.234802802 NNPACK.cpp:56] Could not initialize NNPACK! Reason: Unsupported hardware.
[W105 20:11:22.238020143 NNPACK.cpp:56] Could not initialize NNPACK! Reason: Unsupported hardware.
[W105 20:11:22.242087904 NNPACK.cpp:56] Could not initialize NNPACK! Reason: Unsupported hardware.
[W105 20:11:22.244292585 NNPACK.cpp:56] Could not initialize NNPACK! Reason: Unsupported hardware.
[W105 20:11:22.247212046 NNPACK.cpp:56] Could not initialize NNPACK! Reason: Unsupported hardware.
[W105 20:11:22.249188086 NNPACK.cpp:56] Could not initialize NNPACK! Reason: Unsupported hardware.
[W105 20:11:22.252031056 NNPACK.cpp:56] Could not initialize NNPACK! Reason: Unsupported hardware.
[W105 20:11:22.260064138 NNPACK.cpp:56] Could not initialize NNPACK! Reason: Unsupported hardware.
[W105 20:11:22.271122911 NNPACK.cpp:56] Could not initialize NNPACK! Reason: Unsupported hardware.
[W105 20:11:22.274978991 NNPACK.cpp:56] Could not initialize NNPACK! Reason: Unsupported hardware.
[W105 20:11:22.279177833 NNPACK.cpp:56] Could not initialize NNPACK! Reason: Unsupported hardware.
[W105 20:11:22.280518343 NNPACK.cpp:56] Could not initialize NNPACK! Reason: Unsupported hardware.
[W105 20:11:22.280905152 NNPACK.cpp:56] Could not initialize NNPACK! Reason: Unsupported hardware.
[W105 20:11:22.282299593 NNPACK.cpp:56] Could not initialize NNPACK! Reason: Unsupported hardware.
[W105 20:11:22.282808363 NNPACK.cpp:56] Could not initialize NNPACK! Reason: Unsupported hardware.
[W105 20:11:22.283831314 NNPACK.cpp:56] Could not initialize NNPACK! Reason: Unsupported hardware.
0: 384x640 1 person, 93.2ms
Speed: 1.6ms preprocess, 93.2ms inference, 0.8ms postprocess per image at shape (1, 3, 384, 640)
INFO:     127.0.0.1:48172 - "POST /identify HTTP/1.1" 200 OK
Falling back to default species list

[W105 20:11:28.786541020 NNPACK.cpp:56] Could not initialize NNPACK! Reason: Unsupported hardware.
[W105 20:11:28.791105052 NNPACK.cpp:56] Could not initialize NNPACK! Reason: Unsupported hardware.
[W105 20:11:28.794675753 NNPACK.cpp:56] Could not initialize NNPACK! Reason: Unsupported hardware.
[W105 20:11:28.800069845 NNPACK.cpp:56] Could not initialize NNPACK! Reason: Unsupported hardware.
[W105 20:11:28.803257575 NNPACK.cpp:56] Could not initialize NNPACK! Reason: Unsupported hardware.
[W105 20:11:28.808255967 NNPACK.cpp:56] Could not initialize NNPACK! Reason: Unsupported hardware.
[W105 20:11:28.811221347 NNPACK.cpp:56] Could not initialize NNPACK! Reason: Unsupported hardware.
[W105 20:11:28.813844209 NNPACK.cpp:56] Could not initialize NNPACK! Reason: Unsupported hardware.
[W105 20:11:28.814558189 NNPACK.cpp:56] Could not initialize NNPACK! Reason: Unsupported hardware.
[W105 20:11:28.819499040 NNPACK.cpp:56] Could not initialize NNPACK! Reason: Unsupported hardware.
[W105 20:11:28.821220810 NNPACK.cpp:56] Could not initialize NNPACK! Reason: Unsupported hardware.
[W105 20:11:28.824666282 NNPACK.cpp:56] Could not initialize NNPACK! Reason: Unsupported hardware.
[W105 20:11:28.827452332 NNPACK.cpp:56] Could not initialize NNPACK! Reason: Unsupported hardware.
[W105 20:11:28.831385033 NNPACK.cpp:56] Could not initialize NNPACK! Reason: Unsupported hardware.
[W105 20:11:28.833602664 NNPACK.cpp:56] Could not initialize NNPACK! Reason: Unsupported hardware.
[W105 20:11:28.836847785 NNPACK.cpp:56] Could not initialize NNPACK! Reason: Unsupported hardware.
[W105 20:11:28.838781066 NNPACK.cpp:56] Could not initialize NNPACK! Reason: Unsupported hardware.
[W105 20:11:28.841571116 NNPACK.cpp:56] Could not initialize NNPACK! Reason: Unsupported hardware.
[W105 20:11:28.849659350 NNPACK.cpp:56] Could not initialize NNPACK! Reason: Unsupported hardware.
[W105 20:11:28.860685612 NNPACK.cpp:56] Could not initialize NNPACK! Reason: Unsupported hardware.
[W105 20:11:28.864435754 NNPACK.cpp:56] Could not initialize NNPACK! Reason: Unsupported hardware.
[W105 20:11:28.868557735 NNPACK.cpp:56] Could not initialize NNPACK! Reason: Unsupported hardware.
[W105 20:11:28.869906895 NNPACK.cpp:56] Could not initialize NNPACK! Reason: Unsupported hardware.
[W105 20:11:28.870308455 NNPACK.cpp:56] Could not initialize NNPACK! Reason: Unsupported hardware.
[W105 20:11:28.871689446 NNPACK.cpp:56] Could not initialize NNPACK! Reason: Unsupported hardware.
[W105 20:11:28.872240046 NNPACK.cpp:56] Could not initialize NNPACK! Reason: Unsupported hardware.
[W105 20:11:28.873272046 NNPACK.cpp:56] Could not initialize NNPACK! Reason: Unsupported hardware.
0: 384x640 1 person, 92.5ms
Speed: 1.6ms preprocess, 92.5ms inference, 0.7ms postprocess per image at shape (1, 3, 384, 640)
INFO:     127.0.0.1:48178 - "POST /identify HTTP/1.1" 200 OK
Falling back to default species list

[W106 14:41:08.626383029 NNPACK.cpp:56] Could not initialize NNPACK! Reason: Unsupported hardware.
[W106 14:41:08.631057728 NNPACK.cpp:56] Could not initialize NNPACK! Reason: Unsupported hardware.
[W106 14:41:08.634756883 NNPACK.cpp:56] Could not initialize NNPACK! Reason: Unsupported hardware.
[W106 14:41:08.640325494 NNPACK.cpp:56] Could not initialize NNPACK! Reason: Unsupported hardware.
[W106 14:41:08.644073429 NNPACK.cpp:56] Could not initialize NNPACK! Reason: Unsupported hardware.
[W106 14:41:08.649112260 NNPACK.cpp:56] Could not initialize NNPACK! Reason: Unsupported hardware.
[W106 14:41:08.652191392 NNPACK.cpp:56] Could not initialize NNPACK! Reason: Unsupported hardware.
[W106 14:41:08.654890383 NNPACK.cpp:56] Could not initialize NNPACK! Reason: Unsupported hardware.
[W106 14:41:08.655636365 NNPACK.cpp:56] Could not initialize NNPACK! Reason: Unsupported hardware.
[W106 14:41:08.661102097 NNPACK.cpp:56] Could not initialize NNPACK! Reason: Unsupported hardware.
[W106 14:41:08.662854965 NNPACK.cpp:56] Could not initialize NNPACK! Reason: Unsupported hardware.
[W106 14:41:08.666357518 NNPACK.cpp:56] Could not initialize NNPACK! Reason: Unsupported hardware.
[W106 14:41:08.669121489 NNPACK.cpp:56] Could not initialize NNPACK! Reason: Unsupported hardware.
[W106 14:41:08.674034098 NNPACK.cpp:56] Could not initialize NNPACK! Reason: Unsupported hardware.
[W106 14:41:08.676614889 NNPACK.cpp:56] Could not initialize NNPACK! Reason: Unsupported hardware.
[W106 14:41:08.679640371 NNPACK.cpp:56] Could not initialize NNPACK! Reason: Unsupported hardware.
[W106 14:41:08.681674749 NNPACK.cpp:56] Could not initialize NNPACK! Reason: Unsupported hardware.
[W106 14:41:08.684634811 NNPACK.cpp:56] Could not initialize NNPACK! Reason: Unsupported hardware.
[W106 14:41:08.692833253 NNPACK.cpp:56] Could not initialize NNPACK! Reason: Unsupported hardware.
[W106 14:41:08.704174628 NNPACK.cpp:56] Could not initialize NNPACK! Reason: Unsupported hardware.
[W106 14:41:08.708076573 NNPACK.cpp:56] Could not initialize NNPACK! Reason: Unsupported hardware.
[W106 14:41:08.712356420 NNPACK.cpp:56] Could not initialize NNPACK! Reason: Unsupported hardware.
[W106 14:41:08.713722706 NNPACK.cpp:56] Could not initialize NNPACK! Reason: Unsupported hardware.
[W106 14:41:08.714132507 NNPACK.cpp:56] Could not initialize NNPACK! Reason: Unsupported hardware.
[W106 14:41:08.715554543 NNPACK.cpp:56] Could not initialize NNPACK! Reason: Unsupported hardware.
[W106 14:41:08.716094685 NNPACK.cpp:56] Could not initialize NNPACK! Reason: Unsupported hardware.
[W106 14:41:08.717157680 NNPACK.cpp:56] Could not initialize NNPACK! Reason: Unsupported hardware.
0: 384x640 (no detections), 96.9ms
Speed: 2.1ms preprocess, 96.9ms inference, 0.5ms postprocess per image at shape (1, 3, 384, 640)
INFO:     127.0.0.1:39798 - "POST /identify HTTP/1.1" 200 OK
Falling back to default species list

[W106 14:41:11.604508922 NNPACK.cpp:56] Could not initialize NNPACK! Reason: Unsupported hardware.
[W106 14:41:11.609144120 NNPACK.cpp:56] Could not initialize NNPACK! Reason: Unsupported hardware.
[W106 14:41:11.612784585 NNPACK.cpp:56] Could not initialize NNPACK! Reason: Unsupported hardware.
[W106 14:41:11.618275836 NNPACK.cpp:56] Could not initialize NNPACK! Reason: Unsupported hardware.
[W106 14:41:11.621581670 NNPACK.cpp:56] Could not initialize NNPACK! Reason: Unsupported hardware.
[W106 14:41:11.626557770 NNPACK.cpp:56] Could not initialize NNPACK! Reason: Unsupported hardware.
[W106 14:41:11.629613151 NNPACK.cpp:56] Could not initialize NNPACK! Reason: Unsupported hardware.
[W106 14:41:11.632304762 NNPACK.cpp:56] Could not initialize NNPACK! Reason: Unsupported hardware.
[W106 14:41:11.633085326 NNPACK.cpp:56] Could not initialize NNPACK! Reason: Unsupported hardware.
[W106 14:41:11.638514097 NNPACK.cpp:56] Could not initialize NNPACK! Reason: Unsupported hardware.
[W106 14:41:11.640300534 NNPACK.cpp:56] Could not initialize NNPACK! Reason: Unsupported hardware.
[W106 14:41:11.643925348 NNPACK.cpp:56] Could not initialize NNPACK! Reason: Unsupported hardware.
[W106 14:41:11.646964491 NNPACK.cpp:56] Could not initialize NNPACK! Reason: Unsupported hardware.
[W106 14:41:11.650941457 NNPACK.cpp:56] Could not initialize NNPACK! Reason: Unsupported hardware.
[W106 14:41:11.653189965 NNPACK.cpp:56] Could not initialize NNPACK! Reason: Unsupported hardware.
[W106 14:41:11.656189347 NNPACK.cpp:56] Could not initialize NNPACK! Reason: Unsupported hardware.
[W106 14:41:11.658139645 NNPACK.cpp:56] Could not initialize NNPACK! Reason: Unsupported hardware.
[W106 14:41:11.661063087 NNPACK.cpp:56] Could not initialize NNPACK! Reason: Unsupported hardware.
[W106 14:41:11.669237559 NNPACK.cpp:56] Could not initialize NNPACK! Reason: Unsupported hardware.
[W106 14:41:11.681218297 NNPACK.cpp:56] Could not initialize NNPACK! Reason: Unsupported hardware.
[W106 14:41:11.685216632 NNPACK.cpp:56] Could not initialize NNPACK! Reason: Unsupported hardware.
[W106 14:41:11.689483049 NNPACK.cpp:56] Could not initialize NNPACK! Reason: Unsupported hardware.
[W106 14:41:11.690851815 NNPACK.cpp:56] Could not initialize NNPACK! Reason: Unsupported hardware.
[W106 14:41:11.691264027 NNPACK.cpp:56] Could not initialize NNPACK! Reason: Unsupported hardware.
[W106 14:41:11.692746593 NNPACK.cpp:56] Could not initialize NNPACK! Reason: Unsupported hardware.
[W106 14:41:11.693277234 NNPACK.cpp:56] Could not initialize NNPACK! Reason: Unsupported hardware.
[W106 14:41:11.694400038 NNPACK.cpp:56] Could not initialize NNPACK! Reason: Unsupported hardware.
0: 384x640 (no detections), 95.8ms
Speed: 1.7ms preprocess, 95.8ms inference, 0.5ms postprocess per image at shape (1, 3, 384, 640)
INFO:     127.0.0.1:39798 - "POST /identify HTTP/1.1" 200 OK
Falling back to default species list

[W106 14:41:37.755360139 NNPACK.cpp:56] Could not initialize NNPACK! Reason: Unsupported hardware.
[W106 14:41:37.760148108 NNPACK.cpp:56] Could not initialize NNPACK! Reason: Unsupported hardware.
[W106 14:41:37.764090464 NNPACK.cpp:56] Could not initialize NNPACK! Reason: Unsupported hardware.
[W106 14:41:37.769956027 NNPACK.cpp:56] Could not initialize NNPACK! Reason: Unsupported hardware.
[W106 14:41:37.773461952 NNPACK.cpp:56] Could not initialize NNPACK! Reason: Unsupported hardware.
[W106 14:41:37.778801463 NNPACK.cpp:56] Could not initialize NNPACK! Reason: Unsupported hardware.
[W106 14:41:37.781921395 NNPACK.cpp:56] Could not initialize NNPACK! Reason: Unsupported hardware.
[W106 14:41:37.784770897 NNPACK.cpp:56] Could not initialize NNPACK! Reason: Unsupported hardware.
[W106 14:41:37.785587890 NNPACK.cpp:56] Could not initialize NNPACK! Reason: Unsupported hardware.
[W106 14:41:37.791123852 NNPACK.cpp:56] Could not initialize NNPACK! Reason: Unsupported hardware.
[W106 14:41:37.792982280 NNPACK.cpp:56] Could not initialize NNPACK! Reason: Unsupported hardware.
[W106 14:41:37.796716225 NNPACK.cpp:56] Could not initialize NNPACK! Reason: Unsupported hardware.
[W106 14:41:37.799819427 NNPACK.cpp:56] Could not initialize NNPACK! Reason: Unsupported hardware.
[W106 14:41:37.804079644 NNPACK.cpp:56] Could not initialize NNPACK! Reason: Unsupported hardware.
[W106 14:41:37.806407893 NNPACK.cpp:56] Could not initialize NNPACK! Reason: Unsupported hardware.
[W106 14:41:37.809568256 NNPACK.cpp:56] Could not initialize NNPACK! Reason: Unsupported hardware.
[W106 14:41:37.811655644 NNPACK.cpp:56] Could not initialize NNPACK! Reason: Unsupported hardware.
[W106 14:41:37.814661246 NNPACK.cpp:56] Could not initialize NNPACK! Reason: Unsupported hardware.
[W106 14:41:37.823098630 NNPACK.cpp:56] Could not initialize NNPACK! Reason: Unsupported hardware.
[W106 14:41:37.834767937 NNPACK.cpp:56] Could not initialize NNPACK! Reason: Unsupported hardware.
[W106 14:41:37.838752313 NNPACK.cpp:56] Could not initialize NNPACK! Reason: Unsupported hardware.
[W106 14:41:37.843157750 NNPACK.cpp:56] Could not initialize NNPACK! Reason: Unsupported hardware.
[W106 14:41:37.844592545 NNPACK.cpp:56] Could not initialize NNPACK! Reason: Unsupported hardware.
[W106 14:41:37.845038838 NNPACK.cpp:56] Could not initialize NNPACK! Reason: Unsupported hardware.
[W106 14:41:37.846526273 NNPACK.cpp:56] Could not initialize NNPACK! Reason: Unsupported hardware.
[W106 14:41:37.847091326 NNPACK.cpp:56] Could not initialize NNPACK! Reason: Unsupported hardware.
[W106 14:41:37.848190890 NNPACK.cpp:56] Could not initialize NNPACK! Reason: Unsupported hardware.
0: 384x640 (no detections), 98.9ms
Speed: 1.7ms preprocess, 98.9ms inference, 0.5ms postprocess per image at shape (1, 3, 384, 640)
INFO:     127.0.0.1:37092 - "POST /identify HTTP/1.1" 200 OK
Falling back to default species list

[W106 14:41:40.793980625 NNPACK.cpp:56] Could not initialize NNPACK! Reason: Unsupported hardware.
[W106 14:41:40.798886475 NNPACK.cpp:56] Could not initialize NNPACK! Reason: Unsupported hardware.
[W106 14:41:40.802883171 NNPACK.cpp:56] Could not initialize NNPACK! Reason: Unsupported hardware.
[W106 14:41:40.808412593 NNPACK.cpp:56] Could not initialize NNPACK! Reason: Unsupported hardware.
[W106 14:41:40.811696296 NNPACK.cpp:56] Could not initialize NNPACK! Reason: Unsupported hardware.
[W106 14:41:40.816719226 NNPACK.cpp:56] Could not initialize NNPACK! Reason: Unsupported hardware.
[W106 14:41:40.819801128 NNPACK.cpp:56] Could not initialize NNPACK! Reason: Unsupported hardware.
[W106 14:41:40.822537459 NNPACK.cpp:56] Could not initialize NNPACK! Reason: Unsupported hardware.
[W106 14:41:40.824689428 NNPACK.cpp:56] Could not initialize NNPACK! Reason: Unsupported hardware.
[W106 14:41:40.832507329 NNPACK.cpp:56] Could not initialize NNPACK! Reason: Unsupported hardware.
[W106 14:41:40.834812249 NNPACK.cpp:56] Could not initialize NNPACK! Reason: Unsupported hardware.
[W106 14:41:40.838527453 NNPACK.cpp:56] Could not initialize NNPACK! Reason: Unsupported hardware.
[W106 14:41:40.841805336 NNPACK.cpp:56] Could not initialize NNPACK! Reason: Unsupported hardware.
[W106 14:41:40.845885893 NNPACK.cpp:56] Could not initialize NNPACK! Reason: Unsupported hardware.
[W106 14:41:40.848081501 NNPACK.cpp:56] Could not initialize NNPACK! Reason: Unsupported hardware.
[W106 14:41:40.851013944 NNPACK.cpp:56] Could not initialize NNPACK! Reason: Unsupported hardware.
[W106 14:41:40.852916611 NNPACK.cpp:56] Could not initialize NNPACK! Reason: Unsupported hardware.
[W106 14:41:40.855758772 NNPACK.cpp:56] Could not initialize NNPACK! Reason: Unsupported hardware.
[W106 14:41:40.863850035 NNPACK.cpp:56] Could not initialize NNPACK! Reason: Unsupported hardware.
[W106 14:41:40.877751510 NNPACK.cpp:56] Could not initialize NNPACK! Reason: Unsupported hardware.
[W106 14:41:40.881599826 NNPACK.cpp:56] Could not initialize NNPACK! Reason: Unsupported hardware.
[W106 14:41:40.885782522 NNPACK.cpp:56] Could not initialize NNPACK! Reason: Unsupported hardware.
[W106 14:41:40.887135078 NNPACK.cpp:56] Could not initialize NNPACK! Reason: Unsupported hardware.
[W106 14:41:40.887518469 NNPACK.cpp:56] Could not initialize NNPACK! Reason: Unsupported hardware.
[W106 14:41:40.888905155 NNPACK.cpp:56] Could not initialize NNPACK! Reason: Unsupported hardware.
[W106 14:41:40.889462447 NNPACK.cpp:56] Could not initialize NNPACK! Reason: Unsupported hardware.
[W106 14:41:40.890557891 NNPACK.cpp:56] Could not initialize NNPACK! Reason: Unsupported hardware.
0: 384x640 (no detections), 102.4ms
Speed: 1.7ms preprocess, 102.4ms inference, 0.4ms postprocess per image at shape (1, 3, 384, 640)
INFO:     127.0.0.1:37092 - "POST /identify HTTP/1.1" 200 OK
Falling back to default species list

[W106 15:49:44.195441033 NNPACK.cpp:56] Could not initialize NNPACK! Reason: Unsupported hardware.
[W106 15:49:44.208820808 NNPACK.cpp:56] Could not initialize NNPACK! Reason: Unsupported hardware.
[W106 15:49:44.213658464 NNPACK.cpp:56] Could not initialize NNPACK! Reason: Unsupported hardware.
[W106 15:49:44.219183617 NNPACK.cpp:56] Could not initialize NNPACK! Reason: Unsupported hardware.
[W106 15:49:44.222435216 NNPACK.cpp:56] Could not initialize NNPACK! Reason: Unsupported hardware.
[W106 15:49:44.227575316 NNPACK.cpp:56] Could not initialize NNPACK! Reason: Unsupported hardware.
[W106 15:49:44.230872773 NNPACK.cpp:56] Could not initialize NNPACK! Reason: Unsupported hardware.
[W106 15:49:44.233611945 NNPACK.cpp:56] Could not initialize NNPACK! Reason: Unsupported hardware.
[W106 15:49:44.234385824 NNPACK.cpp:56] Could not initialize NNPACK! Reason: Unsupported hardware.
[W106 15:49:44.239321182 NNPACK.cpp:56] Could not initialize NNPACK! Reason: Unsupported hardware.
[W106 15:49:44.241169732 NNPACK.cpp:56] Could not initialize NNPACK! Reason: Unsupported hardware.
[W106 15:49:44.244746014 NNPACK.cpp:56] Could not initialize NNPACK! Reason: Unsupported hardware.
[W106 15:49:44.247978922 NNPACK.cpp:56] Could not initialize NNPACK! Reason: Unsupported hardware.
[W106 15:49:44.252137930 NNPACK.cpp:56] Could not initialize NNPACK! Reason: Unsupported hardware.
[W106 15:49:44.254337965 NNPACK.cpp:56] Could not initialize NNPACK! Reason: Unsupported hardware.
[W106 15:49:44.257261679 NNPACK.cpp:56] Could not initialize NNPACK! Reason: Unsupported hardware.
[W106 15:49:44.259301973 NNPACK.cpp:56] Could not initialize NNPACK! Reason: Unsupported hardware.
[W106 15:49:44.262425949 NNPACK.cpp:56] Could not initialize NNPACK! Reason: Unsupported hardware.
[W106 15:49:44.270875987 NNPACK.cpp:56] Could not initialize NNPACK! Reason: Unsupported hardware.
[W106 15:49:44.282237329 NNPACK.cpp:56] Could not initialize NNPACK! Reason: Unsupported hardware.
[W106 15:49:44.286111573 NNPACK.cpp:56] Could not initialize NNPACK! Reason: Unsupported hardware.
[W106 15:49:44.290258741 NNPACK.cpp:56] Could not initialize NNPACK! Reason: Unsupported hardware.
[W106 15:49:44.291606737 NNPACK.cpp:56] Could not initialize NNPACK! Reason: Unsupported hardware.
[W106 15:49:44.292013452 NNPACK.cpp:56] Could not initialize NNPACK! Reason: Unsupported hardware.
[W106 15:49:44.293403688 NNPACK.cpp:56] Could not initialize NNPACK! Reason: Unsupported hardware.
[W106 15:49:44.293914024 NNPACK.cpp:56] Could not initialize NNPACK! Reason: Unsupported hardware.
[W106 15:49:44.294992186 NNPACK.cpp:56] Could not initialize NNPACK! Reason: Unsupported hardware.
0: 384x640 (no detections), 105.5ms
Speed: 1.6ms preprocess, 105.5ms inference, 0.5ms postprocess per image at shape (1, 3, 384, 640)
INFO:     127.0.0.1:37490 - "POST /identify HTTP/1.1" 200 OK
Falling back to default species list

[W106 15:49:50.731228920 NNPACK.cpp:56] Could not initialize NNPACK! Reason: Unsupported hardware.
[W106 15:49:50.735897075 NNPACK.cpp:56] Could not initialize NNPACK! Reason: Unsupported hardware.
[W106 15:49:50.739552166 NNPACK.cpp:56] Could not initialize NNPACK! Reason: Unsupported hardware.
[W106 15:49:50.744982339 NNPACK.cpp:56] Could not initialize NNPACK! Reason: Unsupported hardware.
[W106 15:49:50.748262878 NNPACK.cpp:56] Could not initialize NNPACK! Reason: Unsupported hardware.
[W106 15:49:50.753325976 NNPACK.cpp:56] Could not initialize NNPACK! Reason: Unsupported hardware.
[W106 15:49:50.756433072 NNPACK.cpp:56] Could not initialize NNPACK! Reason: Unsupported hardware.
[W106 15:49:50.759199984 NNPACK.cpp:56] Could not initialize NNPACK! Reason: Unsupported hardware.
[W106 15:49:50.759924983 NNPACK.cpp:56] Could not initialize NNPACK! Reason: Unsupported hardware.
[W106 15:49:50.764849119 NNPACK.cpp:56] Could not initialize NNPACK! Reason: Unsupported hardware.
[W106 15:49:50.766725341 NNPACK.cpp:56] Could not initialize NNPACK! Reason: Unsupported hardware.
[W106 15:49:50.770302183 NNPACK.cpp:56] Could not initialize NNPACK! Reason: Unsupported hardware.
[W106 15:49:50.773398348 NNPACK.cpp:56] Could not initialize NNPACK! Reason: Unsupported hardware.
[W106 15:49:50.777441975 NNPACK.cpp:56] Could not initialize NNPACK! Reason: Unsupported hardware.
[W106 15:49:50.779655890 NNPACK.cpp:56] Could not initialize NNPACK! Reason: Unsupported hardware.
[W106 15:49:50.782638815 NNPACK.cpp:56] Could not initialize NNPACK! Reason: Unsupported hardware.
[W106 15:49:50.784572728 NNPACK.cpp:56] Could not initialize NNPACK! Reason: Unsupported hardware.
[W106 15:49:50.787423230 NNPACK.cpp:56] Could not initialize NNPACK! Reason: Unsupported hardware.
[W106 15:49:50.795572714 NNPACK.cpp:56] Could not initialize NNPACK! Reason: Unsupported hardware.
[W106 15:49:50.806686503 NNPACK.cpp:56] Could not initialize NNPACK! Reason: Unsupported hardware.
[W106 15:49:50.810533678 NNPACK.cpp:56] Could not initialize NNPACK! Reason: Unsupported hardware.
[W106 15:49:50.814767567 NNPACK.cpp:56] Could not initialize NNPACK! Reason: Unsupported hardware.
[W106 15:49:50.816180594 NNPACK.cpp:56] Could not initialize NNPACK! Reason: Unsupported hardware.
[W106 15:49:50.816558528 NNPACK.cpp:56] Could not initialize NNPACK! Reason: Unsupported hardware.
[W106 15:49:50.818035415 NNPACK.cpp:56] Could not initialize NNPACK! Reason: Unsupported hardware.
[W106 15:49:50.818548341 NNPACK.cpp:56] Could not initialize NNPACK! Reason: Unsupported hardware.
[W106 15:49:50.819633573 NNPACK.cpp:56] Could not initialize NNPACK! Reason: Unsupported hardware.
0: 384x640 2 persons, 95.0ms
Speed: 3.6ms preprocess, 95.0ms inference, 0.8ms postprocess per image at shape (1, 3, 384, 640)
INFO:     127.0.0.1:37494 - "POST /identify HTTP/1.1" 200 OK
Falling back to default species list

[W106 15:59:50.863461444 NNPACK.cpp:56] Could not initialize NNPACK! Reason: Unsupported hardware.
[W106 15:59:50.867850126 NNPACK.cpp:56] Could not initialize NNPACK! Reason: Unsupported hardware.
[W106 15:59:50.871506423 NNPACK.cpp:56] Could not initialize NNPACK! Reason: Unsupported hardware.
[W106 15:59:50.876826032 NNPACK.cpp:56] Could not initialize NNPACK! Reason: Unsupported hardware.
[W106 15:59:50.879987575 NNPACK.cpp:56] Could not initialize NNPACK! Reason: Unsupported hardware.
[W106 15:59:50.884823661 NNPACK.cpp:56] Could not initialize NNPACK! Reason: Unsupported hardware.
[W106 15:59:50.887770472 NNPACK.cpp:56] Could not initialize NNPACK! Reason: Unsupported hardware.
[W106 15:59:50.890376701 NNPACK.cpp:56] Could not initialize NNPACK! Reason: Unsupported hardware.
[W106 15:59:50.891088817 NNPACK.cpp:56] Could not initialize NNPACK! Reason: Unsupported hardware.
[W106 15:59:50.895916712 NNPACK.cpp:56] Could not initialize NNPACK! Reason: Unsupported hardware.
[W106 15:59:50.897707885 NNPACK.cpp:56] Could not initialize NNPACK! Reason: Unsupported hardware.
[W106 15:59:50.901178650 NNPACK.cpp:56] Could not initialize NNPACK! Reason: Unsupported hardware.
[W106 15:59:50.904089141 NNPACK.cpp:56] Could not initialize NNPACK! Reason: Unsupported hardware.
[W106 15:59:50.908053060 NNPACK.cpp:56] Could not initialize NNPACK! Reason: Unsupported hardware.
[W106 15:59:50.910227636 NNPACK.cpp:56] Could not initialize NNPACK! Reason: Unsupported hardware.
[W106 15:59:50.913092228 NNPACK.cpp:56] Could not initialize NNPACK! Reason: Unsupported hardware.
[W106 15:59:50.914959171 NNPACK.cpp:56] Could not initialize NNPACK! Reason: Unsupported hardware.
[W106 15:59:50.917730721 NNPACK.cpp:56] Could not initialize NNPACK! Reason: Unsupported hardware.
[W106 15:59:50.925650229 NNPACK.cpp:56] Could not initialize NNPACK! Reason: Unsupported hardware.
[W106 15:59:50.936511559 NNPACK.cpp:56] Could not initialize NNPACK! Reason: Unsupported hardware.
[W106 15:59:50.940212016 NNPACK.cpp:56] Could not initialize NNPACK! Reason: Unsupported hardware.
[W106 15:59:50.944305496 NNPACK.cpp:56] Could not initialize NNPACK! Reason: Unsupported hardware.
[W106 15:59:50.945586825 NNPACK.cpp:56] Could not initialize NNPACK! Reason: Unsupported hardware.
[W106 15:59:50.945960248 NNPACK.cpp:56] Could not initialize NNPACK! Reason: Unsupported hardware.
[W106 15:59:50.947367579 NNPACK.cpp:56] Could not initialize NNPACK! Reason: Unsupported hardware.
[W106 15:59:50.947869792 NNPACK.cpp:56] Could not initialize NNPACK! Reason: Unsupported hardware.
[W106 15:59:50.948877470 NNPACK.cpp:56] Could not initialize NNPACK! Reason: Unsupported hardware.
0: 384x640 1 cat, 1 bed, 91.2ms
Speed: 1.8ms preprocess, 91.2ms inference, 0.7ms postprocess per image at shape (1, 3, 384, 640)
INFO:     127.0.0.1:52246 - "POST /identify HTTP/1.1" 200 OK
Falling back to default species list

[W106 16:00:16.902088712 NNPACK.cpp:56] Could not initialize NNPACK! Reason: Unsupported hardware.
[W106 16:00:16.906685846 NNPACK.cpp:56] Could not initialize NNPACK! Reason: Unsupported hardware.
[W106 16:00:16.910468164 NNPACK.cpp:56] Could not initialize NNPACK! Reason: Unsupported hardware.
[W106 16:00:16.916085636 NNPACK.cpp:56] Could not initialize NNPACK! Reason: Unsupported hardware.
[W106 16:00:16.919409541 NNPACK.cpp:56] Could not initialize NNPACK! Reason: Unsupported hardware.
[W106 16:00:16.924473679 NNPACK.cpp:56] Could not initialize NNPACK! Reason: Unsupported hardware.
[W106 16:00:16.927655943 NNPACK.cpp:56] Could not initialize NNPACK! Reason: Unsupported hardware.
[W106 16:00:16.930473103 NNPACK.cpp:56] Could not initialize NNPACK! Reason: Unsupported hardware.
[W106 16:00:16.931234100 NNPACK.cpp:56] Could not initialize NNPACK! Reason: Unsupported hardware.
[W106 16:00:16.936319137 NNPACK.cpp:56] Could not initialize NNPACK! Reason: Unsupported hardware.
[W106 16:00:16.938173341 NNPACK.cpp:56] Could not initialize NNPACK! Reason: Unsupported hardware.
[W106 16:00:16.941752738 NNPACK.cpp:56] Could not initialize NNPACK! Reason: Unsupported hardware.
[W106 16:00:16.944880160 NNPACK.cpp:56] Could not initialize NNPACK! Reason: Unsupported hardware.
[W106 16:00:16.948981872 NNPACK.cpp:56] Could not initialize NNPACK! Reason: Unsupported hardware.
[W106 16:00:16.951307479 NNPACK.cpp:56] Could not initialize NNPACK! Reason: Unsupported hardware.
[W106 16:00:16.954323331 NNPACK.cpp:56] Could not initialize NNPACK! Reason: Unsupported hardware.
[W106 16:00:16.956312286 NNPACK.cpp:56] Could not initialize NNPACK! Reason: Unsupported hardware.
[W106 16:00:16.959235108 NNPACK.cpp:56] Could not initialize NNPACK! Reason: Unsupported hardware.
[W106 16:00:16.967777951 NNPACK.cpp:56] Could not initialize NNPACK! Reason: Unsupported hardware.
[W106 16:00:16.979136416 NNPACK.cpp:56] Could not initialize NNPACK! Reason: Unsupported hardware.
[W106 16:00:16.983050175 NNPACK.cpp:56] Could not initialize NNPACK! Reason: Unsupported hardware.
[W106 16:00:16.987326567 NNPACK.cpp:56] Could not initialize NNPACK! Reason: Unsupported hardware.
[W106 16:00:16.988678497 NNPACK.cpp:56] Could not initialize NNPACK! Reason: Unsupported hardware.
[W106 16:00:16.989125011 NNPACK.cpp:56] Could not initialize NNPACK! Reason: Unsupported hardware.
[W106 16:00:16.990543181 NNPACK.cpp:56] Could not initialize NNPACK! Reason: Unsupported hardware.
[W106 16:00:16.991091455 NNPACK.cpp:56] Could not initialize NNPACK! Reason: Unsupported hardware.
[W106 16:00:16.992157083 NNPACK.cpp:56] Could not initialize NNPACK! Reason: Unsupported hardware.
0: 384x640 1 cat, 2 beds, 96.1ms
Speed: 1.7ms preprocess, 96.1ms inference, 0.8ms postprocess per image at shape (1, 3, 384, 640)
INFO:     127.0.0.1:46000 - "POST /identify HTTP/1.1" 200 OK
Falling back to default species list

[W106 16:06:01.626594803 NNPACK.cpp:56] Could not initialize NNPACK! Reason: Unsupported hardware.
[W106 16:06:01.631102462 NNPACK.cpp:56] Could not initialize NNPACK! Reason: Unsupported hardware.
[W106 16:06:01.634822754 NNPACK.cpp:56] Could not initialize NNPACK! Reason: Unsupported hardware.
[W106 16:06:01.640278642 NNPACK.cpp:56] Could not initialize NNPACK! Reason: Unsupported hardware.
[W106 16:06:01.643548349 NNPACK.cpp:56] Could not initialize NNPACK! Reason: Unsupported hardware.
[W106 16:06:01.648464032 NNPACK.cpp:56] Could not initialize NNPACK! Reason: Unsupported hardware.
[W106 16:06:01.651496838 NNPACK.cpp:56] Could not initialize NNPACK! Reason: Unsupported hardware.
[W106 16:06:01.654193392 NNPACK.cpp:56] Could not initialize NNPACK! Reason: Unsupported hardware.
[W106 16:06:01.654922908 NNPACK.cpp:56] Could not initialize NNPACK! Reason: Unsupported hardware.
[W106 16:06:01.659876601 NNPACK.cpp:56] Could not initialize NNPACK! Reason: Unsupported hardware.
[W106 16:06:01.661661515 NNPACK.cpp:56] Could not initialize NNPACK! Reason: Unsupported hardware.
[W106 16:06:01.665206436 NNPACK.cpp:56] Could not initialize NNPACK! Reason: Unsupported hardware.
[W106 16:06:01.668050761 NNPACK.cpp:56] Could not initialize NNPACK! Reason: Unsupported hardware.
[W106 16:06:01.672423229 NNPACK.cpp:56] Could not initialize NNPACK! Reason: Unsupported hardware.
[W106 16:06:01.674746779 NNPACK.cpp:56] Could not initialize NNPACK! Reason: Unsupported hardware.
[W106 16:06:01.677716304 NNPACK.cpp:56] Could not initialize NNPACK! Reason: Unsupported hardware.
[W106 16:06:01.679686921 NNPACK.cpp:56] Could not initialize NNPACK! Reason: Unsupported hardware.
[W106 16:06:01.682557676 NNPACK.cpp:56] Could not initialize NNPACK! Reason: Unsupported hardware.
[W106 16:06:01.690686456 NNPACK.cpp:56] Could not initialize NNPACK! Reason: Unsupported hardware.
[W106 16:06:01.701912023 NNPACK.cpp:56] Could not initialize NNPACK! Reason: Unsupported hardware.
[W106 16:06:01.706129910 NNPACK.cpp:56] Could not initialize NNPACK! Reason: Unsupported hardware.
[W106 16:06:01.710419777 NNPACK.cpp:56] Could not initialize NNPACK! Reason: Unsupported hardware.
[W106 16:06:01.711788388 NNPACK.cpp:56] Could not initialize NNPACK! Reason: Unsupported hardware.
[W106 16:06:01.712200452 NNPACK.cpp:56] Could not initialize NNPACK! Reason: Unsupported hardware.
[W106 16:06:01.713663424 NNPACK.cpp:56] Could not initialize NNPACK! Reason: Unsupported hardware.
[W106 16:06:01.714205229 NNPACK.cpp:56] Could not initialize NNPACK! Reason: Unsupported hardware.
[W106 16:06:01.715380659 NNPACK.cpp:56] Could not initialize NNPACK! Reason: Unsupported hardware.
0: 384x640 1 person, 94.6ms
Speed: 1.6ms preprocess, 94.6ms inference, 0.9ms postprocess per image at shape (1, 3, 384, 640)
INFO:     127.0.0.1:35620 - "POST /identify HTTP/1.1" 200 OK
Falling back to default species list

[W106 16:06:07.094502071 NNPACK.cpp:56] Could not initialize NNPACK! Reason: Unsupported hardware.
[W106 16:06:07.099134400 NNPACK.cpp:56] Could not initialize NNPACK! Reason: Unsupported hardware.
[W106 16:06:07.102939623 NNPACK.cpp:56] Could not initialize NNPACK! Reason: Unsupported hardware.
[W106 16:06:07.108592862 NNPACK.cpp:56] Could not initialize NNPACK! Reason: Unsupported hardware.
[W106 16:06:07.111973992 NNPACK.cpp:56] Could not initialize NNPACK! Reason: Unsupported hardware.
[W106 16:06:07.117026905 NNPACK.cpp:56] Could not initialize NNPACK! Reason: Unsupported hardware.
[W106 16:06:07.120106742 NNPACK.cpp:56] Could not initialize NNPACK! Reason: Unsupported hardware.
[W106 16:06:07.122907956 NNPACK.cpp:56] Could not initialize NNPACK! Reason: Unsupported hardware.
[W106 16:06:07.123675122 NNPACK.cpp:56] Could not initialize NNPACK! Reason: Unsupported hardware.
[W106 16:06:07.128689236 NNPACK.cpp:56] Could not initialize NNPACK! Reason: Unsupported hardware.
[W106 16:06:07.130591762 NNPACK.cpp:56] Could not initialize NNPACK! Reason: Unsupported hardware.
[W106 16:06:07.134380085 NNPACK.cpp:56] Could not initialize NNPACK! Reason: Unsupported hardware.
[W106 16:06:07.138728953 NNPACK.cpp:56] Could not initialize NNPACK! Reason: Unsupported hardware.
[W106 16:06:07.144062679 NNPACK.cpp:56] Could not initialize NNPACK! Reason: Unsupported hardware.
[W106 16:06:07.146549210 NNPACK.cpp:56] Could not initialize NNPACK! Reason: Unsupported hardware.
[W106 16:06:07.149560966 NNPACK.cpp:56] Could not initialize NNPACK! Reason: Unsupported hardware.
[W106 16:06:07.151563453 NNPACK.cpp:56] Could not initialize NNPACK! Reason: Unsupported hardware.
[W106 16:06:07.154452349 NNPACK.cpp:56] Could not initialize NNPACK! Reason: Unsupported hardware.
[W106 16:06:07.163679418 NNPACK.cpp:56] Could not initialize NNPACK! Reason: Unsupported hardware.
[W106 16:06:07.174906025 NNPACK.cpp:56] Could not initialize NNPACK! Reason: Unsupported hardware.
[W106 16:06:07.178730118 NNPACK.cpp:56] Could not initialize NNPACK! Reason: Unsupported hardware.
[W106 16:06:07.182965785 NNPACK.cpp:56] Could not initialize NNPACK! Reason: Unsupported hardware.
[W106 16:06:07.184348377 NNPACK.cpp:56] Could not initialize NNPACK! Reason: Unsupported hardware.
[W106 16:06:07.184728110 NNPACK.cpp:56] Could not initialize NNPACK! Reason: Unsupported hardware.
[W106 16:06:07.186143783 NNPACK.cpp:56] Could not initialize NNPACK! Reason: Unsupported hardware.
[W106 16:06:07.186652467 NNPACK.cpp:56] Could not initialize NNPACK! Reason: Unsupported hardware.
[W106 16:06:07.187704435 NNPACK.cpp:56] Could not initialize NNPACK! Reason: Unsupported hardware.
0: 384x640 (no detections), 99.1ms
Speed: 1.7ms preprocess, 99.1ms inference, 0.4ms postprocess per image at shape (1, 3, 384, 640)
INFO:     127.0.0.1:35622 - "POST /identify HTTP/1.1" 200 OK
Falling back to default species list

[W106 16:07:18.965759670 NNPACK.cpp:56] Could not initialize NNPACK! Reason: Unsupported hardware.
[W106 16:07:18.970598763 NNPACK.cpp:56] Could not initialize NNPACK! Reason: Unsupported hardware.
[W106 16:07:18.974537578 NNPACK.cpp:56] Could not initialize NNPACK! Reason: Unsupported hardware.
[W106 16:07:18.980150548 NNPACK.cpp:56] Could not initialize NNPACK! Reason: Unsupported hardware.
[W106 16:07:18.983472456 NNPACK.cpp:56] Could not initialize NNPACK! Reason: Unsupported hardware.
[W106 16:07:18.988628852 NNPACK.cpp:56] Could not initialize NNPACK! Reason: Unsupported hardware.
[W106 16:07:18.991709719 NNPACK.cpp:56] Could not initialize NNPACK! Reason: Unsupported hardware.
[W106 16:07:18.994484454 NNPACK.cpp:56] Could not initialize NNPACK! Reason: Unsupported hardware.
[W106 16:07:18.995240990 NNPACK.cpp:56] Could not initialize NNPACK! Reason: Unsupported hardware.
[W106 16:07:18.000391106 NNPACK.cpp:56] Could not initialize NNPACK! Reason: Unsupported hardware.
[W106 16:07:18.002265502 NNPACK.cpp:56] Could not initialize NNPACK! Reason: Unsupported hardware.
[W106 16:07:18.005833613 NNPACK.cpp:56] Could not initialize NNPACK! Reason: Unsupported hardware.
[W106 16:07:18.008758149 NNPACK.cpp:56] Could not initialize NNPACK! Reason: Unsupported hardware.
[W106 16:07:18.012884225 NNPACK.cpp:56] Could not initialize NNPACK! Reason: Unsupported hardware.
[W106 16:07:18.015214866 NNPACK.cpp:56] Could not initialize NNPACK! Reason: Unsupported hardware.
[W106 16:07:18.018289803 NNPACK.cpp:56] Could not initialize NNPACK! Reason: Unsupported hardware.
[W106 16:07:18.020315591 NNPACK.cpp:56] Could not initialize NNPACK! Reason: Unsupported hardware.
[W106 16:07:18.023251236 NNPACK.cpp:56] Could not initialize NNPACK! Reason: Unsupported hardware.
[W106 16:07:18.031624460 NNPACK.cpp:56] Could not initialize NNPACK! Reason: Unsupported hardware.
[W106 16:07:18.042917329 NNPACK.cpp:56] Could not initialize NNPACK! Reason: Unsupported hardware.
[W106 16:07:18.046914315 NNPACK.cpp:56] Could not initialize NNPACK! Reason: Unsupported hardware.
[W106 16:07:18.051210242 NNPACK.cpp:56] Could not initialize NNPACK! Reason: Unsupported hardware.
[W106 16:07:18.052587355 NNPACK.cpp:56] Could not initialize NNPACK! Reason: Unsupported hardware.
[W106 16:07:18.052983028 NNPACK.cpp:56] Could not initialize NNPACK! Reason: Unsupported hardware.
[W106 16:07:18.054502382 NNPACK.cpp:56] Could not initialize NNPACK! Reason: Unsupported hardware.
[W106 16:07:18.055057376 NNPACK.cpp:56] Could not initialize NNPACK! Reason: Unsupported hardware.
[W106 16:07:18.056161046 NNPACK.cpp:56] Could not initialize NNPACK! Reason: Unsupported hardware.
0: 384x640 (no detections), 96.4ms
Speed: 1.7ms preprocess, 96.4ms inference, 0.5ms postprocess per image at shape (1, 3, 384, 640)
INFO:     127.0.0.1:35658 - "POST /identify HTTP/1.1" 200 OK
Falling back to default species list

[W106 16:07:26.698268106 NNPACK.cpp:56] Could not initialize NNPACK! Reason: Unsupported hardware.
[W106 16:07:26.702952557 NNPACK.cpp:56] Could not initialize NNPACK! Reason: Unsupported hardware.
[W106 16:07:26.706791381 NNPACK.cpp:56] Could not initialize NNPACK! Reason: Unsupported hardware.
[W106 16:07:26.712679093 NNPACK.cpp:56] Could not initialize NNPACK! Reason: Unsupported hardware.
[W106 16:07:26.716117664 NNPACK.cpp:56] Could not initialize NNPACK! Reason: Unsupported hardware.
[W106 16:07:26.721699153 NNPACK.cpp:56] Could not initialize NNPACK! Reason: Unsupported hardware.
[W106 16:07:26.725850350 NNPACK.cpp:56] Could not initialize NNPACK! Reason: Unsupported hardware.
[W106 16:07:26.729628203 NNPACK.cpp:56] Could not initialize NNPACK! Reason: Unsupported hardware.
[W106 16:07:26.730464250 NNPACK.cpp:56] Could not initialize NNPACK! Reason: Unsupported hardware.
[W106 16:07:26.735637996 NNPACK.cpp:56] Could not initialize NNPACK! Reason: Unsupported hardware.
[W106 16:07:26.737659184 NNPACK.cpp:56] Could not initialize NNPACK! Reason: Unsupported hardware.
[W106 16:07:26.741376206 NNPACK.cpp:56] Could not initialize NNPACK! Reason: Unsupported hardware.
[W106 16:07:26.744666245 NNPACK.cpp:56] Could not initialize NNPACK! Reason: Unsupported hardware.
[W106 16:07:26.748907892 NNPACK.cpp:56] Could not initialize NNPACK! Reason: Unsupported hardware.
[W106 16:07:26.751576326 NNPACK.cpp:56] Could not initialize NNPACK! Reason: Unsupported hardware.
[W106 16:07:26.754745694 NNPACK.cpp:56] Could not initialize NNPACK! Reason: Unsupported hardware.
[W106 16:07:26.756764072 NNPACK.cpp:56] Could not initialize NNPACK! Reason: Unsupported hardware.
[W106 16:07:26.762425752 NNPACK.cpp:56] Could not initialize NNPACK! Reason: Unsupported hardware.
[W106 16:07:26.771273379 NNPACK.cpp:56] Could not initialize NNPACK! Reason: Unsupported hardware.
[W106 16:07:26.782470368 NNPACK.cpp:56] Could not initialize NNPACK! Reason: Unsupported hardware.
[W106 16:07:26.788119718 NNPACK.cpp:56] Could not initialize NNPACK! Reason: Unsupported hardware.
[W106 16:07:26.793061921 NNPACK.cpp:56] Could not initialize NNPACK! Reason: Unsupported hardware.
[W106 16:07:26.794594805 NNPACK.cpp:56] Could not initialize NNPACK! Reason: Unsupported hardware.
[W106 16:07:26.795017609 NNPACK.cpp:56] Could not initialize NNPACK! Reason: Unsupported hardware.
[W106 16:07:26.796537482 NNPACK.cpp:56] Could not initialize NNPACK! Reason: Unsupported hardware.
[W106 16:07:26.797126157 NNPACK.cpp:56] Could not initialize NNPACK! Reason: Unsupported hardware.
[W106 16:07:26.798585470 NNPACK.cpp:56] Could not initialize NNPACK! Reason: Unsupported hardware.
0: 384x640 (no detections), 106.4ms
Speed: 1.7ms preprocess, 106.4ms inference, 0.4ms postprocess per image at shape (1, 3, 384, 640)
INFO:     127.0.0.1:60740 - "POST /identify HTTP/1.1" 200 OK
Falling back to default species list

[W106 16:07:48.701973749 NNPACK.cpp:56] Could not initialize NNPACK! Reason: Unsupported hardware.
[W106 16:07:48.706660840 NNPACK.cpp:56] Could not initialize NNPACK! Reason: Unsupported hardware.
[W106 16:07:48.710435763 NNPACK.cpp:56] Could not initialize NNPACK! Reason: Unsupported hardware.
[W106 16:07:48.716652938 NNPACK.cpp:56] Could not initialize NNPACK! Reason: Unsupported hardware.
[W106 16:07:48.719957808 NNPACK.cpp:56] Could not initialize NNPACK! Reason: Unsupported hardware.
[W106 16:07:48.724913833 NNPACK.cpp:56] Could not initialize NNPACK! Reason: Unsupported hardware.
[W106 16:07:48.727937829 NNPACK.cpp:56] Could not initialize NNPACK! Reason: Unsupported hardware.
[W106 16:07:48.730684633 NNPACK.cpp:56] Could not initialize NNPACK! Reason: Unsupported hardware.
[W106 16:07:48.731436860 NNPACK.cpp:56] Could not initialize NNPACK! Reason: Unsupported hardware.
[W106 16:07:48.736448244 NNPACK.cpp:56] Could not initialize NNPACK! Reason: Unsupported hardware.
[W106 16:07:48.738280030 NNPACK.cpp:56] Could not initialize NNPACK! Reason: Unsupported hardware.
[W106 16:07:48.741833952 NNPACK.cpp:56] Could not initialize NNPACK! Reason: Unsupported hardware.
[W106 16:07:48.744974270 NNPACK.cpp:56] Could not initialize NNPACK! Reason: Unsupported hardware.
[W106 16:07:48.748957955 NNPACK.cpp:56] Could not initialize NNPACK! Reason: Unsupported hardware.
[W106 16:07:48.751206715 NNPACK.cpp:56] Could not initialize NNPACK! Reason: Unsupported hardware.
[W106 16:07:48.754201451 NNPACK.cpp:56] Could not initialize NNPACK! Reason: Unsupported hardware.
[W106 16:07:48.756156749 NNPACK.cpp:56] Could not initialize NNPACK! Reason: Unsupported hardware.
[W106 16:07:48.759063885 NNPACK.cpp:56] Could not initialize NNPACK! Reason: Unsupported hardware.
[W106 16:07:48.767472959 NNPACK.cpp:56] Could not initialize NNPACK! Reason: Unsupported hardware.
[W106 16:07:48.778645557 NNPACK.cpp:56] Could not initialize NNPACK! Reason: Unsupported hardware.
[W106 16:07:48.782484582 NNPACK.cpp:56] Could not initialize NNPACK! Reason: Unsupported hardware.
[W106 16:07:48.786734229 NNPACK.cpp:56] Could not initialize NNPACK! Reason: Unsupported hardware.
[W106 16:07:48.788101302 NNPACK.cpp:56] Could not initialize NNPACK! Reason: Unsupported hardware.
[W106 16:07:48.788540295 NNPACK.cpp:56] Could not initialize NNPACK! Reason: Unsupported hardware.
[W106 16:07:48.789978388 NNPACK.cpp:56] Could not initialize NNPACK! Reason: Unsupported hardware.
[W106 16:07:48.790531803 NNPACK.cpp:56] Could not initialize NNPACK! Reason: Unsupported hardware.
[W106 16:07:48.791624263 NNPACK.cpp:56] Could not initialize NNPACK! Reason: Unsupported hardware.
0: 384x640 1 cat, 1 couch, 95.6ms
Speed: 1.7ms preprocess, 95.6ms inference, 0.7ms postprocess per image at shape (1, 3, 384, 640)
INFO:     127.0.0.1:39266 - "POST /identify HTTP/1.1" 200 OK
Falling back to default species list

[W106 16:08:14.023804984 NNPACK.cpp:56] Could not initialize NNPACK! Reason: Unsupported hardware.
[W106 16:08:14.028510316 NNPACK.cpp:56] Could not initialize NNPACK! Reason: Unsupported hardware.
[W106 16:08:14.032228369 NNPACK.cpp:56] Could not initialize NNPACK! Reason: Unsupported hardware.
[W106 16:08:14.037734878 NNPACK.cpp:56] Could not initialize NNPACK! Reason: Unsupported hardware.
[W106 16:08:14.041084468 NNPACK.cpp:56] Could not initialize NNPACK! Reason: Unsupported hardware.
[W106 16:08:14.046103023 NNPACK.cpp:56] Could not initialize NNPACK! Reason: Unsupported hardware.
[W106 16:08:14.049173699 NNPACK.cpp:56] Could not initialize NNPACK! Reason: Unsupported hardware.
[W106 16:08:14.051924595 NNPACK.cpp:56] Could not initialize NNPACK! Reason: Unsupported hardware.
[W106 16:08:14.052685851 NNPACK.cpp:56] Could not initialize NNPACK! Reason: Unsupported hardware.
[W106 16:08:14.057674936 NNPACK.cpp:56] Could not initialize NNPACK! Reason: Unsupported hardware.
[W106 16:08:14.059509812 NNPACK.cpp:56] Could not initialize NNPACK! Reason: Unsupported hardware.
[W106 16:08:14.063079863 NNPACK.cpp:56] Could not initialize NNPACK! Reason: Unsupported hardware.
[W106 16:08:14.066107061 NNPACK.cpp:56] Could not initialize NNPACK! Reason: Unsupported hardware.
[W106 16:08:14.070137247 NNPACK.cpp:56] Could not initialize NNPACK! Reason: Unsupported hardware.
[W106 16:08:14.072370557 NNPACK.cpp:56] Could not initialize NNPACK! Reason: Unsupported hardware.
[W106 16:08:14.075345104 NNPACK.cpp:56] Could not initialize NNPACK! Reason: Unsupported hardware.
[W106 16:08:14.077324711 NNPACK.cpp:56] Could not initialize NNPACK! Reason: Unsupported hardware.
[W106 16:08:14.080225027 NNPACK.cpp:56] Could not initialize NNPACK! Reason: Unsupported hardware.
[W106 16:08:14.088410979 NNPACK.cpp:56] Could not initialize NNPACK! Reason: Unsupported hardware.
[W106 16:08:15.099542549 NNPACK.cpp:56] Could not initialize NNPACK! Reason: Unsupported hardware.
[W106 16:08:15.103362223 NNPACK.cpp:56] Could not initialize NNPACK! Reason: Unsupported hardware.
[W106 16:08:15.107568130 NNPACK.cpp:56] Could not initialize NNPACK! Reason: Unsupported hardware.
[W106 16:08:15.108857621 NNPACK.cpp:56] Could not initialize NNPACK! Reason: Unsupported hardware.
[W106 16:08:15.109258906 NNPACK.cpp:56] Could not initialize NNPACK! Reason: Unsupported hardware.
[W106 16:08:15.110640227 NNPACK.cpp:56] Could not initialize NNPACK! Reason: Unsupported hardware.
[W106 16:08:15.111201312 NNPACK.cpp:56] Could not initialize NNPACK! Reason: Unsupported hardware.
[W106 16:08:15.112294122 NNPACK.cpp:56] Could not initialize NNPACK! Reason: Unsupported hardware.
0: 384x640 1 couch, 94.5ms
Speed: 1.7ms preprocess, 94.5ms inference, 0.7ms postprocess per image at shape (1, 3, 384, 640)
INFO:     127.0.0.1:53782 - "POST /identify HTTP/1.1" 200 OK
Falling back to default species list

[W106 16:19:20.344630343 NNPACK.cpp:56] Could not initialize NNPACK! Reason: Unsupported hardware.
[W106 16:19:20.349156657 NNPACK.cpp:56] Could not initialize NNPACK! Reason: Unsupported hardware.
[W106 16:19:20.352932982 NNPACK.cpp:56] Could not initialize NNPACK! Reason: Unsupported hardware.
[W106 16:19:20.358678168 NNPACK.cpp:56] Could not initialize NNPACK! Reason: Unsupported hardware.
[W106 16:19:20.362060170 NNPACK.cpp:56] Could not initialize NNPACK! Reason: Unsupported hardware.
[W106 16:19:20.367166440 NNPACK.cpp:56] Could not initialize NNPACK! Reason: Unsupported hardware.
[W106 16:19:20.370300699 NNPACK.cpp:56] Could not initialize NNPACK! Reason: Unsupported hardware.
[W106 16:19:20.373113827 NNPACK.cpp:56] Could not initialize NNPACK! Reason: Unsupported hardware.
[W106 16:19:20.373866594 NNPACK.cpp:56] Could not initialize NNPACK! Reason: Unsupported hardware.
[W106 16:19:20.378884371 NNPACK.cpp:56] Could not initialize NNPACK! Reason: Unsupported hardware.
[W106 16:19:20.380859350 NNPACK.cpp:56] Could not initialize NNPACK! Reason: Unsupported hardware.
[W106 16:19:20.384535256 NNPACK.cpp:56] Could not initialize NNPACK! Reason: Unsupported hardware.
[W106 16:19:20.387725427 NNPACK.cpp:56] Could not initialize NNPACK! Reason: Unsupported hardware.
[W106 16:19:20.391880027 NNPACK.cpp:56] Could not initialize NNPACK! Reason: Unsupported hardware.
[W106 16:19:20.394192069 NNPACK.cpp:56] Could not initialize NNPACK! Reason: Unsupported hardware.
[W106 16:19:20.397186508 NNPACK.cpp:56] Could not initialize NNPACK! Reason: Unsupported hardware.
[W106 16:19:20.399233867 NNPACK.cpp:56] Could not initialize NNPACK! Reason: Unsupported hardware.
[W106 16:19:20.402161795 NNPACK.cpp:56] Could not initialize NNPACK! Reason: Unsupported hardware.
[W106 16:19:20.410391964 NNPACK.cpp:56] Could not initialize NNPACK! Reason: Unsupported hardware.
[W106 16:19:20.421452700 NNPACK.cpp:56] Could not initialize NNPACK! Reason: Unsupported hardware.
[W106 16:19:20.425439909 NNPACK.cpp:56] Could not initialize NNPACK! Reason: Unsupported hardware.
[W106 16:19:20.429784920 NNPACK.cpp:56] Could not initialize NNPACK! Reason: Unsupported hardware.
[W106 16:19:20.431196014 NNPACK.cpp:56] Could not initialize NNPACK! Reason: Unsupported hardware.
[W106 16:19:20.431613828 NNPACK.cpp:56] Could not initialize NNPACK! Reason: Unsupported hardware.
[W106 16:19:20.433062551 NNPACK.cpp:56] Could not initialize NNPACK! Reason: Unsupported hardware.
[W106 16:19:20.433596337 NNPACK.cpp:56] Could not initialize NNPACK! Reason: Unsupported hardware.
[W106 16:19:20.434799688 NNPACK.cpp:56] Could not initialize NNPACK! Reason: Unsupported hardware.
0: 384x640 1 cat, 1 laptop, 96.0ms
Speed: 1.6ms preprocess, 96.0ms inference, 0.8ms postprocess per image at shape (1, 3, 384, 640)
INFO:     127.0.0.1:46410 - "POST /identify HTTP/1.1" 200 OK
Falling back to default species list

[W106 16:19:47.196255172 NNPACK.cpp:56] Could not initialize NNPACK! Reason: Unsupported hardware.
[W106 16:19:47.200721325 NNPACK.cpp:56] Could not initialize NNPACK! Reason: Unsupported hardware.
[W106 16:19:47.204311060 NNPACK.cpp:56] Could not initialize NNPACK! Reason: Unsupported hardware.
[W106 16:19:47.209678321 NNPACK.cpp:56] Could not initialize NNPACK! Reason: Unsupported hardware.
[W106 16:19:47.212864592 NNPACK.cpp:56] Could not initialize NNPACK! Reason: Unsupported hardware.
[W106 16:19:47.217694308 NNPACK.cpp:56] Could not initialize NNPACK! Reason: Unsupported hardware.
[W106 16:19:47.220641816 NNPACK.cpp:56] Could not initialize NNPACK! Reason: Unsupported hardware.
[W106 16:19:47.223330342 NNPACK.cpp:56] Could not initialize NNPACK! Reason: Unsupported hardware.
[W106 16:19:47.224062640 NNPACK.cpp:56] Could not initialize NNPACK! Reason: Unsupported hardware.
[W106 16:19:47.228909616 NNPACK.cpp:56] Could not initialize NNPACK! Reason: Unsupported hardware.
[W106 16:19:47.230695313 NNPACK.cpp:56] Could not initialize NNPACK! Reason: Unsupported hardware.
[W106 16:19:47.234139916 NNPACK.cpp:56] Could not initialize NNPACK! Reason: Unsupported hardware.
[W106 16:19:47.237180585 NNPACK.cpp:56] Could not initialize NNPACK! Reason: Unsupported hardware.
[W106 16:19:47.241149893 NNPACK.cpp:56] Could not initialize NNPACK! Reason: Unsupported hardware.
[W106 16:19:47.243292444 NNPACK.cpp:56] Could not initialize NNPACK! Reason: Unsupported hardware.
[W106 16:19:47.246180282 NNPACK.cpp:56] Could not initialize NNPACK! Reason: Unsupported hardware.
[W106 16:19:47.248113481 NNPACK.cpp:56] Could not initialize NNPACK! Reason: Unsupported hardware.
[W106 16:19:47.250876237 NNPACK.cpp:56] Could not initialize NNPACK! Reason: Unsupported hardware.
[W106 16:19:47.258851223 NNPACK.cpp:56] Could not initialize NNPACK! Reason: Unsupported hardware.
[W106 16:19:47.269738517 NNPACK.cpp:56] Could not initialize NNPACK! Reason: Unsupported hardware.
[W106 16:19:47.273548094 NNPACK.cpp:56] Could not initialize NNPACK! Reason: Unsupported hardware.
[W106 16:19:47.277734024 NNPACK.cpp:56] Could not initialize NNPACK! Reason: Unsupported hardware.
[W106 16:19:47.279044187 NNPACK.cpp:56] Could not initialize NNPACK! Reason: Unsupported hardware.
[W106 16:19:47.279421101 NNPACK.cpp:56] Could not initialize NNPACK! Reason: Unsupported hardware.
[W106 16:19:47.280792704 NNPACK.cpp:56] Could not initialize NNPACK! Reason: Unsupported hardware.
[W106 16:19:47.281323539 NNPACK.cpp:56] Could not initialize NNPACK! Reason: Unsupported hardware.
[W106 16:19:47.282317479 NNPACK.cpp:56] Could not initialize NNPACK! Reason: Unsupported hardware.
0: 384x640 1 laptop, 91.8ms
Speed: 1.7ms preprocess, 91.8ms inference, 0.7ms postprocess per image at shape (1, 3, 384, 640)
INFO:     127.0.0.1:60134 - "POST /identify HTTP/1.1" 200 OK
Falling back to default species list

[W106 16:21:19.107239378 NNPACK.cpp:56] Could not initialize NNPACK! Reason: Unsupported hardware.
[W106 16:21:19.111886192 NNPACK.cpp:56] Could not initialize NNPACK! Reason: Unsupported hardware.
[W106 16:21:19.115733769 NNPACK.cpp:56] Could not initialize NNPACK! Reason: Unsupported hardware.
[W106 16:21:19.121346524 NNPACK.cpp:56] Could not initialize NNPACK! Reason: Unsupported hardware.
[W106 16:21:19.124687026 NNPACK.cpp:56] Could not initialize NNPACK! Reason: Unsupported hardware.
[W106 16:21:19.129756125 NNPACK.cpp:56] Could not initialize NNPACK! Reason: Unsupported hardware.
[W106 16:21:19.132824545 NNPACK.cpp:56] Could not initialize NNPACK! Reason: Unsupported hardware.
[W106 16:21:19.135555841 NNPACK.cpp:56] Could not initialize NNPACK! Reason: Unsupported hardware.
[W106 16:21:19.136321759 NNPACK.cpp:56] Could not initialize NNPACK! Reason: Unsupported hardware.
[W106 16:21:19.141391827 NNPACK.cpp:56] Could not initialize NNPACK! Reason: Unsupported hardware.
[W106 16:21:19.143308696 NNPACK.cpp:56] Could not initialize NNPACK! Reason: Unsupported hardware.
[W106 16:21:19.146923531 NNPACK.cpp:56] Could not initialize NNPACK! Reason: Unsupported hardware.
[W106 16:21:19.150256973 NNPACK.cpp:56] Could not initialize NNPACK! Reason: Unsupported hardware.
[W106 16:21:19.154446834 NNPACK.cpp:56] Could not initialize NNPACK! Reason: Unsupported hardware.
[W106 16:21:19.156739756 NNPACK.cpp:56] Could not initialize NNPACK! Reason: Unsupported hardware.
[W106 16:21:19.159780124 NNPACK.cpp:56] Could not initialize NNPACK! Reason: Unsupported hardware.
[W106 16:21:19.161779024 NNPACK.cpp:56] Could not initialize NNPACK! Reason: Unsupported hardware.
[W106 16:21:19.164882014 NNPACK.cpp:56] Could not initialize NNPACK! Reason: Unsupported hardware.
[W106 16:21:19.173357026 NNPACK.cpp:56] Could not initialize NNPACK! Reason: Unsupported hardware.
[W106 16:21:19.184691675 NNPACK.cpp:56] Could not initialize NNPACK! Reason: Unsupported hardware.
[W106 16:21:19.188749774 NNPACK.cpp:56] Could not initialize NNPACK! Reason: Unsupported hardware.
[W106 16:21:19.192912664 NNPACK.cpp:56] Could not initialize NNPACK! Reason: Unsupported hardware.
[W106 16:21:19.194269057 NNPACK.cpp:56] Could not initialize NNPACK! Reason: Unsupported hardware.
[W106 16:21:19.194656661 NNPACK.cpp:56] Could not initialize NNPACK! Reason: Unsupported hardware.
[W106 16:21:19.196054684 NNPACK.cpp:56] Could not initialize NNPACK! Reason: Unsupported hardware.
[W106 16:21:19.196646421 NNPACK.cpp:56] Could not initialize NNPACK! Reason: Unsupported hardware.
[W106 16:21:19.197775811 NNPACK.cpp:56] Could not initialize NNPACK! Reason: Unsupported hardware.
0: 384x640 1 bird, 1 zebra, 1 bed, 1 cell phone, 96.5ms
Speed: 1.6ms preprocess, 96.5ms inference, 0.8ms postprocess per image at shape (1, 3, 384, 640)
INFO:     127.0.0.1:39570 - "POST /identify HTTP/1.1" 200 OK
Falling back to default species list

[W106 16:21:44.383074229 NNPACK.cpp:56] Could not initialize NNPACK! Reason: Unsupported hardware.
[W106 16:21:44.387794574 NNPACK.cpp:56] Could not initialize NNPACK! Reason: Unsupported hardware.
[W106 16:21:44.391620981 NNPACK.cpp:56] Could not initialize NNPACK! Reason: Unsupported hardware.
[W106 16:21:44.397375187 NNPACK.cpp:56] Could not initialize NNPACK! Reason: Unsupported hardware.
[W106 16:21:44.400764590 NNPACK.cpp:56] Could not initialize NNPACK! Reason: Unsupported hardware.
[W106 16:21:44.405873789 NNPACK.cpp:56] Could not initialize NNPACK! Reason: Unsupported hardware.
[W106 16:21:44.408991299 NNPACK.cpp:56] Could not initialize NNPACK! Reason: Unsupported hardware.
[W106 16:21:44.411795026 NNPACK.cpp:56] Could not initialize NNPACK! Reason: Unsupported hardware.
[W106 16:21:44.412519774 NNPACK.cpp:56] Could not initialize NNPACK! Reason: Unsupported hardware.
[W106 16:21:44.417538952 NNPACK.cpp:56] Could not initialize NNPACK! Reason: Unsupported hardware.
[W106 16:21:44.419455800 NNPACK.cpp:56] Could not initialize NNPACK! Reason: Unsupported hardware.
[W106 16:21:44.423141856 NNPACK.cpp:56] Could not initialize NNPACK! Reason: Unsupported hardware.
[W106 16:21:44.426168485 NNPACK.cpp:56] Could not initialize NNPACK! Reason: Unsupported hardware.
[W106 16:21:44.430330896 NNPACK.cpp:56] Could not initialize NNPACK! Reason: Unsupported hardware.
[W106 16:21:44.432609427 NNPACK.cpp:56] Could not initialize NNPACK! Reason: Unsupported hardware.
[W106 16:21:44.435646426 NNPACK.cpp:56] Could not initialize NNPACK! Reason: Unsupported hardware.
[W106 16:21:44.437679496 NNPACK.cpp:56] Could not initialize NNPACK! Reason: Unsupported hardware.
[W106 16:21:44.440608575 NNPACK.cpp:56] Could not initialize NNPACK! Reason: Unsupported hardware.
[W106 16:21:44.448951095 NNPACK.cpp:56] Could not initialize NNPACK! Reason: Unsupported hardware.
[W106 16:21:44.460205254 NNPACK.cpp:56] Could not initialize NNPACK! Reason: Unsupported hardware.
[W106 16:21:44.464106972 NNPACK.cpp:56] Could not initialize NNPACK! Reason: Unsupported hardware.
[W106 16:21:44.468405133 NNPACK.cpp:56] Could not initialize NNPACK! Reason: Unsupported hardware.
[W106 16:21:44.469826066 NNPACK.cpp:56] Could not initialize NNPACK! Reason: Unsupported hardware.
[W106 16:21:44.470227311 NNPACK.cpp:56] Could not initialize NNPACK! Reason: Unsupported hardware.
[W106 16:21:44.471697554 NNPACK.cpp:56] Could not initialize NNPACK! Reason: Unsupported hardware.
[W106 16:21:44.472280391 NNPACK.cpp:56] Could not initialize NNPACK! Reason: Unsupported hardware.
[W106 16:21:44.473408361 NNPACK.cpp:56] Could not initialize NNPACK! Reason: Unsupported hardware.
0: 384x640 1 zebra, 2 beds, 96.4ms
Speed: 1.8ms preprocess, 96.4ms inference, 0.8ms postprocess per image at shape (1, 3, 384, 640)
INFO:     127.0.0.1:39630 - "POST /identify HTTP/1.1" 200 OK
Falling back to default species list

[W106 16:31:04.793363871 NNPACK.cpp:56] Could not initialize NNPACK! Reason: Unsupported hardware.
[W106 16:31:04.797984801 NNPACK.cpp:56] Could not initialize NNPACK! Reason: Unsupported hardware.
[W106 16:31:04.801719439 NNPACK.cpp:56] Could not initialize NNPACK! Reason: Unsupported hardware.
[W106 16:31:04.807228353 NNPACK.cpp:56] Could not initialize NNPACK! Reason: Unsupported hardware.
[W106 16:31:04.810588834 NNPACK.cpp:56] Could not initialize NNPACK! Reason: Unsupported hardware.
[W106 16:31:04.815570961 NNPACK.cpp:56] Could not initialize NNPACK! Reason: Unsupported hardware.
[W106 16:31:04.818611736 NNPACK.cpp:56] Could not initialize NNPACK! Reason: Unsupported hardware.
[W106 16:31:04.821332112 NNPACK.cpp:56] Could not initialize NNPACK! Reason: Unsupported hardware.
[W106 16:31:04.822059726 NNPACK.cpp:56] Could not initialize NNPACK! Reason: Unsupported hardware.
[W106 16:31:04.827303882 NNPACK.cpp:56] Could not initialize NNPACK! Reason: Unsupported hardware.
[W106 16:31:04.829174016 NNPACK.cpp:56] Could not initialize NNPACK! Reason: Unsupported hardware.
[W106 16:31:04.832756535 NNPACK.cpp:56] Could not initialize NNPACK! Reason: Unsupported hardware.
[W106 16:31:04.835823759 NNPACK.cpp:56] Could not initialize NNPACK! Reason: Unsupported hardware.
[W106 16:31:04.839951534 NNPACK.cpp:56] Could not initialize NNPACK! Reason: Unsupported hardware.
[W106 16:31:04.842240875 NNPACK.cpp:56] Could not initialize NNPACK! Reason: Unsupported hardware.
[W106 16:31:04.845248449 NNPACK.cpp:56] Could not initialize NNPACK! Reason: Unsupported hardware.
[W106 16:31:04.847175383 NNPACK.cpp:56] Could not initialize NNPACK! Reason: Unsupported hardware.
[W106 16:31:04.849975758 NNPACK.cpp:56] Could not initialize NNPACK! Reason: Unsupported hardware.
[W106 16:31:04.858145660 NNPACK.cpp:56] Could not initialize NNPACK! Reason: Unsupported hardware.
[W106 16:31:04.869201075 NNPACK.cpp:56] Could not initialize NNPACK! Reason: Unsupported hardware.
[W106 16:31:04.873016573 NNPACK.cpp:56] Could not initialize NNPACK! Reason: Unsupported hardware.
[W106 16:31:04.877416645 NNPACK.cpp:56] Could not initialize NNPACK! Reason: Unsupported hardware.
[W106 16:31:04.878747664 NNPACK.cpp:56] Could not initialize NNPACK! Reason: Unsupported hardware.
[W106 16:31:04.879150340 NNPACK.cpp:56] Could not initialize NNPACK! Reason: Unsupported hardware.
[W106 16:31:04.880552469 NNPACK.cpp:56] Could not initialize NNPACK! Reason: Unsupported hardware.
[W106 16:31:04.881089734 NNPACK.cpp:56] Could not initialize NNPACK! Reason: Unsupported hardware.
[W106 16:31:04.882189635 NNPACK.cpp:56] Could not initialize NNPACK! Reason: Unsupported hardware.
0: 384x640 2 cats, 94.6ms
Speed: 1.7ms preprocess, 94.6ms inference, 0.7ms postprocess per image at shape (1, 3, 384, 640)
INFO:     127.0.0.1:45500 - "POST /identify HTTP/1.1" 200 OK
Falling back to default species list

[W106 16:31:30.495095426 NNPACK.cpp:56] Could not initialize NNPACK! Reason: Unsupported hardware.
[W106 16:31:30.499699060 NNPACK.cpp:56] Could not initialize NNPACK! Reason: Unsupported hardware.
[W106 16:31:30.503445130 NNPACK.cpp:56] Could not initialize NNPACK! Reason: Unsupported hardware.
[W106 16:31:30.509047986 NNPACK.cpp:56] Could not initialize NNPACK! Reason: Unsupported hardware.
[W106 16:31:30.512336841 NNPACK.cpp:56] Could not initialize NNPACK! Reason: Unsupported hardware.
[W106 16:31:30.517409841 NNPACK.cpp:56] Could not initialize NNPACK! Reason: Unsupported hardware.
[W106 16:31:30.520540587 NNPACK.cpp:56] Could not initialize NNPACK! Reason: Unsupported hardware.
[W106 16:31:30.523334324 NNPACK.cpp:56] Could not initialize NNPACK! Reason: Unsupported hardware.
[W106 16:31:30.524096319 NNPACK.cpp:56] Could not initialize NNPACK! Reason: Unsupported hardware.
[W106 16:31:30.529307038 NNPACK.cpp:56] Could not initialize NNPACK! Reason: Unsupported hardware.
[W106 16:31:30.531144223 NNPACK.cpp:56] Could not initialize NNPACK! Reason: Unsupported hardware.
[W106 16:31:30.534691696 NNPACK.cpp:56] Could not initialize NNPACK! Reason: Unsupported hardware.
[W106 16:31:30.537811202 NNPACK.cpp:56] Could not initialize NNPACK! Reason: Unsupported hardware.
[W106 16:31:30.541835040 NNPACK.cpp:56] Could not initialize NNPACK! Reason: Unsupported hardware.
[W106 16:31:30.544033353 NNPACK.cpp:56] Could not initialize NNPACK! Reason: Unsupported hardware.
[W106 16:31:30.546947560 NNPACK.cpp:56] Could not initialize NNPACK! Reason: Unsupported hardware.
[W106 16:31:30.548876115 NNPACK.cpp:56] Could not initialize NNPACK! Reason: Unsupported hardware.
[W106 16:31:30.551767143 NNPACK.cpp:56] Could not initialize NNPACK! Reason: Unsupported hardware.
[W106 16:31:30.559897789 NNPACK.cpp:56] Could not initialize NNPACK! Reason: Unsupported hardware.
[W106 16:31:30.571360949 NNPACK.cpp:56] Could not initialize NNPACK! Reason: Unsupported hardware.
[W106 16:31:30.575242048 NNPACK.cpp:56] Could not initialize NNPACK! Reason: Unsupported hardware.
[W106 16:31:30.579423476 NNPACK.cpp:56] Could not initialize NNPACK! Reason: Unsupported hardware.
[W106 16:31:30.580803815 NNPACK.cpp:56] Could not initialize NNPACK! Reason: Unsupported hardware.
[W106 16:31:30.581207002 NNPACK.cpp:56] Could not initialize NNPACK! Reason: Unsupported hardware.
[W106 16:31:30.582624011 NNPACK.cpp:56] Could not initialize NNPACK! Reason: Unsupported hardware.
[W106 16:31:30.583170736 NNPACK.cpp:56] Could not initialize NNPACK! Reason: Unsupported hardware.
[W106 16:31:30.584211769 NNPACK.cpp:56] Could not initialize NNPACK! Reason: Unsupported hardware.
0: 384x640 1 cat, 94.9ms
Speed: 1.6ms preprocess, 94.9ms inference, 0.7ms postprocess per image at shape (1, 3, 384, 640)
INFO:     127.0.0.1:45026 - "POST /identify HTTP/1.1" 200 OK
Falling back to default species list

[W106 16:43:40.372280889 NNPACK.cpp:56] Could not initialize NNPACK! Reason: Unsupported hardware.
[W106 16:43:40.376879180 NNPACK.cpp:56] Could not initialize NNPACK! Reason: Unsupported hardware.
[W106 16:43:40.380622267 NNPACK.cpp:56] Could not initialize NNPACK! Reason: Unsupported hardware.
[W106 16:43:40.386193539 NNPACK.cpp:56] Could not initialize NNPACK! Reason: Unsupported hardware.
[W106 16:43:40.389517167 NNPACK.cpp:56] Could not initialize NNPACK! Reason: Unsupported hardware.
[W106 16:43:40.394594057 NNPACK.cpp:56] Could not initialize NNPACK! Reason: Unsupported hardware.
[W106 16:43:40.397652725 NNPACK.cpp:56] Could not initialize NNPACK! Reason: Unsupported hardware.
[W106 16:43:40.400412570 NNPACK.cpp:56] Could not initialize NNPACK! Reason: Unsupported hardware.
[W106 16:43:40.401164462 NNPACK.cpp:56] Could not initialize NNPACK! Reason: Unsupported hardware.
[W106 16:43:40.406513233 NNPACK.cpp:56] Could not initialize NNPACK! Reason: Unsupported hardware.
[W106 16:43:40.408326177 NNPACK.cpp:56] Could not initialize NNPACK! Reason: Unsupported hardware.
[W106 16:43:40.411897906 NNPACK.cpp:56] Could not initialize NNPACK! Reason: Unsupported hardware.
[W106 16:43:40.415050343 NNPACK.cpp:56] Could not initialize NNPACK! Reason: Unsupported hardware.
[W106 16:43:40.419104502 NNPACK.cpp:56] Could not initialize NNPACK! Reason: Unsupported hardware.
[W106 16:43:40.421325436 NNPACK.cpp:56] Could not initialize NNPACK! Reason: Unsupported hardware.
[W106 16:43:40.424330222 NNPACK.cpp:56] Could not initialize NNPACK! Reason: Unsupported hardware.
[W106 16:43:40.426319037 NNPACK.cpp:56] Could not initialize NNPACK! Reason: Unsupported hardware.
[W106 16:43:40.429194524 NNPACK.cpp:56] Could not initialize NNPACK! Reason: Unsupported hardware.
[W106 16:43:40.437439631 NNPACK.cpp:56] Could not initialize NNPACK! Reason: Unsupported hardware.
[W106 16:43:40.450615810 NNPACK.cpp:56] Could not initialize NNPACK! Reason: Unsupported hardware.
[W106 16:43:40.454558188 NNPACK.cpp:56] Could not initialize NNPACK! Reason: Unsupported hardware.
[W106 16:43:40.458775338 NNPACK.cpp:56] Could not initialize NNPACK! Reason: Unsupported hardware.
[W106 16:43:40.460162741 NNPACK.cpp:56] Could not initialize NNPACK! Reason: Unsupported hardware.
[W106 16:43:40.460541361 NNPACK.cpp:56] Could not initialize NNPACK! Reason: Unsupported hardware.
[W106 16:43:40.461966255 NNPACK.cpp:56] Could not initialize NNPACK! Reason: Unsupported hardware.
[W106 16:43:40.462488106 NNPACK.cpp:56] Could not initialize NNPACK! Reason: Unsupported hardware.
[W106 16:43:40.463594418 NNPACK.cpp:56] Could not initialize NNPACK! Reason: Unsupported hardware.
0: 384x640 (no detections), 97.2ms
Speed: 1.7ms preprocess, 97.2ms inference, 0.5ms postprocess per image at shape (1, 3, 384, 640)
INFO:     127.0.0.1:51548 - "POST /identify HTTP/1.1" 200 OK
Falling back to default species list

[W106 16:43:43.675614127 NNPACK.cpp:56] Could not initialize NNPACK! Reason: Unsupported hardware.
[W106 16:43:43.680263757 NNPACK.cpp:56] Could not initialize NNPACK! Reason: Unsupported hardware.
[W106 16:43:43.683977375 NNPACK.cpp:56] Could not initialize NNPACK! Reason: Unsupported hardware.
[W106 16:43:43.689525588 NNPACK.cpp:56] Could not initialize NNPACK! Reason: Unsupported hardware.
[W106 16:43:43.692830934 NNPACK.cpp:56] Could not initialize NNPACK! Reason: Unsupported hardware.
[W106 16:43:43.697841646 NNPACK.cpp:56] Could not initialize NNPACK! Reason: Unsupported hardware.
[W106 16:43:43.700897262 NNPACK.cpp:56] Could not initialize NNPACK! Reason: Unsupported hardware.
[W106 16:43:43.703596309 NNPACK.cpp:56] Could not initialize NNPACK! Reason: Unsupported hardware.
[W106 16:43:43.704334660 NNPACK.cpp:56] Could not initialize NNPACK! Reason: Unsupported hardware.
[W106 16:43:43.709682702 NNPACK.cpp:56] Could not initialize NNPACK! Reason: Unsupported hardware.
[W106 16:43:43.711526736 NNPACK.cpp:56] Could not initialize NNPACK! Reason: Unsupported hardware.
[W106 16:43:43.715077834 NNPACK.cpp:56] Could not initialize NNPACK! Reason: Unsupported hardware.
[W106 16:43:43.717908650 NNPACK.cpp:56] Could not initialize NNPACK! Reason: Unsupported hardware.
[W106 16:43:43.721894869 NNPACK.cpp:56] Could not initialize NNPACK! Reason: Unsupported hardware.
[W106 16:43:43.724142524 NNPACK.cpp:56] Could not initialize NNPACK! Reason: Unsupported hardware.
[W106 16:43:43.727091181 NNPACK.cpp:56] Could not initialize NNPACK! Reason: Unsupported hardware.
[W106 16:43:43.729047765 NNPACK.cpp:56] Could not initialize NNPACK! Reason: Unsupported hardware.
[W106 16:43:43.731893751 NNPACK.cpp:56] Could not initialize NNPACK! Reason: Unsupported hardware.
[W106 16:43:43.740068779 NNPACK.cpp:56] Could not initialize NNPACK! Reason: Unsupported hardware.
[W106 16:43:43.751206664 NNPACK.cpp:56] Could not initialize NNPACK! Reason: Unsupported hardware.
[W106 16:43:43.755019002 NNPACK.cpp:56] Could not initialize NNPACK! Reason: Unsupported hardware.
[W106 16:43:43.759197581 NNPACK.cpp:56] Could not initialize NNPACK! Reason: Unsupported hardware.
[W106 16:43:43.760508584 NNPACK.cpp:56] Could not initialize NNPACK! Reason: Unsupported hardware.
[W106 16:43:43.760895854 NNPACK.cpp:56] Could not initialize NNPACK! Reason: Unsupported hardware.
[W106 16:43:43.762316208 NNPACK.cpp:56] Could not initialize NNPACK! Reason: Unsupported hardware.
[W106 16:43:43.762814838 NNPACK.cpp:56] Could not initialize NNPACK! Reason: Unsupported hardware.
[W106 16:43:43.763864301 NNPACK.cpp:56] Could not initialize NNPACK! Reason: Unsupported hardware.
0: 384x640 (no detections), 94.1ms
Speed: 1.6ms preprocess, 94.1ms inference, 0.5ms postprocess per image at shape (1, 3, 384, 640)
INFO:     127.0.0.1:51548 - "POST /identify HTTP/1.1" 200 OK
Falling back to default species list

[W109 19:41:08.680875835 NNPACK.cpp:56] Could not initialize NNPACK! Reason: Unsupported hardware.
[W109 19:41:08.686877751 NNPACK.cpp:56] Could not initialize NNPACK! Reason: Unsupported hardware.
[W109 19:41:08.691360177 NNPACK.cpp:56] Could not initialize NNPACK! Reason: Unsupported hardware.
[W109 19:41:08.697994235 NNPACK.cpp:56] Could not initialize NNPACK! Reason: Unsupported hardware.
[W109 19:41:08.702694856 NNPACK.cpp:56] Could not initialize NNPACK! Reason: Unsupported hardware.
[W109 19:41:08.708882866 NNPACK.cpp:56] Could not initialize NNPACK! Reason: Unsupported hardware.
[W109 19:41:08.712873893 NNPACK.cpp:56] Could not initialize NNPACK! Reason: Unsupported hardware.
[W109 19:41:08.716746398 NNPACK.cpp:56] Could not initialize NNPACK! Reason: Unsupported hardware.
[W109 19:41:08.717758937 NNPACK.cpp:56] Could not initialize NNPACK! Reason: Unsupported hardware.
[W109 19:41:08.723836034 NNPACK.cpp:56] Could not initialize NNPACK! Reason: Unsupported hardware.
[W109 19:41:08.726808892 NNPACK.cpp:56] Could not initialize NNPACK! Reason: Unsupported hardware.
[W109 19:41:08.731120965 NNPACK.cpp:56] Could not initialize NNPACK! Reason: Unsupported hardware.
[W109 19:41:08.732729507 NNPACK.cpp:56] Could not initialize NNPACK! Reason: Unsupported hardware.
[W109 19:41:08.738265853 NNPACK.cpp:56] Could not initialize NNPACK! Reason: Unsupported hardware.
[W109 19:41:08.741192610 NNPACK.cpp:56] Could not initialize NNPACK! Reason: Unsupported hardware.
[W109 19:41:08.745619375 NNPACK.cpp:56] Could not initialize NNPACK! Reason: Unsupported hardware.
[W109 19:41:08.748437469 NNPACK.cpp:56] Could not initialize NNPACK! Reason: Unsupported hardware.
[W109 19:41:08.752946137 NNPACK.cpp:56] Could not initialize NNPACK! Reason: Unsupported hardware.
[W109 19:41:08.762692505 NNPACK.cpp:56] Could not initialize NNPACK! Reason: Unsupported hardware.
[W109 19:41:08.776107284 NNPACK.cpp:56] Could not initialize NNPACK! Reason: Unsupported hardware.
[W109 19:41:08.780652092 NNPACK.cpp:56] Could not initialize NNPACK! Reason: Unsupported hardware.
[W109 19:41:08.785861602 NNPACK.cpp:56] Could not initialize NNPACK! Reason: Unsupported hardware.
[W109 19:41:08.787765949 NNPACK.cpp:56] Could not initialize NNPACK! Reason: Unsupported hardware.
[W109 19:41:08.788285279 NNPACK.cpp:56] Could not initialize NNPACK! Reason: Unsupported hardware.
[W109 19:41:08.790977932 NNPACK.cpp:56] Could not initialize NNPACK! Reason: Unsupported hardware.
[W109 19:41:08.793085432 NNPACK.cpp:56] Could not initialize NNPACK! Reason: Unsupported hardware.
0: 448x640 1 person, 1 dog, 122.5ms
Speed: 4.2ms preprocess, 122.5ms inference, 11.9ms postprocess per image at shape (1, 3, 448, 640)
INFO:     127.0.0.1:51296 - "POST /identify HTTP/1.1" 200 OK
Falling back to default species list

[W109 19:47:49.655685658 NNPACK.cpp:56] Could not initialize NNPACK! Reason: Unsupported hardware.
[W109 19:47:49.661391907 NNPACK.cpp:56] Could not initialize NNPACK! Reason: Unsupported hardware.
[W109 19:47:49.665971814 NNPACK.cpp:56] Could not initialize NNPACK! Reason: Unsupported hardware.
[W109 19:47:49.672888436 NNPACK.cpp:56] Could not initialize NNPACK! Reason: Unsupported hardware.
[W109 19:47:49.676857821 NNPACK.cpp:56] Could not initialize NNPACK! Reason: Unsupported hardware.
[W109 19:47:49.682829065 NNPACK.cpp:56] Could not initialize NNPACK! Reason: Unsupported hardware.
[W109 19:47:49.686476725 NNPACK.cpp:56] Could not initialize NNPACK! Reason: Unsupported hardware.
[W109 19:47:49.689691177 NNPACK.cpp:56] Could not initialize NNPACK! Reason: Unsupported hardware.
[W109 19:47:49.690584363 NNPACK.cpp:56] Could not initialize NNPACK! Reason: Unsupported hardware.
[W109 19:47:49.696702220 NNPACK.cpp:56] Could not initialize NNPACK! Reason: Unsupported hardware.
[W109 19:47:49.698943093 NNPACK.cpp:56] Could not initialize NNPACK! Reason: Unsupported hardware.
[W109 19:47:49.703216535 NNPACK.cpp:56] Could not initialize NNPACK! Reason: Unsupported hardware.
[W109 19:47:49.705401407 NNPACK.cpp:56] Could not initialize NNPACK! Reason: Unsupported hardware.
[W109 19:47:49.711459322 NNPACK.cpp:56] Could not initialize NNPACK! Reason: Unsupported hardware.
[W109 19:47:49.714819665 NNPACK.cpp:56] Could not initialize NNPACK! Reason: Unsupported hardware.
[W109 19:47:49.719282811 NNPACK.cpp:56] Could not initialize NNPACK! Reason: Unsupported hardware.
[W109 19:47:49.722298768 NNPACK.cpp:56] Could not initialize NNPACK! Reason: Unsupported hardware.
[W109 19:47:49.726694892 NNPACK.cpp:56] Could not initialize NNPACK! Reason: Unsupported hardware.
[W109 19:47:49.738535868 NNPACK.cpp:56] Could not initialize NNPACK! Reason: Unsupported hardware.
[W109 19:47:49.754337769 NNPACK.cpp:56] Could not initialize NNPACK! Reason: Unsupported hardware.
[W109 19:47:49.759834234 NNPACK.cpp:56] Could not initialize NNPACK! Reason: Unsupported hardware.
[W109 19:47:49.764686376 NNPACK.cpp:56] Could not initialize NNPACK! Reason: Unsupported hardware.
[W109 19:47:49.766212976 NNPACK.cpp:56] Could not initialize NNPACK! Reason: Unsupported hardware.
[W109 19:47:49.766658614 NNPACK.cpp:56] Could not initialize NNPACK! Reason: Unsupported hardware.
[W109 19:47:49.768807075 NNPACK.cpp:56] Could not initialize NNPACK! Reason: Unsupported hardware.
[W109 19:47:49.770134171 NNPACK.cpp:56] Could not initialize NNPACK! Reason: Unsupported hardware.
0: 448x640 6 persons, 2 teddy bears, 126.3ms
Speed: 1.8ms preprocess, 126.3ms inference, 0.8ms postprocess per image at shape (1, 3, 448, 640)
INFO:     127.0.0.1:49232 - "POST /identify HTTP/1.1" 200 OK
Falling back to default species list

[W109 19:48:36.149826010 NNPACK.cpp:56] Could not initialize NNPACK! Reason: Unsupported hardware.
[W109 19:48:36.154982098 NNPACK.cpp:56] Could not initialize NNPACK! Reason: Unsupported hardware.
[W109 19:48:36.159386972 NNPACK.cpp:56] Could not initialize NNPACK! Reason: Unsupported hardware.
[W109 19:48:36.165614341 NNPACK.cpp:56] Could not initialize NNPACK! Reason: Unsupported hardware.
[W109 19:48:36.169365862 NNPACK.cpp:56] Could not initialize NNPACK! Reason: Unsupported hardware.
[W109 19:48:36.174916748 NNPACK.cpp:56] Could not initialize NNPACK! Reason: Unsupported hardware.
[W109 19:48:36.178356574 NNPACK.cpp:56] Could not initialize NNPACK! Reason: Unsupported hardware.
[W109 19:48:36.181397332 NNPACK.cpp:56] Could not initialize NNPACK! Reason: Unsupported hardware.
[W109 19:48:36.182242558 NNPACK.cpp:56] Could not initialize NNPACK! Reason: Unsupported hardware.
[W109 19:48:36.188049938 NNPACK.cpp:56] Could not initialize NNPACK! Reason: Unsupported hardware.
[W109 19:48:36.190121447 NNPACK.cpp:56] Could not initialize NNPACK! Reason: Unsupported hardware.
[W109 19:48:36.194104803 NNPACK.cpp:56] Could not initialize NNPACK! Reason: Unsupported hardware.
[W109 19:48:36.195657133 NNPACK.cpp:56] Could not initialize NNPACK! Reason: Unsupported hardware.
[W109 19:48:36.200412954 NNPACK.cpp:56] Could not initialize NNPACK! Reason: Unsupported hardware.
[W109 19:48:36.203022384 NNPACK.cpp:56] Could not initialize NNPACK! Reason: Unsupported hardware.
[W109 19:48:36.206395738 NNPACK.cpp:56] Could not initialize NNPACK! Reason: Unsupported hardware.
[W109 19:48:36.208615280 NNPACK.cpp:56] Could not initialize NNPACK! Reason: Unsupported hardware.
[W109 19:48:36.211828671 NNPACK.cpp:56] Could not initialize NNPACK! Reason: Unsupported hardware.
[W109 19:48:36.221175479 NNPACK.cpp:56] Could not initialize NNPACK! Reason: Unsupported hardware.
[W109 19:48:36.234037744 NNPACK.cpp:56] Could not initialize NNPACK! Reason: Unsupported hardware.
[W109 19:48:36.238431079 NNPACK.cpp:56] Could not initialize NNPACK! Reason: Unsupported hardware.
[W109 19:48:36.243221199 NNPACK.cpp:56] Could not initialize NNPACK! Reason: Unsupported hardware.
[W109 19:48:36.244719198 NNPACK.cpp:56] Could not initialize NNPACK! Reason: Unsupported hardware.
[W109 19:48:36.245180387 NNPACK.cpp:56] Could not initialize NNPACK! Reason: Unsupported hardware.
[W109 19:48:36.247361558 NNPACK.cpp:56] Could not initialize NNPACK! Reason: Unsupported hardware.
[W109 19:48:36.248640933 NNPACK.cpp:56] Could not initialize NNPACK! Reason: Unsupported hardware.
0: 448x640 6 persons, 2 teddy bears, 105.7ms
Speed: 1.7ms preprocess, 105.7ms inference, 0.8ms postprocess per image at shape (1, 3, 448, 640)
INFO:     127.0.0.1:53612 - "POST /identify HTTP/1.1" 200 OK
Falling back to default species list

[W109 19:49:27.858368297 NNPACK.cpp:56] Could not initialize NNPACK! Reason: Unsupported hardware.
[W109 19:49:27.863552066 NNPACK.cpp:56] Could not initialize NNPACK! Reason: Unsupported hardware.
[W109 19:49:27.867979840 NNPACK.cpp:56] Could not initialize NNPACK! Reason: Unsupported hardware.
[W109 19:49:27.874301990 NNPACK.cpp:56] Could not initialize NNPACK! Reason: Unsupported hardware.
[W109 19:49:27.878151253 NNPACK.cpp:56] Could not initialize NNPACK! Reason: Unsupported hardware.
[W109 19:49:27.883721589 NNPACK.cpp:56] Could not initialize NNPACK! Reason: Unsupported hardware.
[W109 19:49:27.887173805 NNPACK.cpp:56] Could not initialize NNPACK! Reason: Unsupported hardware.
[W109 19:49:27.890218713 NNPACK.cpp:56] Could not initialize NNPACK! Reason: Unsupported hardware.
[W109 19:49:27.891078690 NNPACK.cpp:56] Could not initialize NNPACK! Reason: Unsupported hardware.
[W109 19:49:27.896982132 NNPACK.cpp:56] Could not initialize NNPACK! Reason: Unsupported hardware.
[W109 19:49:27.899119783 NNPACK.cpp:56] Could not initialize NNPACK! Reason: Unsupported hardware.
[W109 19:49:27.903158450 NNPACK.cpp:56] Could not initialize NNPACK! Reason: Unsupported hardware.
[W109 19:49:27.904761429 NNPACK.cpp:56] Could not initialize NNPACK! Reason: Unsupported hardware.
[W109 19:49:27.909500150 NNPACK.cpp:56] Could not initialize NNPACK! Reason: Unsupported hardware.
[W109 19:49:27.912075979 NNPACK.cpp:56] Could not initialize NNPACK! Reason: Unsupported hardware.
[W109 19:49:27.915433423 NNPACK.cpp:56] Could not initialize NNPACK! Reason: Unsupported hardware.
[W109 19:49:27.917667325 NNPACK.cpp:56] Could not initialize NNPACK! Reason: Unsupported hardware.
[W109 19:49:27.920915838 NNPACK.cpp:56] Could not initialize NNPACK! Reason: Unsupported hardware.
[W109 19:49:27.930380947 NNPACK.cpp:56] Could not initialize NNPACK! Reason: Unsupported hardware.
[W109 19:49:27.943221252 NNPACK.cpp:56] Could not initialize NNPACK! Reason: Unsupported hardware.
[W109 19:49:27.947623486 NNPACK.cpp:56] Could not initialize NNPACK! Reason: Unsupported hardware.
[W109 19:49:27.952421487 NNPACK.cpp:56] Could not initialize NNPACK! Reason: Unsupported hardware.
[W109 19:49:27.953920325 NNPACK.cpp:56] Could not initialize NNPACK! Reason: Unsupported hardware.
[W109 19:49:27.954371144 NNPACK.cpp:56] Could not initialize NNPACK! Reason: Unsupported hardware.
[W109 19:49:27.956532145 NNPACK.cpp:56] Could not initialize NNPACK! Reason: Unsupported hardware.
[W109 19:49:27.957771199 NNPACK.cpp:56] Could not initialize NNPACK! Reason: Unsupported hardware.
0: 448x640 6 persons, 2 teddy bears, 106.4ms
Speed: 1.7ms preprocess, 106.4ms inference, 0.8ms postprocess per image at shape (1, 3, 448, 640)
INFO:     127.0.0.1:59672 - "POST /identify HTTP/1.1" 200 OK
Falling back to default species list

[W109 19:50:17.349217861 NNPACK.cpp:56] Could not initialize NNPACK! Reason: Unsupported hardware.
[W109 19:50:17.354347809 NNPACK.cpp:56] Could not initialize NNPACK! Reason: Unsupported hardware.
[W109 19:50:17.358699532 NNPACK.cpp:56] Could not initialize NNPACK! Reason: Unsupported hardware.
[W109 19:50:17.365734625 NNPACK.cpp:56] Could not initialize NNPACK! Reason: Unsupported hardware.
[W109 19:50:17.369617199 NNPACK.cpp:56] Could not initialize NNPACK! Reason: Unsupported hardware.
[W109 19:50:17.375343888 NNPACK.cpp:56] Could not initialize NNPACK! Reason: Unsupported hardware.
[W109 19:50:17.379572318 NNPACK.cpp:56] Could not initialize NNPACK! Reason: Unsupported hardware.
[W109 19:50:17.382636737 NNPACK.cpp:56] Could not initialize NNPACK! Reason: Unsupported hardware.
[W109 19:50:17.383485313 NNPACK.cpp:56] Could not initialize NNPACK! Reason: Unsupported hardware.
[W109 19:50:17.389251012 NNPACK.cpp:56] Could not initialize NNPACK! Reason: Unsupported hardware.
[W109 19:50:17.391349412 NNPACK.cpp:56] Could not initialize NNPACK! Reason: Unsupported hardware.
[W109 19:50:17.395397629 NNPACK.cpp:56] Could not initialize NNPACK! Reason: Unsupported hardware.
[W109 19:50:17.396980220 NNPACK.cpp:56] Could not initialize NNPACK! Reason: Unsupported hardware.
[W109 19:50:17.401571547 NNPACK.cpp:56] Could not initialize NNPACK! Reason: Unsupported hardware.
[W109 19:50:17.404116706 NNPACK.cpp:56] Could not initialize NNPACK! Reason: Unsupported hardware.
[W109 19:50:17.407439708 NNPACK.cpp:56] Could not initialize NNPACK! Reason: Unsupported hardware.
[W109 19:50:17.409612779 NNPACK.cpp:56] Could not initialize NNPACK! Reason: Unsupported hardware.
[W109 19:50:17.412809321 NNPACK.cpp:56] Could not initialize NNPACK! Reason: Unsupported hardware.
[W109 19:50:17.422627238 NNPACK.cpp:56] Could not initialize NNPACK! Reason: Unsupported hardware.
[W109 19:50:17.436392119 NNPACK.cpp:56] Could not initialize NNPACK! Reason: Unsupported hardware.
[W109 19:50:17.440746392 NNPACK.cpp:56] Could not initialize NNPACK! Reason: Unsupported hardware.
[W109 19:50:17.445651865 NNPACK.cpp:56] Could not initialize NNPACK! Reason: Unsupported hardware.
[W109 19:50:17.447232325 NNPACK.cpp:56] Could not initialize NNPACK! Reason: Unsupported hardware.
[W109 19:50:17.447667313 NNPACK.cpp:56] Could not initialize NNPACK! Reason: Unsupported hardware.
[W109 19:50:17.449828794 NNPACK.cpp:56] Could not initialize NNPACK! Reason: Unsupported hardware.
[W109 19:50:17.451176580 NNPACK.cpp:56] Could not initialize NNPACK! Reason: Unsupported hardware.
0: 448x640 6 persons, 2 teddy bears, 108.7ms
Speed: 1.7ms preprocess, 108.7ms inference, 0.7ms postprocess per image at shape (1, 3, 448, 640)
INFO:     127.0.0.1:48736 - "POST /identify HTTP/1.1" 200 OK
Falling back to default species list

[W110 19:30:57.306170365 NNPACK.cpp:56] Could not initialize NNPACK! Reason: Unsupported hardware.
[W110 19:30:57.312647426 NNPACK.cpp:56] Could not initialize NNPACK! Reason: Unsupported hardware.
[W110 19:30:57.318247768 NNPACK.cpp:56] Could not initialize NNPACK! Reason: Unsupported hardware.
[W110 19:30:57.324174451 NNPACK.cpp:56] Could not initialize NNPACK! Reason: Unsupported hardware.
[W110 19:30:57.328031069 NNPACK.cpp:56] Could not initialize NNPACK! Reason: Unsupported hardware.
[W110 19:30:57.334023701 NNPACK.cpp:56] Could not initialize NNPACK! Reason: Unsupported hardware.
[W110 19:30:57.337750130 NNPACK.cpp:56] Could not initialize NNPACK! Reason: Unsupported hardware.
[W110 19:30:57.341833488 NNPACK.cpp:56] Could not initialize NNPACK! Reason: Unsupported hardware.
[W110 19:30:57.342815985 NNPACK.cpp:56] Could not initialize NNPACK! Reason: Unsupported hardware.
[W110 19:30:57.348613648 NNPACK.cpp:56] Could not initialize NNPACK! Reason: Unsupported hardware.
[W110 19:30:57.351310019 NNPACK.cpp:56] Could not initialize NNPACK! Reason: Unsupported hardware.
[W110 19:30:57.355318327 NNPACK.cpp:56] Could not initialize NNPACK! Reason: Unsupported hardware.
[W110 19:30:57.358265778 NNPACK.cpp:56] Could not initialize NNPACK! Reason: Unsupported hardware.
[W110 19:30:57.362635616 NNPACK.cpp:56] Could not initialize NNPACK! Reason: Unsupported hardware.
[W110 19:30:57.365405297 NNPACK.cpp:56] Could not initialize NNPACK! Reason: Unsupported hardware.
[W110 19:30:57.369269635 NNPACK.cpp:56] Could not initialize NNPACK! Reason: Unsupported hardware.
[W110 19:30:57.372121266 NNPACK.cpp:56] Could not initialize NNPACK! Reason: Unsupported hardware.
[W110 19:30:57.376543454 NNPACK.cpp:56] Could not initialize NNPACK! Reason: Unsupported hardware.
[W110 19:30:57.385882805 NNPACK.cpp:56] Could not initialize NNPACK! Reason: Unsupported hardware.
[W110 19:30:57.397678550 NNPACK.cpp:56] Could not initialize NNPACK! Reason: Unsupported hardware.
[W110 19:30:57.402024876 NNPACK.cpp:56] Could not initialize NNPACK! Reason: Unsupported hardware.
[W110 19:30:57.406863633 NNPACK.cpp:56] Could not initialize NNPACK! Reason: Unsupported hardware.
[W110 19:30:57.408743567 NNPACK.cpp:56] Could not initialize NNPACK! Reason: Unsupported hardware.
[W110 19:30:57.409315425 NNPACK.cpp:56] Could not initialize NNPACK! Reason: Unsupported hardware.
[W110 19:30:57.411330729 NNPACK.cpp:56] Could not initialize NNPACK! Reason: Unsupported hardware.
[W110 19:30:57.412043966 NNPACK.cpp:56] Could not initialize NNPACK! Reason: Unsupported hardware.
[W110 19:30:57.415037918 NNPACK.cpp:56] Could not initialize NNPACK! Reason: Unsupported hardware.
0: 384x640 (no detections), 122.4ms
Speed: 4.8ms preprocess, 122.4ms inference, 0.9ms postprocess per image at shape (1, 3, 384, 640)
INFO:     127.0.0.1:58490 - "POST /identify HTTP/1.1" 200 OK
Falling back to default species list

[W110 19:32:07.461479363 NNPACK.cpp:56] Could not initialize NNPACK! Reason: Unsupported hardware.
[W110 19:32:07.471879540 NNPACK.cpp:56] Could not initialize NNPACK! Reason: Unsupported hardware.
[W110 19:32:07.478513032 NNPACK.cpp:56] Could not initialize NNPACK! Reason: Unsupported hardware.
[W110 19:32:07.487678252 NNPACK.cpp:56] Could not initialize NNPACK! Reason: Unsupported hardware.
[W110 19:32:07.493435725 NNPACK.cpp:56] Could not initialize NNPACK! Reason: Unsupported hardware.
[W110 19:32:07.501512615 NNPACK.cpp:56] Could not initialize NNPACK! Reason: Unsupported hardware.
[W110 19:32:07.506609048 NNPACK.cpp:56] Could not initialize NNPACK! Reason: Unsupported hardware.
[W110 19:32:07.510863224 NNPACK.cpp:56] Could not initialize NNPACK! Reason: Unsupported hardware.
[W110 19:32:07.512051002 NNPACK.cpp:56] Could not initialize NNPACK! Reason: Unsupported hardware.
[W110 19:32:07.520487412 NNPACK.cpp:56] Could not initialize NNPACK! Reason: Unsupported hardware.
[W110 19:32:07.523507229 NNPACK.cpp:56] Could not initialize NNPACK! Reason: Unsupported hardware.
[W110 19:32:07.529479171 NNPACK.cpp:56] Could not initialize NNPACK! Reason: Unsupported hardware.
[W110 19:32:07.532607297 NNPACK.cpp:56] Could not initialize NNPACK! Reason: Unsupported hardware.
[W110 19:32:07.541431347 NNPACK.cpp:56] Could not initialize NNPACK! Reason: Unsupported hardware.
[W110 19:32:07.545196703 NNPACK.cpp:56] Could not initialize NNPACK! Reason: Unsupported hardware.
[W110 19:32:07.550043286 NNPACK.cpp:56] Could not initialize NNPACK! Reason: Unsupported hardware.
[W110 19:32:07.553339393 NNPACK.cpp:56] Could not initialize NNPACK! Reason: Unsupported hardware.
[W110 19:32:07.557887427 NNPACK.cpp:56] Could not initialize NNPACK! Reason: Unsupported hardware.
[W110 19:32:07.572353619 NNPACK.cpp:56] Could not initialize NNPACK! Reason: Unsupported hardware.
[W110 19:32:07.590953228 NNPACK.cpp:56] Could not initialize NNPACK! Reason: Unsupported hardware.
[W110 19:32:07.597348720 NNPACK.cpp:56] Could not initialize NNPACK! Reason: Unsupported hardware.
[W110 19:32:07.604336941 NNPACK.cpp:56] Could not initialize NNPACK! Reason: Unsupported hardware.
[W110 19:32:07.607128658 NNPACK.cpp:56] Could not initialize NNPACK! Reason: Unsupported hardware.
[W110 19:32:07.610331484 NNPACK.cpp:56] Could not initialize NNPACK! Reason: Unsupported hardware.
[W110 19:32:07.612917231 NNPACK.cpp:56] Could not initialize NNPACK! Reason: Unsupported hardware.
0: 640x640 (no detections), 166.3ms
Speed: 3.4ms preprocess, 166.3ms inference, 0.5ms postprocess per image at shape (1, 3, 640, 640)
INFO:     127.0.0.1:56922 - "POST /identify HTTP/1.1" 200 OK
Falling back to default species list

[W110 19:44:17.290828266 NNPACK.cpp:56] Could not initialize NNPACK! Reason: Unsupported hardware.
[W110 19:44:17.295432113 NNPACK.cpp:56] Could not initialize NNPACK! Reason: Unsupported hardware.
[W110 19:44:17.299159333 NNPACK.cpp:56] Could not initialize NNPACK! Reason: Unsupported hardware.
[W110 19:44:17.304841060 NNPACK.cpp:56] Could not initialize NNPACK! Reason: Unsupported hardware.
[W110 19:44:17.308258647 NNPACK.cpp:56] Could not initialize NNPACK! Reason: Unsupported hardware.
[W110 19:44:17.313395099 NNPACK.cpp:56] Could not initialize NNPACK! Reason: Unsupported hardware.
[W110 19:44:17.316618606 NNPACK.cpp:56] Could not initialize NNPACK! Reason: Unsupported hardware.
[W110 19:44:17.319478839 NNPACK.cpp:56] Could not initialize NNPACK! Reason: Unsupported hardware.
[W110 19:44:17.320248165 NNPACK.cpp:56] Could not initialize NNPACK! Reason: Unsupported hardware.
[W110 19:44:17.325601799 NNPACK.cpp:56] Could not initialize NNPACK! Reason: Unsupported hardware.
[W110 19:44:17.327418654 NNPACK.cpp:56] Could not initialize NNPACK! Reason: Unsupported hardware.
[W110 19:44:17.330972363 NNPACK.cpp:56] Could not initialize NNPACK! Reason: Unsupported hardware.
[W110 19:44:17.334157408 NNPACK.cpp:56] Could not initialize NNPACK! Reason: Unsupported hardware.
[W110 19:44:17.338194581 NNPACK.cpp:56] Could not initialize NNPACK! Reason: Unsupported hardware.
[W110 19:44:17.340377610 NNPACK.cpp:56] Could not initialize NNPACK! Reason: Unsupported hardware.
[W110 19:44:17.343359004 NNPACK.cpp:56] Could not initialize NNPACK! Reason: Unsupported hardware.
[W110 19:44:17.345330400 NNPACK.cpp:56] Could not initialize NNPACK! Reason: Unsupported hardware.
[W110 19:44:17.348206823 NNPACK.cpp:56] Could not initialize NNPACK! Reason: Unsupported hardware.
[W110 19:44:17.356382701 NNPACK.cpp:56] Could not initialize NNPACK! Reason: Unsupported hardware.
[W110 19:44:17.367643652 NNPACK.cpp:56] Could not initialize NNPACK! Reason: Unsupported hardware.
[W110 19:44:17.371484173 NNPACK.cpp:56] Could not initialize NNPACK! Reason: Unsupported hardware.
[W110 19:44:17.375875279 NNPACK.cpp:56] Could not initialize NNPACK! Reason: Unsupported hardware.
[W110 19:44:17.377255520 NNPACK.cpp:56] Could not initialize NNPACK! Reason: Unsupported hardware.
[W110 19:44:17.377633593 NNPACK.cpp:56] Could not initialize NNPACK! Reason: Unsupported hardware.
[W110 19:44:17.379074535 NNPACK.cpp:56] Could not initialize NNPACK! Reason: Unsupported hardware.
[W110 19:44:17.379580789 NNPACK.cpp:56] Could not initialize NNPACK! Reason: Unsupported hardware.
[W110 19:44:17.381086142 NNPACK.cpp:56] Could not initialize NNPACK! Reason: Unsupported hardware.
0: 384x640 (no detections), 96.1ms
Speed: 1.6ms preprocess, 96.1ms inference, 0.5ms postprocess per image at shape (1, 3, 384, 640)
INFO:     127.0.0.1:44028 - "POST /identify HTTP/1.1" 200 OK
Falling back to default species list

[W110 19:44:22.361202943 NNPACK.cpp:56] Could not initialize NNPACK! Reason: Unsupported hardware.
[W110 19:44:22.365702080 NNPACK.cpp:56] Could not initialize NNPACK! Reason: Unsupported hardware.
[W110 19:44:22.369488671 NNPACK.cpp:56] Could not initialize NNPACK! Reason: Unsupported hardware.
[W110 19:44:22.374836705 NNPACK.cpp:56] Could not initialize NNPACK! Reason: Unsupported hardware.
[W110 19:44:22.378041731 NNPACK.cpp:56] Could not initialize NNPACK! Reason: Unsupported hardware.
[W110 19:44:22.382890551 NNPACK.cpp:56] Could not initialize NNPACK! Reason: Unsupported hardware.
[W110 19:44:22.386027157 NNPACK.cpp:56] Could not initialize NNPACK! Reason: Unsupported hardware.
[W110 19:44:22.388651118 NNPACK.cpp:56] Could not initialize NNPACK! Reason: Unsupported hardware.
[W110 19:44:22.389373354 NNPACK.cpp:56] Could not initialize NNPACK! Reason: Unsupported hardware.
[W110 19:44:22.394609687 NNPACK.cpp:56] Could not initialize NNPACK! Reason: Unsupported hardware.
[W110 19:44:22.396399552 NNPACK.cpp:56] Could not initialize NNPACK! Reason: Unsupported hardware.
[W110 19:44:22.399884980 NNPACK.cpp:56] Could not initialize NNPACK! Reason: Unsupported hardware.
[W110 19:44:22.402720253 NNPACK.cpp:56] Could not initialize NNPACK! Reason: Unsupported hardware.
[W110 19:44:22.406766676 NNPACK.cpp:56] Could not initialize NNPACK! Reason: Unsupported hardware.
[W110 19:44:22.408941094 NNPACK.cpp:56] Could not initialize NNPACK! Reason: Unsupported hardware.
[W110 19:44:22.423426002 NNPACK.cpp:56] Could not initialize NNPACK! Reason: Unsupported hardware.
[W110 19:44:22.425394888 NNPACK.cpp:56] Could not initialize NNPACK! Reason: Unsupported hardware.
[W110 19:44:22.428189812 NNPACK.cpp:56] Could not initialize NNPACK! Reason: Unsupported hardware.
[W110 19:44:22.436219528 NNPACK.cpp:56] Could not initialize NNPACK! Reason: Unsupported hardware.
[W110 19:44:22.447233927 NNPACK.cpp:56] Could not initialize NNPACK! Reason: Unsupported hardware.
[W110 19:44:22.450971318 NNPACK.cpp:56] Could not initialize NNPACK! Reason: Unsupported hardware.
[W110 19:44:22.455096822 NNPACK.cpp:56] Could not initialize NNPACK! Reason: Unsupported hardware.
[W110 19:44:22.456378173 NNPACK.cpp:56] Could not initialize NNPACK! Reason: Unsupported hardware.
[W110 19:44:22.456758035 NNPACK.cpp:56] Could not initialize NNPACK! Reason: Unsupported hardware.
[W110 19:44:22.458146987 NNPACK.cpp:56] Could not initialize NNPACK! Reason: Unsupported hardware.
[W110 19:44:22.458640591 NNPACK.cpp:56] Could not initialize NNPACK! Reason: Unsupported hardware.
[W110 19:44:22.459652139 NNPACK.cpp:56] Could not initialize NNPACK! Reason: Unsupported hardware.
0: 384x640 (no detections), 104.5ms
Speed: 1.8ms preprocess, 104.5ms inference, 0.5ms postprocess per image at shape (1, 3, 384, 640)
INFO:     127.0.0.1:44028 - "POST /identify HTTP/1.1" 200 OK
Falling back to default species list

[W110 19:44:27.915277231 NNPACK.cpp:56] Could not initialize NNPACK! Reason: Unsupported hardware.
[W110 19:44:27.919909230 NNPACK.cpp:56] Could not initialize NNPACK! Reason: Unsupported hardware.
[W110 19:44:27.923486978 NNPACK.cpp:56] Could not initialize NNPACK! Reason: Unsupported hardware.
[W110 19:44:27.928918023 NNPACK.cpp:56] Could not initialize NNPACK! Reason: Unsupported hardware.
[W110 19:44:27.932276241 NNPACK.cpp:56] Could not initialize NNPACK! Reason: Unsupported hardware.
[W110 19:44:27.937184791 NNPACK.cpp:56] Could not initialize NNPACK! Reason: Unsupported hardware.
[W110 19:44:27.940252177 NNPACK.cpp:56] Could not initialize NNPACK! Reason: Unsupported hardware.
[W110 19:44:27.942956998 NNPACK.cpp:56] Could not initialize NNPACK! Reason: Unsupported hardware.
[W110 19:44:27.943679724 NNPACK.cpp:56] Could not initialize NNPACK! Reason: Unsupported hardware.
[W110 19:44:27.948869537 NNPACK.cpp:56] Could not initialize NNPACK! Reason: Unsupported hardware.
[W110 19:44:27.950666712 NNPACK.cpp:56] Could not initialize NNPACK! Reason: Unsupported hardware.
[W110 19:44:27.954169811 NNPACK.cpp:56] Could not initialize NNPACK! Reason: Unsupported hardware.
[W110 19:44:27.957067904 NNPACK.cpp:56] Could not initialize NNPACK! Reason: Unsupported hardware.
[W110 19:44:27.961147428 NNPACK.cpp:56] Could not initialize NNPACK! Reason: Unsupported hardware.
[W110 19:44:27.963380276 NNPACK.cpp:56] Could not initialize NNPACK! Reason: Unsupported hardware.
[W110 19:44:27.966290720 NNPACK.cpp:56] Could not initialize NNPACK! Reason: Unsupported hardware.
[W110 19:44:27.968267447 NNPACK.cpp:56] Could not initialize NNPACK! Reason: Unsupported hardware.
[W110 19:44:27.973345528 NNPACK.cpp:56] Could not initialize NNPACK! Reason: Unsupported hardware.
[W110 19:44:27.982417053 NNPACK.cpp:56] Could not initialize NNPACK! Reason: Unsupported hardware.
[W110 19:44:27.993860247 NNPACK.cpp:56] Could not initialize NNPACK! Reason: Unsupported hardware.
[W110 19:44:27.997917460 NNPACK.cpp:56] Could not initialize NNPACK! Reason: Unsupported hardware.
[W110 19:44:27.002228026 NNPACK.cpp:56] Could not initialize NNPACK! Reason: Unsupported hardware.
[W110 19:44:27.003757328 NNPACK.cpp:56] Could not initialize NNPACK! Reason: Unsupported hardware.
[W110 19:44:27.004189352 NNPACK.cpp:56] Could not initialize NNPACK! Reason: Unsupported hardware.
[W110 19:44:27.005607933 NNPACK.cpp:56] Could not initialize NNPACK! Reason: Unsupported hardware.
[W110 19:44:27.006189968 NNPACK.cpp:56] Could not initialize NNPACK! Reason: Unsupported hardware.
[W110 19:44:27.007353487 NNPACK.cpp:56] Could not initialize NNPACK! Reason: Unsupported hardware.
0: 384x640 (no detections), 98.0ms
Speed: 1.7ms preprocess, 98.0ms inference, 0.4ms postprocess per image at shape (1, 3, 384, 640)
INFO:     127.0.0.1:44936 - "POST /identify HTTP/1.1" 200 OK
Falling back to default species list

[W110 19:44:32.763754837 NNPACK.cpp:56] Could not initialize NNPACK! Reason: Unsupported hardware.
[W110 19:44:32.768388385 NNPACK.cpp:56] Could not initialize NNPACK! Reason: Unsupported hardware.
[W110 19:44:32.772231647 NNPACK.cpp:56] Could not initialize NNPACK! Reason: Unsupported hardware.
[W110 19:44:32.777705972 NNPACK.cpp:56] Could not initialize NNPACK! Reason: Unsupported hardware.
[W110 19:44:32.781067199 NNPACK.cpp:56] Could not initialize NNPACK! Reason: Unsupported hardware.
[W110 19:44:32.785946810 NNPACK.cpp:56] Could not initialize NNPACK! Reason: Unsupported hardware.
[W110 19:44:32.789017605 NNPACK.cpp:56] Could not initialize NNPACK! Reason: Unsupported hardware.
[W110 19:44:32.791723997 NNPACK.cpp:56] Could not initialize NNPACK! Reason: Unsupported hardware.
[W110 19:44:32.792488563 NNPACK.cpp:56] Could not initialize NNPACK! Reason: Unsupported hardware.
[W110 19:44:32.797723537 NNPACK.cpp:56] Could not initialize NNPACK! Reason: Unsupported hardware.
[W110 19:44:32.799612823 NNPACK.cpp:56] Could not initialize NNPACK! Reason: Unsupported hardware.
[W110 19:44:32.803230513 NNPACK.cpp:56] Could not initialize NNPACK! Reason: Unsupported hardware.
[W110 19:44:32.806513739 NNPACK.cpp:56] Could not initialize NNPACK! Reason: Unsupported hardware.
[W110 19:44:32.810923625 NNPACK.cpp:56] Could not initialize NNPACK! Reason: Unsupported hardware.
[W110 19:44:32.813155174 NNPACK.cpp:56] Could not initialize NNPACK! Reason: Unsupported hardware.
[W110 19:44:32.816161249 NNPACK.cpp:56] Could not initialize NNPACK! Reason: Unsupported hardware.
[W110 19:44:32.818114215 NNPACK.cpp:56] Could not initialize NNPACK! Reason: Unsupported hardware.
[W110 19:44:32.820923118 NNPACK.cpp:56] Could not initialize NNPACK! Reason: Unsupported hardware.
[W110 19:44:32.828944894 NNPACK.cpp:56] Could not initialize NNPACK! Reason: Unsupported hardware.
[W110 19:44:32.840047076 NNPACK.cpp:56] Could not initialize NNPACK! Reason: Unsupported hardware.
[W110 19:44:32.843920208 NNPACK.cpp:56] Could not initialize NNPACK! Reason: Unsupported hardware.
[W110 19:44:32.848114972 NNPACK.cpp:56] Could not initialize NNPACK! Reason: Unsupported hardware.
[W110 19:44:32.849440163 NNPACK.cpp:56] Could not initialize NNPACK! Reason: Unsupported hardware.
[W110 19:44:32.849901847 NNPACK.cpp:56] Could not initialize NNPACK! Reason: Unsupported hardware.
[W110 19:44:32.851310329 NNPACK.cpp:56] Could not initialize NNPACK! Reason: Unsupported hardware.
[W110 19:44:32.851837223 NNPACK.cpp:56] Could not initialize NNPACK! Reason: Unsupported hardware.
[W110 19:44:32.852954452 NNPACK.cpp:56] Could not initialize NNPACK! Reason: Unsupported hardware.
0: 384x640 (no detections), 95.6ms
Speed: 1.8ms preprocess, 95.6ms inference, 0.5ms postprocess per image at shape (1, 3, 384, 640)
INFO:     127.0.0.1:44936 - "POST /identify HTTP/1.1" 200 OK
Falling back to default species list

[W110 19:44:37.205313259 NNPACK.cpp:56] Could not initialize NNPACK! Reason: Unsupported hardware.
[W110 19:44:37.210159999 NNPACK.cpp:56] Could not initialize NNPACK! Reason: Unsupported hardware.
[W110 19:44:37.213990951 NNPACK.cpp:56] Could not initialize NNPACK! Reason: Unsupported hardware.
[W110 19:44:37.219626657 NNPACK.cpp:56] Could not initialize NNPACK! Reason: Unsupported hardware.
[W110 19:44:37.225652307 NNPACK.cpp:56] Could not initialize NNPACK! Reason: Unsupported hardware.
[W110 19:44:37.230806710 NNPACK.cpp:56] Could not initialize NNPACK! Reason: Unsupported hardware.
[W110 19:44:37.234102857 NNPACK.cpp:56] Could not initialize NNPACK! Reason: Unsupported hardware.
[W110 19:44:37.236841660 NNPACK.cpp:56] Could not initialize NNPACK! Reason: Unsupported hardware.
[W110 19:44:37.237560346 NNPACK.cpp:56] Could not initialize NNPACK! Reason: Unsupported hardware.
[W110 19:44:37.242969271 NNPACK.cpp:56] Could not initialize NNPACK! Reason: Unsupported hardware.
[W110 19:44:37.244971827 NNPACK.cpp:56] Could not initialize NNPACK! Reason: Unsupported hardware.
[W110 19:44:37.248658138 NNPACK.cpp:56] Could not initialize NNPACK! Reason: Unsupported hardware.
[W110 19:44:37.252080896 NNPACK.cpp:56] Could not initialize NNPACK! Reason: Unsupported hardware.
[W110 19:44:37.256300111 NNPACK.cpp:56] Could not initialize NNPACK! Reason: Unsupported hardware.
[W110 19:44:37.258511739 NNPACK.cpp:56] Could not initialize NNPACK! Reason: Unsupported hardware.
[W110 19:44:37.261444583 NNPACK.cpp:56] Could not initialize NNPACK! Reason: Unsupported hardware.
[W110 19:44:37.263401439 NNPACK.cpp:56] Could not initialize NNPACK! Reason: Unsupported hardware.
[W110 19:44:37.266240783 NNPACK.cpp:56] Could not initialize NNPACK! Reason: Unsupported hardware.
[W110 19:44:37.274355220 NNPACK.cpp:56] Could not initialize NNPACK! Reason: Unsupported hardware.
[W110 19:44:37.285632323 NNPACK.cpp:56] Could not initialize NNPACK! Reason: Unsupported hardware.
[W110 19:44:37.289387474 NNPACK.cpp:56] Could not initialize NNPACK! Reason: Unsupported hardware.
[W110 19:44:37.293533549 NNPACK.cpp:56] Could not initialize NNPACK! Reason: Unsupported hardware.
[W110 19:44:37.294933270 NNPACK.cpp:56] Could not initialize NNPACK! Reason: Unsupported hardware.
[W110 19:44:37.295340044 NNPACK.cpp:56] Could not initialize NNPACK! Reason: Unsupported hardware.
[W110 19:44:37.296771756 NNPACK.cpp:56] Could not initialize NNPACK! Reason: Unsupported hardware.
[W110 19:44:37.297302950 NNPACK.cpp:56] Could not initialize NNPACK! Reason: Unsupported hardware.
[W110 19:44:37.298388579 NNPACK.cpp:56] Could not initialize NNPACK! Reason: Unsupported hardware.
0: 384x640 (no detections), 99.2ms
Speed: 1.7ms preprocess, 99.2ms inference, 0.4ms postprocess per image at shape (1, 3, 384, 640)
INFO:     127.0.0.1:44936 - "POST /identify HTTP/1.1" 200 OK
Falling back to default species list

[W110 20:14:08.788494362 NNPACK.cpp:56] Could not initialize NNPACK! Reason: Unsupported hardware.
[W110 20:14:08.792937538 NNPACK.cpp:56] Could not initialize NNPACK! Reason: Unsupported hardware.
[W110 20:14:08.796642289 NNPACK.cpp:56] Could not initialize NNPACK! Reason: Unsupported hardware.
[W110 20:14:08.802575743 NNPACK.cpp:56] Could not initialize NNPACK! Reason: Unsupported hardware.
[W110 20:14:08.805780192 NNPACK.cpp:56] Could not initialize NNPACK! Reason: Unsupported hardware.
[W110 20:14:08.810647559 NNPACK.cpp:56] Could not initialize NNPACK! Reason: Unsupported hardware.
[W110 20:14:08.813698397 NNPACK.cpp:56] Could not initialize NNPACK! Reason: Unsupported hardware.
[W110 20:14:08.816380962 NNPACK.cpp:56] Could not initialize NNPACK! Reason: Unsupported hardware.
[W110 20:14:08.817136317 NNPACK.cpp:56] Could not initialize NNPACK! Reason: Unsupported hardware.
[W110 20:14:08.821906114 NNPACK.cpp:56] Could not initialize NNPACK! Reason: Unsupported hardware.
[W110 20:14:08.823672075 NNPACK.cpp:56] Could not initialize NNPACK! Reason: Unsupported hardware.
[W110 20:14:08.827197085 NNPACK.cpp:56] Could not initialize NNPACK! Reason: Unsupported hardware.
[W110 20:14:08.830347283 NNPACK.cpp:56] Could not initialize NNPACK! Reason: Unsupported hardware.
[W110 20:14:08.834423396 NNPACK.cpp:56] Could not initialize NNPACK! Reason: Unsupported hardware.
[W110 20:14:08.836613628 NNPACK.cpp:56] Could not initialize NNPACK! Reason: Unsupported hardware.
[W110 20:14:08.839556106 NNPACK.cpp:56] Could not initialize NNPACK! Reason: Unsupported hardware.
[W110 20:14:08.841449487 NNPACK.cpp:56] Could not initialize NNPACK! Reason: Unsupported hardware.
[W110 20:14:08.844303933 NNPACK.cpp:56] Could not initialize NNPACK! Reason: Unsupported hardware.
[W110 20:14:08.852318259 NNPACK.cpp:56] Could not initialize NNPACK! Reason: Unsupported hardware.
[W110 20:14:08.863335903 NNPACK.cpp:56] Could not initialize NNPACK! Reason: Unsupported hardware.
[W110 20:14:08.867132914 NNPACK.cpp:56] Could not initialize NNPACK! Reason: Unsupported hardware.
[W110 20:14:08.871263518 NNPACK.cpp:56] Could not initialize NNPACK! Reason: Unsupported hardware.
[W110 20:14:08.872555475 NNPACK.cpp:56] Could not initialize NNPACK! Reason: Unsupported hardware.
[W110 20:14:08.872960868 NNPACK.cpp:56] Could not initialize NNPACK! Reason: Unsupported hardware.
[W110 20:14:08.874435446 NNPACK.cpp:56] Could not initialize NNPACK! Reason: Unsupported hardware.
[W110 20:14:08.874936409 NNPACK.cpp:56] Could not initialize NNPACK! Reason: Unsupported hardware.
[W110 20:14:08.875984415 NNPACK.cpp:56] Could not initialize NNPACK! Reason: Unsupported hardware.
0: 384x640 (no detections), 93.3ms
Speed: 1.6ms preprocess, 93.3ms inference, 0.5ms postprocess per image at shape (1, 3, 384, 640)
INFO:     127.0.0.1:49800 - "POST /identify HTTP/1.1" 200 OK
Falling back to default species list

[W110 20:14:29.676080030 NNPACK.cpp:56] Could not initialize NNPACK! Reason: Unsupported hardware.
[W110 20:14:29.680757667 NNPACK.cpp:56] Could not initialize NNPACK! Reason: Unsupported hardware.
[W110 20:14:29.684433919 NNPACK.cpp:56] Could not initialize NNPACK! Reason: Unsupported hardware.
[W110 20:14:29.689992182 NNPACK.cpp:56] Could not initialize NNPACK! Reason: Unsupported hardware.
[W110 20:14:29.693333350 NNPACK.cpp:56] Could not initialize NNPACK! Reason: Unsupported hardware.
[W110 20:14:29.698301140 NNPACK.cpp:56] Could not initialize NNPACK! Reason: Unsupported hardware.
[W110 20:14:29.701383549 NNPACK.cpp:56] Could not initialize NNPACK! Reason: Unsupported hardware.
[W110 20:14:29.704171874 NNPACK.cpp:56] Could not initialize NNPACK! Reason: Unsupported hardware.
[W110 20:14:29.704915728 NNPACK.cpp:56] Could not initialize NNPACK! Reason: Unsupported hardware.
[W110 20:14:29.709863658 NNPACK.cpp:56] Could not initialize NNPACK! Reason: Unsupported hardware.
[W110 20:14:29.711766739 NNPACK.cpp:56] Could not initialize NNPACK! Reason: Unsupported hardware.
[W110 20:14:29.715433001 NNPACK.cpp:56] Could not initialize NNPACK! Reason: Unsupported hardware.
[W110 20:14:29.718630389 NNPACK.cpp:56] Could not initialize NNPACK! Reason: Unsupported hardware.
[W110 20:14:29.722854154 NNPACK.cpp:56] Could not initialize NNPACK! Reason: Unsupported hardware.
[W110 20:14:29.725179527 NNPACK.cpp:56] Could not initialize NNPACK! Reason: Unsupported hardware.
[W110 20:14:29.728192005 NNPACK.cpp:56] Could not initialize NNPACK! Reason: Unsupported hardware.
[W110 20:14:29.730175247 NNPACK.cpp:56] Could not initialize NNPACK! Reason: Unsupported hardware.
[W110 20:14:29.733077313 NNPACK.cpp:56] Could not initialize NNPACK! Reason: Unsupported hardware.
[W110 20:14:29.741323342 NNPACK.cpp:56] Could not initialize NNPACK! Reason: Unsupported hardware.
[W110 20:14:29.752573808 NNPACK.cpp:56] Could not initialize NNPACK! Reason: Unsupported hardware.
[W110 20:14:29.756556311 NNPACK.cpp:56] Could not initialize NNPACK! Reason: Unsupported hardware.
[W110 20:14:29.760808866 NNPACK.cpp:56] Could not initialize NNPACK! Reason: Unsupported hardware.
[W110 20:14:29.762215915 NNPACK.cpp:56] Could not initialize NNPACK! Reason: Unsupported hardware.
[W110 20:14:29.762591477 NNPACK.cpp:56] Could not initialize NNPACK! Reason: Unsupported hardware.
[W110 20:14:29.764041935 NNPACK.cpp:56] Could not initialize NNPACK! Reason: Unsupported hardware.
[W110 20:14:29.764544238 NNPACK.cpp:56] Could not initialize NNPACK! Reason: Unsupported hardware.
[W110 20:14:29.765705675 NNPACK.cpp:56] Could not initialize NNPACK! Reason: Unsupported hardware.
0: 384x640 (no detections), 95.9ms
Speed: 1.7ms preprocess, 95.9ms inference, 0.5ms postprocess per image at shape (1, 3, 384, 640)
INFO:     127.0.0.1:48080 - "POST /identify HTTP/1.1" 200 OK
Falling back to default species list

[W110 20:14:51.099622325 NNPACK.cpp:56] Could not initialize NNPACK! Reason: Unsupported hardware.
[W110 20:14:51.105210139 NNPACK.cpp:56] Could not initialize NNPACK! Reason: Unsupported hardware.
[W110 20:14:51.109811496 NNPACK.cpp:56] Could not initialize NNPACK! Reason: Unsupported hardware.
[W110 20:14:51.116570437 NNPACK.cpp:56] Could not initialize NNPACK! Reason: Unsupported hardware.
[W110 20:14:51.120487190 NNPACK.cpp:56] Could not initialize NNPACK! Reason: Unsupported hardware.
[W110 20:14:51.125286158 NNPACK.cpp:56] Could not initialize NNPACK! Reason: Unsupported hardware.
[W110 20:14:51.128259806 NNPACK.cpp:56] Could not initialize NNPACK! Reason: Unsupported hardware.
[W110 20:14:51.130856852 NNPACK.cpp:56] Could not initialize NNPACK! Reason: Unsupported hardware.
[W110 20:14:51.131589316 NNPACK.cpp:56] Could not initialize NNPACK! Reason: Unsupported hardware.
[W110 20:14:51.136387115 NNPACK.cpp:56] Could not initialize NNPACK! Reason: Unsupported hardware.
[W110 20:14:51.138108734 NNPACK.cpp:56] Could not initialize NNPACK! Reason: Unsupported hardware.
[W110 20:14:51.141508975 NNPACK.cpp:56] Could not initialize NNPACK! Reason: Unsupported hardware.
[W110 20:14:51.144320443 NNPACK.cpp:56] Could not initialize NNPACK! Reason: Unsupported hardware.
[W110 20:14:51.148280125 NNPACK.cpp:56] Could not initialize NNPACK! Reason: Unsupported hardware.
[W110 20:14:51.150424649 NNPACK.cpp:56] Could not initialize NNPACK! Reason: Unsupported hardware.
[W110 20:14:51.153296646 NNPACK.cpp:56] Could not initialize NNPACK! Reason: Unsupported hardware.
[W110 20:14:51.155212967 NNPACK.cpp:56] Could not initialize NNPACK! Reason: Unsupported hardware.
[W110 20:14:51.157950833 NNPACK.cpp:56] Could not initialize NNPACK! Reason: Unsupported hardware.
[W110 20:14:51.165968451 NNPACK.cpp:56] Could not initialize NNPACK! Reason: Unsupported hardware.
[W110 20:14:51.176955557 NNPACK.cpp:56] Could not initialize NNPACK! Reason: Unsupported hardware.
[W110 20:14:51.180758550 NNPACK.cpp:56] Could not initialize NNPACK! Reason: Unsupported hardware.
[W110 20:14:51.184921595 NNPACK.cpp:56] Could not initialize NNPACK! Reason: Unsupported hardware.
[W110 20:14:51.186257492 NNPACK.cpp:56] Could not initialize NNPACK! Reason: Unsupported hardware.
[W110 20:14:51.186638835 NNPACK.cpp:56] Could not initialize NNPACK! Reason: Unsupported hardware.
[W110 20:14:51.188043273 NNPACK.cpp:56] Could not initialize NNPACK! Reason: Unsupported hardware.
[W110 20:14:51.188547066 NNPACK.cpp:56] Could not initialize NNPACK! Reason: Unsupported hardware.
[W110 20:14:51.189541282 NNPACK.cpp:56] Could not initialize NNPACK! Reason: Unsupported hardware.
0: 384x640 (no detections), 96.9ms
Speed: 2.4ms preprocess, 96.9ms inference, 0.5ms postprocess per image at shape (1, 3, 384, 640)
INFO:     127.0.0.1:51330 - "POST /identify HTTP/1.1" 200 OK
Falling back to default species list

[W110 20:15:10.842347121 NNPACK.cpp:56] Could not initialize NNPACK! Reason: Unsupported hardware.
[W110 20:15:10.846963229 NNPACK.cpp:56] Could not initialize NNPACK! Reason: Unsupported hardware.
[W110 20:15:10.850724592 NNPACK.cpp:56] Could not initialize NNPACK! Reason: Unsupported hardware.
[W110 20:15:10.856524167 NNPACK.cpp:56] Could not initialize NNPACK! Reason: Unsupported hardware.
[W110 20:15:10.859828996 NNPACK.cpp:56] Could not initialize NNPACK! Reason: Unsupported hardware.
[W110 20:15:10.864850017 NNPACK.cpp:56] Could not initialize NNPACK! Reason: Unsupported hardware.
[W110 20:15:10.868231888 NNPACK.cpp:56] Could not initialize NNPACK! Reason: Unsupported hardware.
[W110 20:15:10.871075565 NNPACK.cpp:56] Could not initialize NNPACK! Reason: Unsupported hardware.
[W110 20:15:10.871802619 NNPACK.cpp:56] Could not initialize NNPACK! Reason: Unsupported hardware.
[W110 20:15:10.876807320 NNPACK.cpp:56] Could not initialize NNPACK! Reason: Unsupported hardware.
[W110 20:15:10.878606081 NNPACK.cpp:56] Could not initialize NNPACK! Reason: Unsupported hardware.
[W110 20:15:10.882264463 NNPACK.cpp:56] Could not initialize NNPACK! Reason: Unsupported hardware.
[W110 20:15:10.885291201 NNPACK.cpp:56] Could not initialize NNPACK! Reason: Unsupported hardware.
[W110 20:15:10.889395816 NNPACK.cpp:56] Could not initialize NNPACK! Reason: Unsupported hardware.
[W110 20:15:10.891614979 NNPACK.cpp:56] Could not initialize NNPACK! Reason: Unsupported hardware.
[W110 20:15:10.894613688 NNPACK.cpp:56] Could not initialize NNPACK! Reason: Unsupported hardware.
[W110 20:15:10.896614660 NNPACK.cpp:56] Could not initialize NNPACK! Reason: Unsupported hardware.
[W110 20:15:10.899824909 NNPACK.cpp:56] Could not initialize NNPACK! Reason: Unsupported hardware.
[W110 20:15:10.908101690 NNPACK.cpp:56] Could not initialize NNPACK! Reason: Unsupported hardware.
[W110 20:15:10.919453758 NNPACK.cpp:56] Could not initialize NNPACK! Reason: Unsupported hardware.
[W110 20:15:10.923344632 NNPACK.cpp:56] Could not initialize NNPACK! Reason: Unsupported hardware.
[W110 20:15:10.927593127 NNPACK.cpp:56] Could not initialize NNPACK! Reason: Unsupported hardware.
[W110 20:15:10.928958526 NNPACK.cpp:56] Could not initialize NNPACK! Reason: Unsupported hardware.
[W110 20:15:10.929431159 NNPACK.cpp:56] Could not initialize NNPACK! Reason: Unsupported hardware.
[W110 20:15:10.931134189 NNPACK.cpp:56] Could not initialize NNPACK! Reason: Unsupported hardware.
[W110 20:15:10.931667442 NNPACK.cpp:56] Could not initialize NNPACK! Reason: Unsupported hardware.
[W110 20:15:10.932701229 NNPACK.cpp:56] Could not initialize NNPACK! Reason: Unsupported hardware.
0: 384x640 (no detections), 96.2ms
Speed: 2.1ms preprocess, 96.2ms inference, 0.4ms postprocess per image at shape (1, 3, 384, 640)
INFO:     127.0.0.1:47892 - "POST /identify HTTP/1.1" 200 OK
Falling back to default species list

[W110 20:15:30.962065157 NNPACK.cpp:56] Could not initialize NNPACK! Reason: Unsupported hardware.
[W110 20:15:30.974696694 NNPACK.cpp:56] Could not initialize NNPACK! Reason: Unsupported hardware.
[W110 20:15:30.978550968 NNPACK.cpp:56] Could not initialize NNPACK! Reason: Unsupported hardware.
[W110 20:15:30.984194973 NNPACK.cpp:56] Could not initialize NNPACK! Reason: Unsupported hardware.
[W110 20:15:30.987619893 NNPACK.cpp:56] Could not initialize NNPACK! Reason: Unsupported hardware.
[W110 20:15:30.992769645 NNPACK.cpp:56] Could not initialize NNPACK! Reason: Unsupported hardware.
[W110 20:15:30.995902964 NNPACK.cpp:56] Could not initialize NNPACK! Reason: Unsupported hardware.
[W110 20:15:30.998682882 NNPACK.cpp:56] Could not initialize NNPACK! Reason: Unsupported hardware.
[W110 20:15:30.999456636 NNPACK.cpp:56] Could not initialize NNPACK! Reason: Unsupported hardware.
[W110 20:15:30.004575848 NNPACK.cpp:56] Could not initialize NNPACK! Reason: Unsupported hardware.
[W110 20:15:30.006389219 NNPACK.cpp:56] Could not initialize NNPACK! Reason: Unsupported hardware.
[W110 20:15:30.009978391 NNPACK.cpp:56] Could not initialize NNPACK! Reason: Unsupported hardware.
[W110 20:15:30.012849019 NNPACK.cpp:56] Could not initialize NNPACK! Reason: Unsupported hardware.
[W110 20:15:30.017093645 NNPACK.cpp:56] Could not initialize NNPACK! Reason: Unsupported hardware.
[W110 20:15:30.019443069 NNPACK.cpp:56] Could not initialize NNPACK! Reason: Unsupported hardware.
[W110 20:15:30.022495489 NNPACK.cpp:56] Could not initialize NNPACK! Reason: Unsupported hardware.
[W110 20:15:30.024558471 NNPACK.cpp:56] Could not initialize NNPACK! Reason: Unsupported hardware.
[W110 20:15:30.027517689 NNPACK.cpp:56] Could not initialize NNPACK! Reason: Unsupported hardware.
[W110 20:15:30.035854730 NNPACK.cpp:56] Could not initialize NNPACK! Reason: Unsupported hardware.
[W110 20:15:30.047239531 NNPACK.cpp:56] Could not initialize NNPACK! Reason: Unsupported hardware.
[W110 20:15:30.051278495 NNPACK.cpp:56] Could not initialize NNPACK! Reason: Unsupported hardware.
[W110 20:15:30.055571782 NNPACK.cpp:56] Could not initialize NNPACK! Reason: Unsupported hardware.
[W110 20:15:30.056976361 NNPACK.cpp:56] Could not initialize NNPACK! Reason: Unsupported hardware.
[W110 20:15:30.057418043 NNPACK.cpp:56] Could not initialize NNPACK! Reason: Unsupported hardware.
[W110 20:15:30.058858822 NNPACK.cpp:56] Could not initialize NNPACK! Reason: Unsupported hardware.
[W110 20:15:30.059411916 NNPACK.cpp:56] Could not initialize NNPACK! Reason: Unsupported hardware.
[W110 20:15:30.060600233 NNPACK.cpp:56] Could not initialize NNPACK! Reason: Unsupported hardware.
0: 384x640 (no detections), 104.5ms
Speed: 1.7ms preprocess, 104.5ms inference, 0.6ms postprocess per image at shape (1, 3, 384, 640)
INFO:     127.0.0.1:35186 - "POST /identify HTTP/1.1" 200 OK
Falling back to default species list

[W110 20:15:58.469484825 NNPACK.cpp:56] Could not initialize NNPACK! Reason: Unsupported hardware.
[W110 20:15:58.474096163 NNPACK.cpp:56] Could not initialize NNPACK! Reason: Unsupported hardware.
[W110 20:15:58.477685846 NNPACK.cpp:56] Could not initialize NNPACK! Reason: Unsupported hardware.
[W110 20:15:58.483121770 NNPACK.cpp:56] Could not initialize NNPACK! Reason: Unsupported hardware.
[W110 20:15:58.486375480 NNPACK.cpp:56] Could not initialize NNPACK! Reason: Unsupported hardware.
[W110 20:15:58.491357432 NNPACK.cpp:56] Could not initialize NNPACK! Reason: Unsupported hardware.
[W110 20:15:58.494363711 NNPACK.cpp:56] Could not initialize NNPACK! Reason: Unsupported hardware.
[W110 20:15:58.497017827 NNPACK.cpp:56] Could not initialize NNPACK! Reason: Unsupported hardware.
[W110 20:15:58.497722972 NNPACK.cpp:56] Could not initialize NNPACK! Reason: Unsupported hardware.
[W110 20:15:58.503107645 NNPACK.cpp:56] Could not initialize NNPACK! Reason: Unsupported hardware.
[W110 20:15:58.504878046 NNPACK.cpp:56] Could not initialize NNPACK! Reason: Unsupported hardware.
[W110 20:15:58.508387269 NNPACK.cpp:56] Could not initialize NNPACK! Reason: Unsupported hardware.
[W110 20:15:58.511569269 NNPACK.cpp:56] Could not initialize NNPACK! Reason: Unsupported hardware.
[W110 20:15:58.515631295 NNPACK.cpp:56] Could not initialize NNPACK! Reason: Unsupported hardware.
[W110 20:15:58.517821988 NNPACK.cpp:56] Could not initialize NNPACK! Reason: Unsupported hardware.
[W110 20:15:58.520724826 NNPACK.cpp:56] Could not initialize NNPACK! Reason: Unsupported hardware.
[W110 20:15:58.522677558 NNPACK.cpp:56] Could not initialize NNPACK! Reason: Unsupported hardware.
[W110 20:15:58.525505347 NNPACK.cpp:56] Could not initialize NNPACK! Reason: Unsupported hardware.
[W110 20:15:58.533599138 NNPACK.cpp:56] Could not initialize NNPACK! Reason: Unsupported hardware.
[W110 20:15:58.544635916 NNPACK.cpp:56] Could not initialize NNPACK! Reason: Unsupported hardware.
[W110 20:15:58.548465171 NNPACK.cpp:56] Could not initialize NNPACK! Reason: Unsupported hardware.
[W110 20:15:58.552614587 NNPACK.cpp:56] Could not initialize NNPACK! Reason: Unsupported hardware.
[W110 20:15:58.553911815 NNPACK.cpp:56] Could not initialize NNPACK! Reason: Unsupported hardware.
[W110 20:15:58.554334578 NNPACK.cpp:56] Could not initialize NNPACK! Reason: Unsupported hardware.
[W110 20:15:58.555740507 NNPACK.cpp:56] Could not initialize NNPACK! Reason: Unsupported hardware.
[W110 20:15:58.556274310 NNPACK.cpp:56] Could not initialize NNPACK! Reason: Unsupported hardware.
[W110 20:15:58.557396377 NNPACK.cpp:56] Could not initialize NNPACK! Reason: Unsupported hardware.
0: 384x640 (no detections), 93.9ms
Speed: 1.7ms preprocess, 93.9ms inference, 0.5ms postprocess per image at shape (1, 3, 384, 640)
INFO:     127.0.0.1:59206 - "POST /identify HTTP/1.1" 200 OK
Falling back to default species list

[W111 15:05:00.430152659 NNPACK.cpp:56] Could not initialize NNPACK! Reason: Unsupported hardware.
[W111 15:05:00.434943469 NNPACK.cpp:56] Could not initialize NNPACK! Reason: Unsupported hardware.
[W111 15:05:00.438843542 NNPACK.cpp:56] Could not initialize NNPACK! Reason: Unsupported hardware.
[W111 15:05:00.444696251 NNPACK.cpp:56] Could not initialize NNPACK! Reason: Unsupported hardware.
[W111 15:05:00.448704155 NNPACK.cpp:56] Could not initialize NNPACK! Reason: Unsupported hardware.
[W111 15:05:00.453862569 NNPACK.cpp:56] Could not initialize NNPACK! Reason: Unsupported hardware.
[W111 15:05:00.456984525 NNPACK.cpp:56] Could not initialize NNPACK! Reason: Unsupported hardware.
[W111 15:05:00.459806979 NNPACK.cpp:56] Could not initialize NNPACK! Reason: Unsupported hardware.
[W111 15:05:00.460557125 NNPACK.cpp:56] Could not initialize NNPACK! Reason: Unsupported hardware.
[W111 15:05:00.466113072 NNPACK.cpp:56] Could not initialize NNPACK! Reason: Unsupported hardware.
[W111 15:05:00.468027708 NNPACK.cpp:56] Could not initialize NNPACK! Reason: Unsupported hardware.
[W111 15:05:00.471721260 NNPACK.cpp:56] Could not initialize NNPACK! Reason: Unsupported hardware.
[W111 15:05:00.474685544 NNPACK.cpp:56] Could not initialize NNPACK! Reason: Unsupported hardware.
[W111 15:05:00.479894359 NNPACK.cpp:56] Could not initialize NNPACK! Reason: Unsupported hardware.
[W111 15:05:00.482151648 NNPACK.cpp:56] Could not initialize NNPACK! Reason: Unsupported hardware.
[W111 15:05:00.485264444 NNPACK.cpp:56] Could not initialize NNPACK! Reason: Unsupported hardware.
[W111 15:05:00.487314802 NNPACK.cpp:56] Could not initialize NNPACK! Reason: Unsupported hardware.
[W111 15:05:00.490438477 NNPACK.cpp:56] Could not initialize NNPACK! Reason: Unsupported hardware.
[W111 15:05:00.498676927 NNPACK.cpp:56] Could not initialize NNPACK! Reason: Unsupported hardware.
[W111 15:05:00.510040743 NNPACK.cpp:56] Could not initialize NNPACK! Reason: Unsupported hardware.
[W111 15:05:00.514046147 NNPACK.cpp:56] Could not initialize NNPACK! Reason: Unsupported hardware.
[W111 15:05:00.518473364 NNPACK.cpp:56] Could not initialize NNPACK! Reason: Unsupported hardware.
[W111 15:05:00.519848916 NNPACK.cpp:56] Could not initialize NNPACK! Reason: Unsupported hardware.
[W111 15:05:00.520307930 NNPACK.cpp:56] Could not initialize NNPACK! Reason: Unsupported hardware.
[W111 15:05:00.521758622 NNPACK.cpp:56] Could not initialize NNPACK! Reason: Unsupported hardware.
[W111 15:05:00.522315437 NNPACK.cpp:56] Could not initialize NNPACK! Reason: Unsupported hardware.
[W111 15:05:00.523445907 NNPACK.cpp:56] Could not initialize NNPACK! Reason: Unsupported hardware.
0: 384x640 (no detections), 99.8ms
Speed: 2.4ms preprocess, 99.8ms inference, 0.5ms postprocess per image at shape (1, 3, 384, 640)
INFO:     127.0.0.1:50360 - "POST /identify HTTP/1.1" 200 OK
Falling back to default species list

[W111 15:05:59.147560282 NNPACK.cpp:56] Could not initialize NNPACK! Reason: Unsupported hardware.
[W111 15:05:59.152147272 NNPACK.cpp:56] Could not initialize NNPACK! Reason: Unsupported hardware.
[W111 15:05:59.155849713 NNPACK.cpp:56] Could not initialize NNPACK! Reason: Unsupported hardware.
[W111 15:05:59.161505032 NNPACK.cpp:56] Could not initialize NNPACK! Reason: Unsupported hardware.
[W111 15:05:59.164955952 NNPACK.cpp:56] Could not initialize NNPACK! Reason: Unsupported hardware.
[W111 15:05:59.169970825 NNPACK.cpp:56] Could not initialize NNPACK! Reason: Unsupported hardware.
[W111 15:05:59.173089432 NNPACK.cpp:56] Could not initialize NNPACK! Reason: Unsupported hardware.
[W111 15:05:59.175745854 NNPACK.cpp:56] Could not initialize NNPACK! Reason: Unsupported hardware.
[W111 15:05:59.176505582 NNPACK.cpp:56] Could not initialize NNPACK! Reason: Unsupported hardware.
[W111 15:05:59.181773086 NNPACK.cpp:56] Could not initialize NNPACK! Reason: Unsupported hardware.
[W111 15:05:59.183570292 NNPACK.cpp:56] Could not initialize NNPACK! Reason: Unsupported hardware.
[W111 15:05:59.187118683 NNPACK.cpp:56] Could not initialize NNPACK! Reason: Unsupported hardware.
[W111 15:05:59.190322381 NNPACK.cpp:56] Could not initialize NNPACK! Reason: Unsupported hardware.
[W111 15:05:59.194428926 NNPACK.cpp:56] Could not initialize NNPACK! Reason: Unsupported hardware.
[W111 15:05:59.198082837 NNPACK.cpp:56] Could not initialize NNPACK! Reason: Unsupported hardware.
[W111 15:05:59.201847809 NNPACK.cpp:56] Could not initialize NNPACK! Reason: Unsupported hardware.
[W111 15:05:59.204262661 NNPACK.cpp:56] Could not initialize NNPACK! Reason: Unsupported hardware.
[W111 15:05:59.208089953 NNPACK.cpp:56] Could not initialize NNPACK! Reason: Unsupported hardware.
[W111 15:05:59.216617287 NNPACK.cpp:56] Could not initialize NNPACK! Reason: Unsupported hardware.
[W111 15:05:59.228268658 NNPACK.cpp:56] Could not initialize NNPACK! Reason: Unsupported hardware.
[W111 15:05:59.232440573 NNPACK.cpp:56] Could not initialize NNPACK! Reason: Unsupported hardware.
[W111 15:05:59.236729790 NNPACK.cpp:56] Could not initialize NNPACK! Reason: Unsupported hardware.
[W111 15:05:59.238202983 NNPACK.cpp:56] Could not initialize NNPACK! Reason: Unsupported hardware.
[W111 15:05:59.238581046 NNPACK.cpp:56] Could not initialize NNPACK! Reason: Unsupported hardware.
[W111 15:05:59.239957667 NNPACK.cpp:56] Could not initialize NNPACK! Reason: Unsupported hardware.
[W111 15:05:59.240487093 NNPACK.cpp:56] Could not initialize NNPACK! Reason: Unsupported hardware.
[W111 15:05:59.241614292 NNPACK.cpp:56] Could not initialize NNPACK! Reason: Unsupported hardware.
0: 384x640 (no detections), 99.9ms
Speed: 1.7ms preprocess, 99.9ms inference, 0.5ms postprocess per image at shape (1, 3, 384, 640)
INFO:     127.0.0.1:40324 - "POST /identify HTTP/1.1" 200 OK
Falling back to default species list

[W111 15:06:02.250642926 NNPACK.cpp:56] Could not initialize NNPACK! Reason: Unsupported hardware.
[W111 15:06:02.255303566 NNPACK.cpp:56] Could not initialize NNPACK! Reason: Unsupported hardware.
[W111 15:06:02.259100128 NNPACK.cpp:56] Could not initialize NNPACK! Reason: Unsupported hardware.
[W111 15:06:02.264692587 NNPACK.cpp:56] Could not initialize NNPACK! Reason: Unsupported hardware.
[W111 15:06:02.268055675 NNPACK.cpp:56] Could not initialize NNPACK! Reason: Unsupported hardware.
[W111 15:06:02.273106359 NNPACK.cpp:56] Could not initialize NNPACK! Reason: Unsupported hardware.
[W111 15:06:02.276230816 NNPACK.cpp:56] Could not initialize NNPACK! Reason: Unsupported hardware.
[W111 15:06:02.279048471 NNPACK.cpp:56] Could not initialize NNPACK! Reason: Unsupported hardware.
[W111 15:06:02.279789017 NNPACK.cpp:56] Could not initialize NNPACK! Reason: Unsupported hardware.
[W111 15:06:02.285125103 NNPACK.cpp:56] Could not initialize NNPACK! Reason: Unsupported hardware.
[W111 15:06:02.286956679 NNPACK.cpp:56] Could not initialize NNPACK! Reason: Unsupported hardware.
[W111 15:06:02.290599770 NNPACK.cpp:56] Could not initialize NNPACK! Reason: Unsupported hardware.
[W111 15:06:02.293675176 NNPACK.cpp:56] Could not initialize NNPACK! Reason: Unsupported hardware.
[W111 15:06:02.297974443 NNPACK.cpp:56] Could not initialize NNPACK! Reason: Unsupported hardware.
[W111 15:06:02.300255603 NNPACK.cpp:56] Could not initialize NNPACK! Reason: Unsupported hardware.
[W111 15:06:02.303428221 NNPACK.cpp:56] Could not initialize NNPACK! Reason: Unsupported hardware.
[W111 15:06:02.305469028 NNPACK.cpp:56] Could not initialize NNPACK! Reason: Unsupported hardware.
[W111 15:06:02.308443464 NNPACK.cpp:56] Could not initialize NNPACK! Reason: Unsupported hardware.
[W111 15:06:02.316740956 NNPACK.cpp:56] Could not initialize NNPACK! Reason: Unsupported hardware.
[W111 15:06:02.328121483 NNPACK.cpp:56] Could not initialize NNPACK! Reason: Unsupported hardware.
[W111 15:06:02.332323250 NNPACK.cpp:56] Could not initialize NNPACK! Reason: Unsupported hardware.
[W111 15:06:02.336716938 NNPACK.cpp:56] Could not initialize NNPACK! Reason: Unsupported hardware.
[W111 15:06:02.338157160 NNPACK.cpp:56] Could not initialize NNPACK! Reason: Unsupported hardware.
[W111 15:06:02.338562164 NNPACK.cpp:56] Could not initialize NNPACK! Reason: Unsupported hardware.
[W111 15:06:02.340031076 NNPACK.cpp:56] Could not initialize NNPACK! Reason: Unsupported hardware.
[W111 15:06:02.340558221 NNPACK.cpp:56] Could not initialize NNPACK! Reason: Unsupported hardware.
[W111 15:06:02.341741001 NNPACK.cpp:56] Could not initialize NNPACK! Reason: Unsupported hardware.
0: 384x640 (no detections), 97.1ms
Speed: 1.7ms preprocess, 97.1ms inference, 0.5ms postprocess per image at shape (1, 3, 384, 640)
INFO:     127.0.0.1:40324 - "POST /identify HTTP/1.1" 200 OK
Falling back to default species list

[W111 15:06:21.434362442 NNPACK.cpp:56] Could not initialize NNPACK! Reason: Unsupported hardware.
[W111 15:06:21.439054953 NNPACK.cpp:56] Could not initialize NNPACK! Reason: Unsupported hardware.
[W111 15:06:21.442718125 NNPACK.cpp:56] Could not initialize NNPACK! Reason: Unsupported hardware.
[W111 15:06:21.448286233 NNPACK.cpp:56] Could not initialize NNPACK! Reason: Unsupported hardware.
[W111 15:06:21.451649792 NNPACK.cpp:56] Could not initialize NNPACK! Reason: Unsupported hardware.
[W111 15:06:21.456589475 NNPACK.cpp:56] Could not initialize NNPACK! Reason: Unsupported hardware.
[W111 15:06:21.459609911 NNPACK.cpp:56] Could not initialize NNPACK! Reason: Unsupported hardware.
[W111 15:06:21.462354275 NNPACK.cpp:56] Could not initialize NNPACK! Reason: Unsupported hardware.
[W111 15:06:21.463155332 NNPACK.cpp:56] Could not initialize NNPACK! Reason: Unsupported hardware.
[W111 15:06:21.468969472 NNPACK.cpp:56] Could not initialize NNPACK! Reason: Unsupported hardware.
[W111 15:06:21.470823268 NNPACK.cpp:56] Could not initialize NNPACK! Reason: Unsupported hardware.
[W111 15:06:21.474387219 NNPACK.cpp:56] Could not initialize NNPACK! Reason: Unsupported hardware.
[W111 15:06:21.477778759 NNPACK.cpp:56] Could not initialize NNPACK! Reason: Unsupported hardware.
[W111 15:06:21.481940635 NNPACK.cpp:56] Could not initialize NNPACK! Reason: Unsupported hardware.
[W111 15:06:21.484146564 NNPACK.cpp:56] Could not initialize NNPACK! Reason: Unsupported hardware.
[W111 15:06:21.487082739 NNPACK.cpp:56] Could not initialize NNPACK! Reason: Unsupported hardware.
[W111 15:06:21.489057796 NNPACK.cpp:56] Could not initialize NNPACK! Reason: Unsupported hardware.
[W111 15:06:21.491863411 NNPACK.cpp:56] Could not initialize NNPACK! Reason: Unsupported hardware.
[W111 15:06:21.499974251 NNPACK.cpp:56] Could not initialize NNPACK! Reason: Unsupported hardware.
[W111 15:06:21.511073367 NNPACK.cpp:56] Could not initialize NNPACK! Reason: Unsupported hardware.
[W111 15:06:21.514909770 NNPACK.cpp:56] Could not initialize NNPACK! Reason: Unsupported hardware.
[W111 15:06:21.519137077 NNPACK.cpp:56] Could not initialize NNPACK! Reason: Unsupported hardware.
[W111 15:06:21.520486039 NNPACK.cpp:56] Could not initialize NNPACK! Reason: Unsupported hardware.
[W111 15:06:21.520879192 NNPACK.cpp:56] Could not initialize NNPACK! Reason: Unsupported hardware.
[W111 15:06:21.522300625 NNPACK.cpp:56] Could not initialize NNPACK! Reason: Unsupported hardware.
[W111 15:06:21.522815769 NNPACK.cpp:56] Could not initialize NNPACK! Reason: Unsupported hardware.
[W111 15:06:21.523936809 NNPACK.cpp:56] Could not initialize NNPACK! Reason: Unsupported hardware.
0: 384x640 (no detections), 95.4ms
Speed: 1.7ms preprocess, 95.4ms inference, 0.5ms postprocess per image at shape (1, 3, 384, 640)
INFO:     127.0.0.1:60826 - "POST /identify HTTP/1.1" 200 OK
Falling back to default species list

[W111 15:06:25.934189870 NNPACK.cpp:56] Could not initialize NNPACK! Reason: Unsupported hardware.
[W111 15:06:25.938918362 NNPACK.cpp:56] Could not initialize NNPACK! Reason: Unsupported hardware.
[W111 15:06:25.942696104 NNPACK.cpp:56] Could not initialize NNPACK! Reason: Unsupported hardware.
[W111 15:06:25.948491264 NNPACK.cpp:56] Could not initialize NNPACK! Reason: Unsupported hardware.
[W111 15:06:25.952166186 NNPACK.cpp:56] Could not initialize NNPACK! Reason: Unsupported hardware.
[W111 15:06:25.957487243 NNPACK.cpp:56] Could not initialize NNPACK! Reason: Unsupported hardware.
[W111 15:06:25.960750810 NNPACK.cpp:56] Could not initialize NNPACK! Reason: Unsupported hardware.
[W111 15:06:25.963573255 NNPACK.cpp:56] Could not initialize NNPACK! Reason: Unsupported hardware.
[W111 15:06:25.964341982 NNPACK.cpp:56] Could not initialize NNPACK! Reason: Unsupported hardware.
[W111 15:06:25.969655848 NNPACK.cpp:56] Could not initialize NNPACK! Reason: Unsupported hardware.
[W111 15:06:25.971550045 NNPACK.cpp:56] Could not initialize NNPACK! Reason: Unsupported hardware.
[W111 15:06:25.975228257 NNPACK.cpp:56] Could not initialize NNPACK! Reason: Unsupported hardware.
[W111 15:06:25.978296843 NNPACK.cpp:56] Could not initialize NNPACK! Reason: Unsupported hardware.
[W111 15:06:25.982424829 NNPACK.cpp:56] Could not initialize NNPACK! Reason: Unsupported hardware.
[W111 15:06:25.984949921 NNPACK.cpp:56] Could not initialize NNPACK! Reason: Unsupported hardware.
[W111 15:06:25.988233289 NNPACK.cpp:56] Could not initialize NNPACK! Reason: Unsupported hardware.
[W111 15:06:25.990408578 NNPACK.cpp:56] Could not initialize NNPACK! Reason: Unsupported hardware.
[W111 15:06:25.993473625 NNPACK.cpp:56] Could not initialize NNPACK! Reason: Unsupported hardware.
[W111 15:06:25.001852608 NNPACK.cpp:56] Could not initialize NNPACK! Reason: Unsupported hardware.
[W111 15:06:25.013388388 NNPACK.cpp:56] Could not initialize NNPACK! Reason: Unsupported hardware.
[W111 15:06:25.017536484 NNPACK.cpp:56] Could not initialize NNPACK! Reason: Unsupported hardware.
[W111 15:06:25.021946882 NNPACK.cpp:56] Could not initialize NNPACK! Reason: Unsupported hardware.
[W111 15:06:25.023401275 NNPACK.cpp:56] Could not initialize NNPACK! Reason: Unsupported hardware.
[W111 15:06:25.023828558 NNPACK.cpp:56] Could not initialize NNPACK! Reason: Unsupported hardware.
[W111 15:06:25.025278971 NNPACK.cpp:56] Could not initialize NNPACK! Reason: Unsupported hardware.
[W111 15:06:25.025817636 NNPACK.cpp:56] Could not initialize NNPACK! Reason: Unsupported hardware.
[W111 15:06:25.026978256 NNPACK.cpp:56] Could not initialize NNPACK! Reason: Unsupported hardware.
0: 384x640 (no detections), 98.7ms
Speed: 1.7ms preprocess, 98.7ms inference, 0.5ms postprocess per image at shape (1, 3, 384, 640)
INFO:     127.0.0.1:60826 - "POST /identify HTTP/1.1" 200 OK
Falling back to default species list

[W111 15:06:59.384420883 NNPACK.cpp:56] Could not initialize NNPACK! Reason: Unsupported hardware.
[W111 15:06:59.389285275 NNPACK.cpp:56] Could not initialize NNPACK! Reason: Unsupported hardware.
[W111 15:06:59.393475082 NNPACK.cpp:56] Could not initialize NNPACK! Reason: Unsupported hardware.
[W111 15:06:59.399282283 NNPACK.cpp:56] Could not initialize NNPACK! Reason: Unsupported hardware.
[W111 15:06:59.402729743 NNPACK.cpp:56] Could not initialize NNPACK! Reason: Unsupported hardware.
[W111 15:06:59.408257932 NNPACK.cpp:56] Could not initialize NNPACK! Reason: Unsupported hardware.
[W111 15:06:59.411414279 NNPACK.cpp:56] Could not initialize NNPACK! Reason: Unsupported hardware.
[W111 15:06:59.414270865 NNPACK.cpp:56] Could not initialize NNPACK! Reason: Unsupported hardware.
[W111 15:06:59.415048531 NNPACK.cpp:56] Could not initialize NNPACK! Reason: Unsupported hardware.
[W111 15:06:59.420311217 NNPACK.cpp:56] Could not initialize NNPACK! Reason: Unsupported hardware.
[W111 15:06:59.422331115 NNPACK.cpp:56] Could not initialize NNPACK! Reason: Unsupported hardware.
[W111 15:06:59.426083777 NNPACK.cpp:56] Could not initialize NNPACK! Reason: Unsupported hardware.
[W111 15:06:59.429252325 NNPACK.cpp:56] Could not initialize NNPACK! Reason: Unsupported hardware.
[W111 15:06:59.433261530 NNPACK.cpp:56] Could not initialize NNPACK! Reason: Unsupported hardware.
[W111 15:06:59.435415459 NNPACK.cpp:56] Could not initialize NNPACK! Reason: Unsupported hardware.
[W111 15:06:59.438356286 NNPACK.cpp:56] Could not initialize NNPACK! Reason: Unsupported hardware.
[W111 15:06:59.440314393 NNPACK.cpp:56] Could not initialize NNPACK! Reason: Unsupported hardware.
[W111 15:06:59.443147977 NNPACK.cpp:56] Could not initialize NNPACK! Reason: Unsupported hardware.
[W111 15:06:59.451309189 NNPACK.cpp:56] Could not initialize NNPACK! Reason: Unsupported hardware.
[W111 15:06:59.462440707 NNPACK.cpp:56] Could not initialize NNPACK! Reason: Unsupported hardware.
[W111 15:06:59.466505672 NNPACK.cpp:56] Could not initialize NNPACK! Reason: Unsupported hardware.
[W111 15:06:59.470723089 NNPACK.cpp:56] Could not initialize NNPACK! Reason: Unsupported hardware.
[W111 15:06:59.472102540 NNPACK.cpp:56] Could not initialize NNPACK! Reason: Unsupported hardware.
[W111 15:06:59.472476035 NNPACK.cpp:56] Could not initialize NNPACK! Reason: Unsupported hardware.
[W111 15:06:59.473868576 NNPACK.cpp:56] Could not initialize NNPACK! Reason: Unsupported hardware.
[W111 15:06:59.474389211 NNPACK.cpp:56] Could not initialize NNPACK! Reason: Unsupported hardware.
[W111 15:06:59.475733112 NNPACK.cpp:56] Could not initialize NNPACK! Reason: Unsupported hardware.
0: 384x640 (no detections), 97.6ms
Speed: 1.8ms preprocess, 97.6ms inference, 0.4ms postprocess per image at shape (1, 3, 384, 640)
INFO:     127.0.0.1:50516 - "POST /identify HTTP/1.1" 200 OK
Falling back to default species list

[W111 15:07:06.211691434 NNPACK.cpp:56] Could not initialize NNPACK! Reason: Unsupported hardware.
[W111 15:07:06.216583726 NNPACK.cpp:56] Could not initialize NNPACK! Reason: Unsupported hardware.
[W111 15:07:06.220605322 NNPACK.cpp:56] Could not initialize NNPACK! Reason: Unsupported hardware.
[W111 15:07:06.226224301 NNPACK.cpp:56] Could not initialize NNPACK! Reason: Unsupported hardware.
[W111 15:07:06.229713212 NNPACK.cpp:56] Could not initialize NNPACK! Reason: Unsupported hardware.
[W111 15:07:06.234992918 NNPACK.cpp:56] Could not initialize NNPACK! Reason: Unsupported hardware.
[W111 15:07:06.238168036 NNPACK.cpp:56] Could not initialize NNPACK! Reason: Unsupported hardware.
[W111 15:07:06.241282644 NNPACK.cpp:56] Could not initialize NNPACK! Reason: Unsupported hardware.
[W111 15:07:06.242049120 NNPACK.cpp:56] Could not initialize NNPACK! Reason: Unsupported hardware.
[W111 15:07:06.247270057 NNPACK.cpp:56] Could not initialize NNPACK! Reason: Unsupported hardware.
[W111 15:07:06.249094553 NNPACK.cpp:56] Could not initialize NNPACK! Reason: Unsupported hardware.
[W111 15:07:06.252806614 NNPACK.cpp:56] Could not initialize NNPACK! Reason: Unsupported hardware.
[W111 15:07:06.256165664 NNPACK.cpp:56] Could not initialize NNPACK! Reason: Unsupported hardware.
[W111 15:07:06.260501152 NNPACK.cpp:56] Could not initialize NNPACK! Reason: Unsupported hardware.
[W111 15:07:06.262875673 NNPACK.cpp:56] Could not initialize NNPACK! Reason: Unsupported hardware.
[W111 15:07:06.265989901 NNPACK.cpp:56] Could not initialize NNPACK! Reason: Unsupported hardware.
[W111 15:07:06.267966328 NNPACK.cpp:56] Could not initialize NNPACK! Reason: Unsupported hardware.
[W111 15:07:06.270915213 NNPACK.cpp:56] Could not initialize NNPACK! Reason: Unsupported hardware.
[W111 15:07:06.279472339 NNPACK.cpp:56] Could not initialize NNPACK! Reason: Unsupported hardware.
[W111 15:07:06.290894749 NNPACK.cpp:56] Could not initialize NNPACK! Reason: Unsupported hardware.
[W111 15:07:06.294942024 NNPACK.cpp:56] Could not initialize NNPACK! Reason: Unsupported hardware.
[W111 15:07:06.299375614 NNPACK.cpp:56] Could not initialize NNPACK! Reason: Unsupported hardware.
[W111 15:07:06.300796676 NNPACK.cpp:56] Could not initialize NNPACK! Reason: Unsupported hardware.
[W111 15:07:06.301238380 NNPACK.cpp:56] Could not initialize NNPACK! Reason: Unsupported hardware.
[W111 15:07:06.302717843 NNPACK.cpp:56] Could not initialize NNPACK! Reason: Unsupported hardware.
[W111 15:07:06.303260388 NNPACK.cpp:56] Could not initialize NNPACK! Reason: Unsupported hardware.
[W111 15:07:06.304369937 NNPACK.cpp:56] Could not initialize NNPACK! Reason: Unsupported hardware.
0: 384x640 (no detections), 99.1ms
Speed: 2.2ms preprocess, 99.1ms inference, 0.5ms postprocess per image at shape (1, 3, 384, 640)
INFO:     127.0.0.1:51094 - "POST /identify HTTP/1.1" 200 OK
Falling back to default species list

[W111 15:07:35.967616775 NNPACK.cpp:56] Could not initialize NNPACK! Reason: Unsupported hardware.
[W111 15:07:35.972197906 NNPACK.cpp:56] Could not initialize NNPACK! Reason: Unsupported hardware.
[W111 15:07:35.975806169 NNPACK.cpp:56] Could not initialize NNPACK! Reason: Unsupported hardware.
[W111 15:07:35.981375197 NNPACK.cpp:56] Could not initialize NNPACK! Reason: Unsupported hardware.
[W111 15:07:35.984645966 NNPACK.cpp:56] Could not initialize NNPACK! Reason: Unsupported hardware.
[W111 15:07:35.989577910 NNPACK.cpp:56] Could not initialize NNPACK! Reason: Unsupported hardware.
[W111 15:07:35.992543126 NNPACK.cpp:56] Could not initialize NNPACK! Reason: Unsupported hardware.
[W111 15:07:35.995189119 NNPACK.cpp:56] Could not initialize NNPACK! Reason: Unsupported hardware.
[W111 15:07:35.995889066 NNPACK.cpp:56] Could not initialize NNPACK! Reason: Unsupported hardware.
[W111 15:07:35.001076312 NNPACK.cpp:56] Could not initialize NNPACK! Reason: Unsupported hardware.
[W111 15:07:35.002819267 NNPACK.cpp:56] Could not initialize NNPACK! Reason: Unsupported hardware.
[W111 15:07:35.006432889 NNPACK.cpp:56] Could not initialize NNPACK! Reason: Unsupported hardware.
[W111 15:07:35.009321704 NNPACK.cpp:56] Could not initialize NNPACK! Reason: Unsupported hardware.
[W111 15:07:35.013369450 NNPACK.cpp:56] Could not initialize NNPACK! Reason: Unsupported hardware.
[W111 15:07:35.015506329 NNPACK.cpp:56] Could not initialize NNPACK! Reason: Unsupported hardware.
[W111 15:07:35.018435796 NNPACK.cpp:56] Could not initialize NNPACK! Reason: Unsupported hardware.
[W111 15:07:35.020349743 NNPACK.cpp:56] Could not initialize NNPACK! Reason: Unsupported hardware.
[W111 15:07:35.023250288 NNPACK.cpp:56] Could not initialize NNPACK! Reason: Unsupported hardware.
[W111 15:07:35.031422510 NNPACK.cpp:56] Could not initialize NNPACK! Reason: Unsupported hardware.
[W111 15:07:35.042690540 NNPACK.cpp:56] Could not initialize NNPACK! Reason: Unsupported hardware.
[W111 15:07:35.046634415 NNPACK.cpp:56] Could not initialize NNPACK! Reason: Unsupported hardware.
[W111 15:07:35.050907733 NNPACK.cpp:56] Could not initialize NNPACK! Reason: Unsupported hardware.
[W111 15:07:35.052322915 NNPACK.cpp:56] Could not initialize NNPACK! Reason: Unsupported hardware.
[W111 15:07:35.052720709 NNPACK.cpp:56] Could not initialize NNPACK! Reason: Unsupported hardware.
[W111 15:07:35.054191342 NNPACK.cpp:56] Could not initialize NNPACK! Reason: Unsupported hardware.
[W111 15:07:35.054708456 NNPACK.cpp:56] Could not initialize NNPACK! Reason: Unsupported hardware.
[W111 15:07:35.055820606 NNPACK.cpp:56] Could not initialize NNPACK! Reason: Unsupported hardware.
0: 384x640 (no detections), 94.0ms
Speed: 1.6ms preprocess, 94.0ms inference, 0.5ms postprocess per image at shape (1, 3, 384, 640)
INFO:     127.0.0.1:53452 - "POST /identify HTTP/1.1" 200 OK
Falling back to default species list

[W111 15:07:42.368720706 NNPACK.cpp:56] Could not initialize NNPACK! Reason: Unsupported hardware.
[W111 15:07:42.373313416 NNPACK.cpp:56] Could not initialize NNPACK! Reason: Unsupported hardware.
[W111 15:07:42.377087360 NNPACK.cpp:56] Could not initialize NNPACK! Reason: Unsupported hardware.
[W111 15:07:42.382603599 NNPACK.cpp:56] Could not initialize NNPACK! Reason: Unsupported hardware.
[W111 15:07:42.386541094 NNPACK.cpp:56] Could not initialize NNPACK! Reason: Unsupported hardware.
[W111 15:07:42.391544438 NNPACK.cpp:56] Could not initialize NNPACK! Reason: Unsupported hardware.
[W111 15:07:42.394596296 NNPACK.cpp:56] Could not initialize NNPACK! Reason: Unsupported hardware.
[W111 15:07:42.397306569 NNPACK.cpp:56] Could not initialize NNPACK! Reason: Unsupported hardware.
[W111 15:07:42.398040065 NNPACK.cpp:56] Could not initialize NNPACK! Reason: Unsupported hardware.
[W111 15:07:42.403297442 NNPACK.cpp:56] Could not initialize NNPACK! Reason: Unsupported hardware.
[W111 15:07:42.405081858 NNPACK.cpp:56] Could not initialize NNPACK! Reason: Unsupported hardware.
[W111 15:07:42.408609500 NNPACK.cpp:56] Could not initialize NNPACK! Reason: Unsupported hardware.
[W111 15:07:42.411537175 NNPACK.cpp:56] Could not initialize NNPACK! Reason: Unsupported hardware.
[W111 15:07:42.415621141 NNPACK.cpp:56] Could not initialize NNPACK! Reason: Unsupported hardware.
[W111 15:07:42.417848601 NNPACK.cpp:56] Could not initialize NNPACK! Reason: Unsupported hardware.
[W111 15:07:42.420820948 NNPACK.cpp:56] Could not initialize NNPACK! Reason: Unsupported hardware.
[W111 15:07:42.423264449 NNPACK.cpp:56] Could not initialize NNPACK! Reason: Unsupported hardware.
[W111 15:07:42.426127124 NNPACK.cpp:56] Could not initialize NNPACK! Reason: Unsupported hardware.
[W111 15:07:42.434348688 NNPACK.cpp:56] Could not initialize NNPACK! Reason: Unsupported hardware.
[W111 15:07:42.447492294 NNPACK.cpp:56] Could not initialize NNPACK! Reason: Unsupported hardware.
[W111 15:07:42.451605010 NNPACK.cpp:56] Could not initialize NNPACK! Reason: Unsupported hardware.
[W111 15:07:42.455846158 NNPACK.cpp:56] Could not initialize NNPACK! Reason: Unsupported hardware.
[W111 15:07:42.457237380 NNPACK.cpp:56] Could not initialize NNPACK! Reason: Unsupported hardware.
[W111 15:07:42.457614134 NNPACK.cpp:56] Could not initialize NNPACK! Reason: Unsupported hardware.
[W111 15:07:42.459081427 NNPACK.cpp:56] Could not initialize NNPACK! Reason: Unsupported hardware.
[W111 15:07:42.459581991 NNPACK.cpp:56] Could not initialize NNPACK! Reason: Unsupported hardware.
[W111 15:07:42.460611591 NNPACK.cpp:56] Could not initialize NNPACK! Reason: Unsupported hardware.
0: 384x640 (no detections), 97.8ms
Speed: 1.6ms preprocess, 97.8ms inference, 0.5ms postprocess per image at shape (1, 3, 384, 640)
INFO:     127.0.0.1:34394 - "POST /identify HTTP/1.1" 200 OK
Falling back to default species list

[W111 15:10:40.916443192 NNPACK.cpp:56] Could not initialize NNPACK! Reason: Unsupported hardware.
[W111 15:10:40.921454638 NNPACK.cpp:56] Could not initialize NNPACK! Reason: Unsupported hardware.
[W111 15:10:40.925605606 NNPACK.cpp:56] Could not initialize NNPACK! Reason: Unsupported hardware.
[W111 15:10:40.931281619 NNPACK.cpp:56] Could not initialize NNPACK! Reason: Unsupported hardware.
[W111 15:10:40.934833261 NNPACK.cpp:56] Could not initialize NNPACK! Reason: Unsupported hardware.
[W111 15:10:40.939776977 NNPACK.cpp:56] Could not initialize NNPACK! Reason: Unsupported hardware.
[W111 15:10:40.942823414 NNPACK.cpp:56] Could not initialize NNPACK! Reason: Unsupported hardware.
[W111 15:10:40.945514400 NNPACK.cpp:56] Could not initialize NNPACK! Reason: Unsupported hardware.
[W111 15:10:40.946319807 NNPACK.cpp:56] Could not initialize NNPACK! Reason: Unsupported hardware.
[W111 15:10:40.951538115 NNPACK.cpp:56] Could not initialize NNPACK! Reason: Unsupported hardware.
[W111 15:10:40.953569764 NNPACK.cpp:56] Could not initialize NNPACK! Reason: Unsupported hardware.
[W111 15:10:40.957194096 NNPACK.cpp:56] Could not initialize NNPACK! Reason: Unsupported hardware.
[W111 15:10:40.960594708 NNPACK.cpp:56] Could not initialize NNPACK! Reason: Unsupported hardware.
[W111 15:10:40.964750116 NNPACK.cpp:56] Could not initialize NNPACK! Reason: Unsupported hardware.
[W111 15:10:40.966956376 NNPACK.cpp:56] Could not initialize NNPACK! Reason: Unsupported hardware.
[W111 15:10:40.970135706 NNPACK.cpp:56] Could not initialize NNPACK! Reason: Unsupported hardware.
[W111 15:10:40.972138014 NNPACK.cpp:56] Could not initialize NNPACK! Reason: Unsupported hardware.
[W111 15:10:40.974951640 NNPACK.cpp:56] Could not initialize NNPACK! Reason: Unsupported hardware.
[W111 15:10:40.983532529 NNPACK.cpp:56] Could not initialize NNPACK! Reason: Unsupported hardware.
[W111 15:10:40.994889283 NNPACK.cpp:56] Could not initialize NNPACK! Reason: Unsupported hardware.
[W111 15:10:40.999110512 NNPACK.cpp:56] Could not initialize NNPACK! Reason: Unsupported hardware.
[W111 15:10:40.003506813 NNPACK.cpp:56] Could not initialize NNPACK! Reason: Unsupported hardware.
[W111 15:10:40.005073157 NNPACK.cpp:56] Could not initialize NNPACK! Reason: Unsupported hardware.
[W111 15:10:40.005509811 NNPACK.cpp:56] Could not initialize NNPACK! Reason: Unsupported hardware.
[W111 15:10:40.007041795 NNPACK.cpp:56] Could not initialize NNPACK! Reason: Unsupported hardware.
[W111 15:10:40.007566120 NNPACK.cpp:56] Could not initialize NNPACK! Reason: Unsupported hardware.
[W111 15:10:40.008725260 NNPACK.cpp:56] Could not initialize NNPACK! Reason: Unsupported hardware.
0: 384x640 1 person, 99.7ms
Speed: 1.8ms preprocess, 99.7ms inference, 1.3ms postprocess per image at shape (1, 3, 384, 640)
INFO:     127.0.0.1:48210 - "POST /identify HTTP/1.1" 200 OK
Falling back to default species list

[W111 15:10:49.751476457 NNPACK.cpp:56] Could not initialize NNPACK! Reason: Unsupported hardware.
[W111 15:10:49.757395231 NNPACK.cpp:56] Could not initialize NNPACK! Reason: Unsupported hardware.
[W111 15:10:49.761280107 NNPACK.cpp:56] Could not initialize NNPACK! Reason: Unsupported hardware.
[W111 15:10:49.766960939 NNPACK.cpp:56] Could not initialize NNPACK! Reason: Unsupported hardware.
[W111 15:10:49.770330371 NNPACK.cpp:56] Could not initialize NNPACK! Reason: Unsupported hardware.
[W111 15:10:49.775495159 NNPACK.cpp:56] Could not initialize NNPACK! Reason: Unsupported hardware.
[W111 15:10:49.778747248 NNPACK.cpp:56] Could not initialize NNPACK! Reason: Unsupported hardware.
[W111 15:10:49.781572385 NNPACK.cpp:56] Could not initialize NNPACK! Reason: Unsupported hardware.
[W111 15:10:49.782339311 NNPACK.cpp:56] Could not initialize NNPACK! Reason: Unsupported hardware.
[W111 15:10:49.787408747 NNPACK.cpp:56] Could not initialize NNPACK! Reason: Unsupported hardware.
[W111 15:10:49.789263455 NNPACK.cpp:56] Could not initialize NNPACK! Reason: Unsupported hardware.
[W111 15:10:49.792798807 NNPACK.cpp:56] Could not initialize NNPACK! Reason: Unsupported hardware.
[W111 15:10:49.795866376 NNPACK.cpp:56] Could not initialize NNPACK! Reason: Unsupported hardware.
[W111 15:10:49.800149165 NNPACK.cpp:56] Could not initialize NNPACK! Reason: Unsupported hardware.
[W111 15:10:49.802388796 NNPACK.cpp:56] Could not initialize NNPACK! Reason: Unsupported hardware.
[W111 15:10:49.805424283 NNPACK.cpp:56] Could not initialize NNPACK! Reason: Unsupported hardware.
[W111 15:10:49.807404421 NNPACK.cpp:56] Could not initialize NNPACK! Reason: Unsupported hardware.
[W111 15:10:49.810350769 NNPACK.cpp:56] Could not initialize NNPACK! Reason: Unsupported hardware.
[W111 15:10:49.818570005 NNPACK.cpp:56] Could not initialize NNPACK! Reason: Unsupported hardware.
[W111 15:10:49.829767768 NNPACK.cpp:56] Could not initialize NNPACK! Reason: Unsupported hardware.
[W111 15:10:49.833667304 NNPACK.cpp:56] Could not initialize NNPACK! Reason: Unsupported hardware.
[W111 15:10:49.837950774 NNPACK.cpp:56] Could not initialize NNPACK! Reason: Unsupported hardware.
[W111 15:10:49.839370406 NNPACK.cpp:56] Could not initialize NNPACK! Reason: Unsupported hardware.
[W111 15:10:49.839767390 NNPACK.cpp:56] Could not initialize NNPACK! Reason: Unsupported hardware.
[W111 15:10:49.841233413 NNPACK.cpp:56] Could not initialize NNPACK! Reason: Unsupported hardware.
[W111 15:10:49.841778009 NNPACK.cpp:56] Could not initialize NNPACK! Reason: Unsupported hardware.
[W111 15:10:49.842988749 NNPACK.cpp:56] Could not initialize NNPACK! Reason: Unsupported hardware.
0: 384x640 1 person, 97.7ms
Speed: 1.7ms preprocess, 97.7ms inference, 0.8ms postprocess per image at shape (1, 3, 384, 640)
INFO:     127.0.0.1:48218 - "POST /identify HTTP/1.1" 200 OK
Falling back to default species list

[W111 19:12:06.776750569 NNPACK.cpp:56] Could not initialize NNPACK! Reason: Unsupported hardware.
[W111 19:12:06.782635781 NNPACK.cpp:56] Could not initialize NNPACK! Reason: Unsupported hardware.
[W111 19:12:06.787476582 NNPACK.cpp:56] Could not initialize NNPACK! Reason: Unsupported hardware.
[W111 19:12:06.794449787 NNPACK.cpp:56] Could not initialize NNPACK! Reason: Unsupported hardware.
[W111 19:12:06.798634384 NNPACK.cpp:56] Could not initialize NNPACK! Reason: Unsupported hardware.
[W111 19:12:06.804737511 NNPACK.cpp:56] Could not initialize NNPACK! Reason: Unsupported hardware.
[W111 19:12:06.808547261 NNPACK.cpp:56] Could not initialize NNPACK! Reason: Unsupported hardware.
[W111 19:12:06.811900650 NNPACK.cpp:56] Could not initialize NNPACK! Reason: Unsupported hardware.
[W111 19:12:06.812794779 NNPACK.cpp:56] Could not initialize NNPACK! Reason: Unsupported hardware.
[W111 19:12:06.819021358 NNPACK.cpp:56] Could not initialize NNPACK! Reason: Unsupported hardware.
[W111 19:12:06.821540340 NNPACK.cpp:56] Could not initialize NNPACK! Reason: Unsupported hardware.
[W111 19:12:06.825941482 NNPACK.cpp:56] Could not initialize NNPACK! Reason: Unsupported hardware.
[W111 19:12:06.827660518 NNPACK.cpp:56] Could not initialize NNPACK! Reason: Unsupported hardware.
[W111 19:12:06.833439738 NNPACK.cpp:56] Could not initialize NNPACK! Reason: Unsupported hardware.
[W111 19:12:06.836742037 NNPACK.cpp:56] Could not initialize NNPACK! Reason: Unsupported hardware.
[W111 19:12:06.840367643 NNPACK.cpp:56] Could not initialize NNPACK! Reason: Unsupported hardware.
[W111 19:12:06.842738562 NNPACK.cpp:56] Could not initialize NNPACK! Reason: Unsupported hardware.
[W111 19:12:06.846296636 NNPACK.cpp:56] Could not initialize NNPACK! Reason: Unsupported hardware.
[W111 19:12:06.857253794 NNPACK.cpp:56] Could not initialize NNPACK! Reason: Unsupported hardware.
[W111 19:12:06.871065851 NNPACK.cpp:56] Could not initialize NNPACK! Reason: Unsupported hardware.
[W111 19:12:06.875831990 NNPACK.cpp:56] Could not initialize NNPACK! Reason: Unsupported hardware.
[W111 19:12:06.880964967 NNPACK.cpp:56] Could not initialize NNPACK! Reason: Unsupported hardware.
[W111 19:12:06.882656083 NNPACK.cpp:56] Could not initialize NNPACK! Reason: Unsupported hardware.
[W111 19:12:06.883152213 NNPACK.cpp:56] Could not initialize NNPACK! Reason: Unsupported hardware.
[W111 19:12:06.886360130 NNPACK.cpp:56] Could not initialize NNPACK! Reason: Unsupported hardware.
[W111 19:12:06.888151397 NNPACK.cpp:56] Could not initialize NNPACK! Reason: Unsupported hardware.
0: 448x640 1 person, 1 dog, 118.6ms
Speed: 1.9ms preprocess, 118.6ms inference, 0.8ms postprocess per image at shape (1, 3, 448, 640)
INFO:     127.0.0.1:37842 - "POST /identify HTTP/1.1" 200 OK
Falling back to default species list

[W111 19:18:09.433482453 NNPACK.cpp:56] Could not initialize NNPACK! Reason: Unsupported hardware.
[W111 19:18:09.438596319 NNPACK.cpp:56] Could not initialize NNPACK! Reason: Unsupported hardware.
[W111 19:18:09.442874388 NNPACK.cpp:56] Could not initialize NNPACK! Reason: Unsupported hardware.
[W111 19:18:09.449095404 NNPACK.cpp:56] Could not initialize NNPACK! Reason: Unsupported hardware.
[W111 19:18:09.452770223 NNPACK.cpp:56] Could not initialize NNPACK! Reason: Unsupported hardware.
[W111 19:18:09.458309676 NNPACK.cpp:56] Could not initialize NNPACK! Reason: Unsupported hardware.
[W111 19:18:09.461745180 NNPACK.cpp:56] Could not initialize NNPACK! Reason: Unsupported hardware.
[W111 19:18:09.464859178 NNPACK.cpp:56] Could not initialize NNPACK! Reason: Unsupported hardware.
[W111 19:18:09.465694104 NNPACK.cpp:56] Could not initialize NNPACK! Reason: Unsupported hardware.
[W111 19:18:09.471602633 NNPACK.cpp:56] Could not initialize NNPACK! Reason: Unsupported hardware.
[W111 19:18:09.473635631 NNPACK.cpp:56] Could not initialize NNPACK! Reason: Unsupported hardware.
[W111 19:18:09.477612235 NNPACK.cpp:56] Could not initialize NNPACK! Reason: Unsupported hardware.
[W111 19:18:09.479125133 NNPACK.cpp:56] Could not initialize NNPACK! Reason: Unsupported hardware.
[W111 19:18:09.483626977 NNPACK.cpp:56] Could not initialize NNPACK! Reason: Unsupported hardware.
[W111 19:18:09.486060553 NNPACK.cpp:56] Could not initialize NNPACK! Reason: Unsupported hardware.
[W111 19:18:09.489370154 NNPACK.cpp:56] Could not initialize NNPACK! Reason: Unsupported hardware.
[W111 19:18:09.491808580 NNPACK.cpp:56] Could not initialize NNPACK! Reason: Unsupported hardware.
[W111 19:18:09.495046890 NNPACK.cpp:56] Could not initialize NNPACK! Reason: Unsupported hardware.
[W111 19:18:09.504354374 NNPACK.cpp:56] Could not initialize NNPACK! Reason: Unsupported hardware.
[W111 19:18:09.517267684 NNPACK.cpp:56] Could not initialize NNPACK! Reason: Unsupported hardware.
[W111 19:18:09.521704166 NNPACK.cpp:56] Could not initialize NNPACK! Reason: Unsupported hardware.
[W111 19:18:09.526483746 NNPACK.cpp:56] Could not initialize NNPACK! Reason: Unsupported hardware.
[W111 19:18:09.527955783 NNPACK.cpp:56] Could not initialize NNPACK! Reason: Unsupported hardware.
[W111 19:18:09.528406681 NNPACK.cpp:56] Could not initialize NNPACK! Reason: Unsupported hardware.
[W111 19:18:09.530554081 NNPACK.cpp:56] Could not initialize NNPACK! Reason: Unsupported hardware.
[W111 19:18:09.531714122 NNPACK.cpp:56] Could not initialize NNPACK! Reason: Unsupported hardware.
0: 448x640 1 person, 1 dog, 104.9ms
Speed: 1.7ms preprocess, 104.9ms inference, 0.7ms postprocess per image at shape (1, 3, 448, 640)
INFO:     127.0.0.1:49396 - "POST /identify HTTP/1.1" 200 OK
INFO:     Shutting down
INFO:     Waiting for application shutdown.
INFO:     Application shutdown complete.
INFO:     Finished server process [296715]
